WARNING 2025-08-30 11:28:28,013 log 36709 6199046144 Not Found: /api/sellers/profiles/by-auth-user-uid/c97f2da1-810c-4f86-98b4-18b722d5eecb/
WARNING 2025-08-30 11:28:28,016 basehttp 36709 6199046144 "GET /api/sellers/profiles/by-auth-user-uid/c97f2da1-810c-4f86-98b4-18b722d5eecb/ HTTP/1.1" 404 8100
WARNING 2025-08-30 11:28:29,791 log 36709 6199046144 Not Found: /api/sellers/profiles/by-auth-user-uid/c97f2da1-810c-4f86-98b4-18b722d5eecb/
WARNING 2025-08-30 11:28:29,792 basehttp 36709 6199046144 "GET /api/sellers/profiles/by-auth-user-uid/c97f2da1-810c-4f86-98b4-18b722d5eecb/ HTTP/1.1" 404 8100
ERROR 2025-08-30 11:28:35,252 log 36709 6199046144 Internal Server Error: /api/seller/profiles/c97f2da1-810c-4f86-98b4-18b722d5eecb/
Traceback (most recent call last):
  File "/Library/Frameworks/Python.framework/Versions/3.10/lib/python3.10/site-packages/django/db/models/fields/__init__.py", line 2123, in get_prep_value
    return int(value)
  File "/Library/Frameworks/Python.framework/Versions/3.10/lib/python3.10/site-packages/django/contrib/auth/models.py", line 438, in __int__
    raise TypeError(
TypeError: Cannot cast AnonymousUser to int. Are you trying to use it in place of User?

The above exception was the direct cause of the following exception:

Traceback (most recent call last):
  File "/Library/Frameworks/Python.framework/Versions/3.10/lib/python3.10/site-packages/django/core/handlers/exception.py", line 55, in inner
    response = get_response(request)
  File "/Library/Frameworks/Python.framework/Versions/3.10/lib/python3.10/site-packages/django/core/handlers/base.py", line 197, in _get_response
    response = wrapped_callback(request, *callback_args, **callback_kwargs)
  File "/Library/Frameworks/Python.framework/Versions/3.10/lib/python3.10/site-packages/django/views/decorators/csrf.py", line 65, in _view_wrapper
    return view_func(request, *args, **kwargs)
  File "/Library/Frameworks/Python.framework/Versions/3.10/lib/python3.10/site-packages/rest_framework/viewsets.py", line 124, in view
    return self.dispatch(request, *args, **kwargs)
  File "/Library/Frameworks/Python.framework/Versions/3.10/lib/python3.10/site-packages/rest_framework/views.py", line 509, in dispatch
    response = self.handle_exception(exc)
  File "/Library/Frameworks/Python.framework/Versions/3.10/lib/python3.10/site-packages/rest_framework/views.py", line 469, in handle_exception
    self.raise_uncaught_exception(exc)
  File "/Library/Frameworks/Python.framework/Versions/3.10/lib/python3.10/site-packages/rest_framework/views.py", line 480, in raise_uncaught_exception
    raise exc
  File "/Library/Frameworks/Python.framework/Versions/3.10/lib/python3.10/site-packages/rest_framework/views.py", line 506, in dispatch
    response = handler(request, *args, **kwargs)
  File "/Library/Frameworks/Python.framework/Versions/3.10/lib/python3.10/site-packages/rest_framework/mixins.py", line 54, in retrieve
    instance = self.get_object()
  File "/Library/Frameworks/Python.framework/Versions/3.10/lib/python3.10/site-packages/rest_framework/generics.py", line 87, in get_object
    queryset = self.filter_queryset(self.get_queryset())
  File "/Users/thulanimoyo/MEGA downloads/new downloads/BIDR_Backend/authentication_service/seller/views.py", line 99, in get_queryset
    queryset = queryset.filter(
  File "/Library/Frameworks/Python.framework/Versions/3.10/lib/python3.10/site-packages/django/db/models/query.py", line 1476, in filter
    return self._filter_or_exclude(False, args, kwargs)
  File "/Library/Frameworks/Python.framework/Versions/3.10/lib/python3.10/site-packages/django/db/models/query.py", line 1494, in _filter_or_exclude
    clone._filter_or_exclude_inplace(negate, args, kwargs)
  File "/Library/Frameworks/Python.framework/Versions/3.10/lib/python3.10/site-packages/django/db/models/query.py", line 1501, in _filter_or_exclude_inplace
    self._query.add_q(Q(*args, **kwargs))
  File "/Library/Frameworks/Python.framework/Versions/3.10/lib/python3.10/site-packages/django/db/models/sql/query.py", line 1609, in add_q
    clause, _ = self._add_q(q_object, self.used_aliases)
  File "/Library/Frameworks/Python.framework/Versions/3.10/lib/python3.10/site-packages/django/db/models/sql/query.py", line 1641, in _add_q
    child_clause, needed_inner = self.build_filter(
  File "/Library/Frameworks/Python.framework/Versions/3.10/lib/python3.10/site-packages/django/db/models/sql/query.py", line 1468, in build_filter
    return self._add_q(
  File "/Library/Frameworks/Python.framework/Versions/3.10/lib/python3.10/site-packages/django/db/models/sql/query.py", line 1641, in _add_q
    child_clause, needed_inner = self.build_filter(
  File "/Library/Frameworks/Python.framework/Versions/3.10/lib/python3.10/site-packages/django/db/models/sql/query.py", line 1555, in build_filter
    condition = self.build_lookup(lookups, col, value)
  File "/Library/Frameworks/Python.framework/Versions/3.10/lib/python3.10/site-packages/django/db/models/sql/query.py", line 1385, in build_lookup
    lookup = lookup_class(lhs, rhs)
  File "/Library/Frameworks/Python.framework/Versions/3.10/lib/python3.10/site-packages/django/db/models/lookups.py", line 30, in __init__
    self.rhs = self.get_prep_lookup()
  File "/Library/Frameworks/Python.framework/Versions/3.10/lib/python3.10/site-packages/django/db/models/fields/related_lookups.py", line 156, in get_prep_lookup
    self.rhs = target_field.get_prep_value(self.rhs)
  File "/Library/Frameworks/Python.framework/Versions/3.10/lib/python3.10/site-packages/django/db/models/fields/__init__.py", line 2125, in get_prep_value
    raise e.__class__(
TypeError: Field 'id' expected a number but got <django.contrib.auth.models.AnonymousUser object at 0x1183975e0>.
ERROR 2025-08-30 11:28:35,255 basehttp 36709 6199046144 "GET /api/seller/profiles/c97f2da1-810c-4f86-98b4-18b722d5eecb/ HTTP/1.1" 500 179537
WARNING 2025-08-30 11:28:35,284 log 36709 6199046144 Not Found: /api/sellers/c97f2da1-810c-4f86-98b4-18b722d5eecb/
WARNING 2025-08-30 11:28:35,284 basehttp 36709 6199046144 "GET /api/sellers/c97f2da1-810c-4f86-98b4-18b722d5eecb/ HTTP/1.1" 404 8022
ERROR 2025-08-30 11:32:21,933 log 36709 6199046144 Internal Server Error: /api/seller/profiles/c97f2da1-810c-4f86-98b4-18b722d5eecb/
Traceback (most recent call last):
  File "/Library/Frameworks/Python.framework/Versions/3.10/lib/python3.10/site-packages/django/db/models/fields/__init__.py", line 2123, in get_prep_value
    return int(value)
  File "/Library/Frameworks/Python.framework/Versions/3.10/lib/python3.10/site-packages/django/contrib/auth/models.py", line 438, in __int__
    raise TypeError(
TypeError: Cannot cast AnonymousUser to int. Are you trying to use it in place of User?

The above exception was the direct cause of the following exception:

Traceback (most recent call last):
  File "/Library/Frameworks/Python.framework/Versions/3.10/lib/python3.10/site-packages/django/core/handlers/exception.py", line 55, in inner
    response = get_response(request)
  File "/Library/Frameworks/Python.framework/Versions/3.10/lib/python3.10/site-packages/django/core/handlers/base.py", line 197, in _get_response
    response = wrapped_callback(request, *callback_args, **callback_kwargs)
  File "/Library/Frameworks/Python.framework/Versions/3.10/lib/python3.10/site-packages/django/views/decorators/csrf.py", line 65, in _view_wrapper
    return view_func(request, *args, **kwargs)
  File "/Library/Frameworks/Python.framework/Versions/3.10/lib/python3.10/site-packages/rest_framework/viewsets.py", line 124, in view
    return self.dispatch(request, *args, **kwargs)
  File "/Library/Frameworks/Python.framework/Versions/3.10/lib/python3.10/site-packages/rest_framework/views.py", line 509, in dispatch
    response = self.handle_exception(exc)
  File "/Library/Frameworks/Python.framework/Versions/3.10/lib/python3.10/site-packages/rest_framework/views.py", line 469, in handle_exception
    self.raise_uncaught_exception(exc)
  File "/Library/Frameworks/Python.framework/Versions/3.10/lib/python3.10/site-packages/rest_framework/views.py", line 480, in raise_uncaught_exception
    raise exc
  File "/Library/Frameworks/Python.framework/Versions/3.10/lib/python3.10/site-packages/rest_framework/views.py", line 506, in dispatch
    response = handler(request, *args, **kwargs)
  File "/Library/Frameworks/Python.framework/Versions/3.10/lib/python3.10/site-packages/rest_framework/mixins.py", line 54, in retrieve
    instance = self.get_object()
  File "/Library/Frameworks/Python.framework/Versions/3.10/lib/python3.10/site-packages/rest_framework/generics.py", line 87, in get_object
    queryset = self.filter_queryset(self.get_queryset())
  File "/Users/thulanimoyo/MEGA downloads/new downloads/BIDR_Backend/authentication_service/seller/views.py", line 99, in get_queryset
    queryset = queryset.filter(
  File "/Library/Frameworks/Python.framework/Versions/3.10/lib/python3.10/site-packages/django/db/models/query.py", line 1476, in filter
    return self._filter_or_exclude(False, args, kwargs)
  File "/Library/Frameworks/Python.framework/Versions/3.10/lib/python3.10/site-packages/django/db/models/query.py", line 1494, in _filter_or_exclude
    clone._filter_or_exclude_inplace(negate, args, kwargs)
  File "/Library/Frameworks/Python.framework/Versions/3.10/lib/python3.10/site-packages/django/db/models/query.py", line 1501, in _filter_or_exclude_inplace
    self._query.add_q(Q(*args, **kwargs))
  File "/Library/Frameworks/Python.framework/Versions/3.10/lib/python3.10/site-packages/django/db/models/sql/query.py", line 1609, in add_q
    clause, _ = self._add_q(q_object, self.used_aliases)
  File "/Library/Frameworks/Python.framework/Versions/3.10/lib/python3.10/site-packages/django/db/models/sql/query.py", line 1641, in _add_q
    child_clause, needed_inner = self.build_filter(
  File "/Library/Frameworks/Python.framework/Versions/3.10/lib/python3.10/site-packages/django/db/models/sql/query.py", line 1468, in build_filter
    return self._add_q(
  File "/Library/Frameworks/Python.framework/Versions/3.10/lib/python3.10/site-packages/django/db/models/sql/query.py", line 1641, in _add_q
    child_clause, needed_inner = self.build_filter(
  File "/Library/Frameworks/Python.framework/Versions/3.10/lib/python3.10/site-packages/django/db/models/sql/query.py", line 1555, in build_filter
    condition = self.build_lookup(lookups, col, value)
  File "/Library/Frameworks/Python.framework/Versions/3.10/lib/python3.10/site-packages/django/db/models/sql/query.py", line 1385, in build_lookup
    lookup = lookup_class(lhs, rhs)
  File "/Library/Frameworks/Python.framework/Versions/3.10/lib/python3.10/site-packages/django/db/models/lookups.py", line 30, in __init__
    self.rhs = self.get_prep_lookup()
  File "/Library/Frameworks/Python.framework/Versions/3.10/lib/python3.10/site-packages/django/db/models/fields/related_lookups.py", line 156, in get_prep_lookup
    self.rhs = target_field.get_prep_value(self.rhs)
  File "/Library/Frameworks/Python.framework/Versions/3.10/lib/python3.10/site-packages/django/db/models/fields/__init__.py", line 2125, in get_prep_value
    raise e.__class__(
TypeError: Field 'id' expected a number but got <django.contrib.auth.models.AnonymousUser object at 0x1056be080>.
ERROR 2025-08-30 11:32:21,935 basehttp 36709 6199046144 "GET /api/seller/profiles/c97f2da1-810c-4f86-98b4-18b722d5eecb/ HTTP/1.1" 500 179537
WARNING 2025-08-30 11:32:21,976 log 36709 6199046144 Not Found: /api/sellers/c97f2da1-810c-4f86-98b4-18b722d5eecb/
WARNING 2025-08-30 11:32:21,976 basehttp 36709 6199046144 "GET /api/sellers/c97f2da1-810c-4f86-98b4-18b722d5eecb/ HTTP/1.1" 404 8022
INFO 2025-08-30 11:34:31,111 basehttp 36709 6199046144 "GET /api/seller/profiles/by-auth-user-uid/c97f2da1-810c-4f86-98b4-18b722d5eecb/ HTTP/1.1" 200 1197
ERROR 2025-08-30 11:39:01,807 log 36709 6199046144 Internal Server Error: /api/seller/profiles/c97f2da1-810c-4f86-98b4-18b722d5eecb/
Traceback (most recent call last):
  File "/Library/Frameworks/Python.framework/Versions/3.10/lib/python3.10/site-packages/django/db/models/fields/__init__.py", line 2123, in get_prep_value
    return int(value)
  File "/Library/Frameworks/Python.framework/Versions/3.10/lib/python3.10/site-packages/django/contrib/auth/models.py", line 438, in __int__
    raise TypeError(
TypeError: Cannot cast AnonymousUser to int. Are you trying to use it in place of User?

The above exception was the direct cause of the following exception:

Traceback (most recent call last):
  File "/Library/Frameworks/Python.framework/Versions/3.10/lib/python3.10/site-packages/django/core/handlers/exception.py", line 55, in inner
    response = get_response(request)
  File "/Library/Frameworks/Python.framework/Versions/3.10/lib/python3.10/site-packages/django/core/handlers/base.py", line 197, in _get_response
    response = wrapped_callback(request, *callback_args, **callback_kwargs)
  File "/Library/Frameworks/Python.framework/Versions/3.10/lib/python3.10/site-packages/django/views/decorators/csrf.py", line 65, in _view_wrapper
    return view_func(request, *args, **kwargs)
  File "/Library/Frameworks/Python.framework/Versions/3.10/lib/python3.10/site-packages/rest_framework/viewsets.py", line 124, in view
    return self.dispatch(request, *args, **kwargs)
  File "/Library/Frameworks/Python.framework/Versions/3.10/lib/python3.10/site-packages/rest_framework/views.py", line 509, in dispatch
    response = self.handle_exception(exc)
  File "/Library/Frameworks/Python.framework/Versions/3.10/lib/python3.10/site-packages/rest_framework/views.py", line 469, in handle_exception
    self.raise_uncaught_exception(exc)
  File "/Library/Frameworks/Python.framework/Versions/3.10/lib/python3.10/site-packages/rest_framework/views.py", line 480, in raise_uncaught_exception
    raise exc
  File "/Library/Frameworks/Python.framework/Versions/3.10/lib/python3.10/site-packages/rest_framework/views.py", line 506, in dispatch
    response = handler(request, *args, **kwargs)
  File "/Library/Frameworks/Python.framework/Versions/3.10/lib/python3.10/site-packages/rest_framework/mixins.py", line 54, in retrieve
    instance = self.get_object()
  File "/Library/Frameworks/Python.framework/Versions/3.10/lib/python3.10/site-packages/rest_framework/generics.py", line 87, in get_object
    queryset = self.filter_queryset(self.get_queryset())
  File "/Users/thulanimoyo/MEGA downloads/new downloads/BIDR_Backend/authentication_service/seller/views.py", line 99, in get_queryset
    queryset = queryset.filter(
  File "/Library/Frameworks/Python.framework/Versions/3.10/lib/python3.10/site-packages/django/db/models/query.py", line 1476, in filter
    return self._filter_or_exclude(False, args, kwargs)
  File "/Library/Frameworks/Python.framework/Versions/3.10/lib/python3.10/site-packages/django/db/models/query.py", line 1494, in _filter_or_exclude
    clone._filter_or_exclude_inplace(negate, args, kwargs)
  File "/Library/Frameworks/Python.framework/Versions/3.10/lib/python3.10/site-packages/django/db/models/query.py", line 1501, in _filter_or_exclude_inplace
    self._query.add_q(Q(*args, **kwargs))
  File "/Library/Frameworks/Python.framework/Versions/3.10/lib/python3.10/site-packages/django/db/models/sql/query.py", line 1609, in add_q
    clause, _ = self._add_q(q_object, self.used_aliases)
  File "/Library/Frameworks/Python.framework/Versions/3.10/lib/python3.10/site-packages/django/db/models/sql/query.py", line 1641, in _add_q
    child_clause, needed_inner = self.build_filter(
  File "/Library/Frameworks/Python.framework/Versions/3.10/lib/python3.10/site-packages/django/db/models/sql/query.py", line 1468, in build_filter
    return self._add_q(
  File "/Library/Frameworks/Python.framework/Versions/3.10/lib/python3.10/site-packages/django/db/models/sql/query.py", line 1641, in _add_q
    child_clause, needed_inner = self.build_filter(
  File "/Library/Frameworks/Python.framework/Versions/3.10/lib/python3.10/site-packages/django/db/models/sql/query.py", line 1555, in build_filter
    condition = self.build_lookup(lookups, col, value)
  File "/Library/Frameworks/Python.framework/Versions/3.10/lib/python3.10/site-packages/django/db/models/sql/query.py", line 1385, in build_lookup
    lookup = lookup_class(lhs, rhs)
  File "/Library/Frameworks/Python.framework/Versions/3.10/lib/python3.10/site-packages/django/db/models/lookups.py", line 30, in __init__
    self.rhs = self.get_prep_lookup()
  File "/Library/Frameworks/Python.framework/Versions/3.10/lib/python3.10/site-packages/django/db/models/fields/related_lookups.py", line 156, in get_prep_lookup
    self.rhs = target_field.get_prep_value(self.rhs)
  File "/Library/Frameworks/Python.framework/Versions/3.10/lib/python3.10/site-packages/django/db/models/fields/__init__.py", line 2125, in get_prep_value
    raise e.__class__(
TypeError: Field 'id' expected a number but got <django.contrib.auth.models.AnonymousUser object at 0x1183c8160>.
ERROR 2025-08-30 11:39:01,809 basehttp 36709 6199046144 "GET /api/seller/profiles/c97f2da1-810c-4f86-98b4-18b722d5eecb/ HTTP/1.1" 500 179537
WARNING 2025-08-30 11:39:01,814 log 36709 6199046144 Not Found: /api/sellers/c97f2da1-810c-4f86-98b4-18b722d5eecb/
WARNING 2025-08-30 11:39:01,814 basehttp 36709 6199046144 "GET /api/sellers/c97f2da1-810c-4f86-98b4-18b722d5eecb/ HTTP/1.1" 404 8022
ERROR 2025-08-30 11:39:01,885 log 36709 6199046144 Internal Server Error: /api/seller/profiles/c97f2da1-810c-4f86-98b4-18b722d5eecb/
Traceback (most recent call last):
  File "/Library/Frameworks/Python.framework/Versions/3.10/lib/python3.10/site-packages/django/db/models/fields/__init__.py", line 2123, in get_prep_value
    return int(value)
  File "/Library/Frameworks/Python.framework/Versions/3.10/lib/python3.10/site-packages/django/contrib/auth/models.py", line 438, in __int__
    raise TypeError(
TypeError: Cannot cast AnonymousUser to int. Are you trying to use it in place of User?

The above exception was the direct cause of the following exception:

Traceback (most recent call last):
  File "/Library/Frameworks/Python.framework/Versions/3.10/lib/python3.10/site-packages/django/core/handlers/exception.py", line 55, in inner
    response = get_response(request)
  File "/Library/Frameworks/Python.framework/Versions/3.10/lib/python3.10/site-packages/django/core/handlers/base.py", line 197, in _get_response
    response = wrapped_callback(request, *callback_args, **callback_kwargs)
  File "/Library/Frameworks/Python.framework/Versions/3.10/lib/python3.10/site-packages/django/views/decorators/csrf.py", line 65, in _view_wrapper
    return view_func(request, *args, **kwargs)
  File "/Library/Frameworks/Python.framework/Versions/3.10/lib/python3.10/site-packages/rest_framework/viewsets.py", line 124, in view
    return self.dispatch(request, *args, **kwargs)
  File "/Library/Frameworks/Python.framework/Versions/3.10/lib/python3.10/site-packages/rest_framework/views.py", line 509, in dispatch
    response = self.handle_exception(exc)
  File "/Library/Frameworks/Python.framework/Versions/3.10/lib/python3.10/site-packages/rest_framework/views.py", line 469, in handle_exception
    self.raise_uncaught_exception(exc)
  File "/Library/Frameworks/Python.framework/Versions/3.10/lib/python3.10/site-packages/rest_framework/views.py", line 480, in raise_uncaught_exception
    raise exc
  File "/Library/Frameworks/Python.framework/Versions/3.10/lib/python3.10/site-packages/rest_framework/views.py", line 506, in dispatch
    response = handler(request, *args, **kwargs)
  File "/Library/Frameworks/Python.framework/Versions/3.10/lib/python3.10/site-packages/rest_framework/mixins.py", line 54, in retrieve
    instance = self.get_object()
  File "/Library/Frameworks/Python.framework/Versions/3.10/lib/python3.10/site-packages/rest_framework/generics.py", line 87, in get_object
    queryset = self.filter_queryset(self.get_queryset())
  File "/Users/thulanimoyo/MEGA downloads/new downloads/BIDR_Backend/authentication_service/seller/views.py", line 99, in get_queryset
    queryset = queryset.filter(
  File "/Library/Frameworks/Python.framework/Versions/3.10/lib/python3.10/site-packages/django/db/models/query.py", line 1476, in filter
    return self._filter_or_exclude(False, args, kwargs)
  File "/Library/Frameworks/Python.framework/Versions/3.10/lib/python3.10/site-packages/django/db/models/query.py", line 1494, in _filter_or_exclude
    clone._filter_or_exclude_inplace(negate, args, kwargs)
  File "/Library/Frameworks/Python.framework/Versions/3.10/lib/python3.10/site-packages/django/db/models/query.py", line 1501, in _filter_or_exclude_inplace
    self._query.add_q(Q(*args, **kwargs))
  File "/Library/Frameworks/Python.framework/Versions/3.10/lib/python3.10/site-packages/django/db/models/sql/query.py", line 1609, in add_q
    clause, _ = self._add_q(q_object, self.used_aliases)
  File "/Library/Frameworks/Python.framework/Versions/3.10/lib/python3.10/site-packages/django/db/models/sql/query.py", line 1641, in _add_q
    child_clause, needed_inner = self.build_filter(
  File "/Library/Frameworks/Python.framework/Versions/3.10/lib/python3.10/site-packages/django/db/models/sql/query.py", line 1468, in build_filter
    return self._add_q(
  File "/Library/Frameworks/Python.framework/Versions/3.10/lib/python3.10/site-packages/django/db/models/sql/query.py", line 1641, in _add_q
    child_clause, needed_inner = self.build_filter(
  File "/Library/Frameworks/Python.framework/Versions/3.10/lib/python3.10/site-packages/django/db/models/sql/query.py", line 1555, in build_filter
    condition = self.build_lookup(lookups, col, value)
  File "/Library/Frameworks/Python.framework/Versions/3.10/lib/python3.10/site-packages/django/db/models/sql/query.py", line 1385, in build_lookup
    lookup = lookup_class(lhs, rhs)
  File "/Library/Frameworks/Python.framework/Versions/3.10/lib/python3.10/site-packages/django/db/models/lookups.py", line 30, in __init__
    self.rhs = self.get_prep_lookup()
  File "/Library/Frameworks/Python.framework/Versions/3.10/lib/python3.10/site-packages/django/db/models/fields/related_lookups.py", line 156, in get_prep_lookup
    self.rhs = target_field.get_prep_value(self.rhs)
  File "/Library/Frameworks/Python.framework/Versions/3.10/lib/python3.10/site-packages/django/db/models/fields/__init__.py", line 2125, in get_prep_value
    raise e.__class__(
TypeError: Field 'id' expected a number but got <django.contrib.auth.models.AnonymousUser object at 0x1183fea70>.
ERROR 2025-08-30 11:39:01,886 basehttp 36709 6199046144 "GET /api/seller/profiles/c97f2da1-810c-4f86-98b4-18b722d5eecb/ HTTP/1.1" 500 179537
WARNING 2025-08-30 11:39:01,896 log 36709 6199046144 Not Found: /api/sellers/c97f2da1-810c-4f86-98b4-18b722d5eecb/
WARNING 2025-08-30 11:39:01,896 basehttp 36709 6199046144 "GET /api/sellers/c97f2da1-810c-4f86-98b4-18b722d5eecb/ HTTP/1.1" 404 8022
ERROR 2025-08-30 11:40:05,414 log 36709 6199046144 Internal Server Error: /api/seller/profiles/c97f2da1-810c-4f86-98b4-18b722d5eecb/
Traceback (most recent call last):
  File "/Library/Frameworks/Python.framework/Versions/3.10/lib/python3.10/site-packages/django/db/models/fields/__init__.py", line 2123, in get_prep_value
    return int(value)
  File "/Library/Frameworks/Python.framework/Versions/3.10/lib/python3.10/site-packages/django/contrib/auth/models.py", line 438, in __int__
    raise TypeError(
TypeError: Cannot cast AnonymousUser to int. Are you trying to use it in place of User?

The above exception was the direct cause of the following exception:

Traceback (most recent call last):
  File "/Library/Frameworks/Python.framework/Versions/3.10/lib/python3.10/site-packages/django/core/handlers/exception.py", line 55, in inner
    response = get_response(request)
  File "/Library/Frameworks/Python.framework/Versions/3.10/lib/python3.10/site-packages/django/core/handlers/base.py", line 197, in _get_response
    response = wrapped_callback(request, *callback_args, **callback_kwargs)
  File "/Library/Frameworks/Python.framework/Versions/3.10/lib/python3.10/site-packages/django/views/decorators/csrf.py", line 65, in _view_wrapper
    return view_func(request, *args, **kwargs)
  File "/Library/Frameworks/Python.framework/Versions/3.10/lib/python3.10/site-packages/rest_framework/viewsets.py", line 124, in view
    return self.dispatch(request, *args, **kwargs)
  File "/Library/Frameworks/Python.framework/Versions/3.10/lib/python3.10/site-packages/rest_framework/views.py", line 509, in dispatch
    response = self.handle_exception(exc)
  File "/Library/Frameworks/Python.framework/Versions/3.10/lib/python3.10/site-packages/rest_framework/views.py", line 469, in handle_exception
    self.raise_uncaught_exception(exc)
  File "/Library/Frameworks/Python.framework/Versions/3.10/lib/python3.10/site-packages/rest_framework/views.py", line 480, in raise_uncaught_exception
    raise exc
  File "/Library/Frameworks/Python.framework/Versions/3.10/lib/python3.10/site-packages/rest_framework/views.py", line 506, in dispatch
    response = handler(request, *args, **kwargs)
  File "/Library/Frameworks/Python.framework/Versions/3.10/lib/python3.10/site-packages/rest_framework/mixins.py", line 54, in retrieve
    instance = self.get_object()
  File "/Library/Frameworks/Python.framework/Versions/3.10/lib/python3.10/site-packages/rest_framework/generics.py", line 87, in get_object
    queryset = self.filter_queryset(self.get_queryset())
  File "/Users/thulanimoyo/MEGA downloads/new downloads/BIDR_Backend/authentication_service/seller/views.py", line 99, in get_queryset
    queryset = queryset.filter(
  File "/Library/Frameworks/Python.framework/Versions/3.10/lib/python3.10/site-packages/django/db/models/query.py", line 1476, in filter
    return self._filter_or_exclude(False, args, kwargs)
  File "/Library/Frameworks/Python.framework/Versions/3.10/lib/python3.10/site-packages/django/db/models/query.py", line 1494, in _filter_or_exclude
    clone._filter_or_exclude_inplace(negate, args, kwargs)
  File "/Library/Frameworks/Python.framework/Versions/3.10/lib/python3.10/site-packages/django/db/models/query.py", line 1501, in _filter_or_exclude_inplace
    self._query.add_q(Q(*args, **kwargs))
  File "/Library/Frameworks/Python.framework/Versions/3.10/lib/python3.10/site-packages/django/db/models/sql/query.py", line 1609, in add_q
    clause, _ = self._add_q(q_object, self.used_aliases)
  File "/Library/Frameworks/Python.framework/Versions/3.10/lib/python3.10/site-packages/django/db/models/sql/query.py", line 1641, in _add_q
    child_clause, needed_inner = self.build_filter(
  File "/Library/Frameworks/Python.framework/Versions/3.10/lib/python3.10/site-packages/django/db/models/sql/query.py", line 1468, in build_filter
    return self._add_q(
  File "/Library/Frameworks/Python.framework/Versions/3.10/lib/python3.10/site-packages/django/db/models/sql/query.py", line 1641, in _add_q
    child_clause, needed_inner = self.build_filter(
  File "/Library/Frameworks/Python.framework/Versions/3.10/lib/python3.10/site-packages/django/db/models/sql/query.py", line 1555, in build_filter
    condition = self.build_lookup(lookups, col, value)
  File "/Library/Frameworks/Python.framework/Versions/3.10/lib/python3.10/site-packages/django/db/models/sql/query.py", line 1385, in build_lookup
    lookup = lookup_class(lhs, rhs)
  File "/Library/Frameworks/Python.framework/Versions/3.10/lib/python3.10/site-packages/django/db/models/lookups.py", line 30, in __init__
    self.rhs = self.get_prep_lookup()
  File "/Library/Frameworks/Python.framework/Versions/3.10/lib/python3.10/site-packages/django/db/models/fields/related_lookups.py", line 156, in get_prep_lookup
    self.rhs = target_field.get_prep_value(self.rhs)
  File "/Library/Frameworks/Python.framework/Versions/3.10/lib/python3.10/site-packages/django/db/models/fields/__init__.py", line 2125, in get_prep_value
    raise e.__class__(
TypeError: Field 'id' expected a number but got <django.contrib.auth.models.AnonymousUser object at 0x1186967a0>.
ERROR 2025-08-30 11:40:05,416 basehttp 36709 6199046144 "GET /api/seller/profiles/c97f2da1-810c-4f86-98b4-18b722d5eecb/ HTTP/1.1" 500 179537
WARNING 2025-08-30 11:40:05,426 log 36709 6199046144 Not Found: /api/sellers/c97f2da1-810c-4f86-98b4-18b722d5eecb/
WARNING 2025-08-30 11:40:05,426 basehttp 36709 6199046144 "GET /api/sellers/c97f2da1-810c-4f86-98b4-18b722d5eecb/ HTTP/1.1" 404 8022
ERROR 2025-08-30 11:40:54,475 log 36709 6199046144 Internal Server Error: /api/seller/profiles/c97f2da1-810c-4f86-98b4-18b722d5eecb/
Traceback (most recent call last):
  File "/Library/Frameworks/Python.framework/Versions/3.10/lib/python3.10/site-packages/django/db/models/fields/__init__.py", line 2123, in get_prep_value
    return int(value)
  File "/Library/Frameworks/Python.framework/Versions/3.10/lib/python3.10/site-packages/django/contrib/auth/models.py", line 438, in __int__
    raise TypeError(
TypeError: Cannot cast AnonymousUser to int. Are you trying to use it in place of User?

The above exception was the direct cause of the following exception:

Traceback (most recent call last):
  File "/Library/Frameworks/Python.framework/Versions/3.10/lib/python3.10/site-packages/django/core/handlers/exception.py", line 55, in inner
    response = get_response(request)
  File "/Library/Frameworks/Python.framework/Versions/3.10/lib/python3.10/site-packages/django/core/handlers/base.py", line 197, in _get_response
    response = wrapped_callback(request, *callback_args, **callback_kwargs)
  File "/Library/Frameworks/Python.framework/Versions/3.10/lib/python3.10/site-packages/django/views/decorators/csrf.py", line 65, in _view_wrapper
    return view_func(request, *args, **kwargs)
  File "/Library/Frameworks/Python.framework/Versions/3.10/lib/python3.10/site-packages/rest_framework/viewsets.py", line 124, in view
    return self.dispatch(request, *args, **kwargs)
  File "/Library/Frameworks/Python.framework/Versions/3.10/lib/python3.10/site-packages/rest_framework/views.py", line 509, in dispatch
    response = self.handle_exception(exc)
  File "/Library/Frameworks/Python.framework/Versions/3.10/lib/python3.10/site-packages/rest_framework/views.py", line 469, in handle_exception
    self.raise_uncaught_exception(exc)
  File "/Library/Frameworks/Python.framework/Versions/3.10/lib/python3.10/site-packages/rest_framework/views.py", line 480, in raise_uncaught_exception
    raise exc
  File "/Library/Frameworks/Python.framework/Versions/3.10/lib/python3.10/site-packages/rest_framework/views.py", line 506, in dispatch
    response = handler(request, *args, **kwargs)
  File "/Library/Frameworks/Python.framework/Versions/3.10/lib/python3.10/site-packages/rest_framework/mixins.py", line 54, in retrieve
    instance = self.get_object()
  File "/Library/Frameworks/Python.framework/Versions/3.10/lib/python3.10/site-packages/rest_framework/generics.py", line 87, in get_object
    queryset = self.filter_queryset(self.get_queryset())
  File "/Users/thulanimoyo/MEGA downloads/new downloads/BIDR_Backend/authentication_service/seller/views.py", line 99, in get_queryset
    queryset = queryset.filter(
  File "/Library/Frameworks/Python.framework/Versions/3.10/lib/python3.10/site-packages/django/db/models/query.py", line 1476, in filter
    return self._filter_or_exclude(False, args, kwargs)
  File "/Library/Frameworks/Python.framework/Versions/3.10/lib/python3.10/site-packages/django/db/models/query.py", line 1494, in _filter_or_exclude
    clone._filter_or_exclude_inplace(negate, args, kwargs)
  File "/Library/Frameworks/Python.framework/Versions/3.10/lib/python3.10/site-packages/django/db/models/query.py", line 1501, in _filter_or_exclude_inplace
    self._query.add_q(Q(*args, **kwargs))
  File "/Library/Frameworks/Python.framework/Versions/3.10/lib/python3.10/site-packages/django/db/models/sql/query.py", line 1609, in add_q
    clause, _ = self._add_q(q_object, self.used_aliases)
  File "/Library/Frameworks/Python.framework/Versions/3.10/lib/python3.10/site-packages/django/db/models/sql/query.py", line 1641, in _add_q
    child_clause, needed_inner = self.build_filter(
  File "/Library/Frameworks/Python.framework/Versions/3.10/lib/python3.10/site-packages/django/db/models/sql/query.py", line 1468, in build_filter
    return self._add_q(
  File "/Library/Frameworks/Python.framework/Versions/3.10/lib/python3.10/site-packages/django/db/models/sql/query.py", line 1641, in _add_q
    child_clause, needed_inner = self.build_filter(
  File "/Library/Frameworks/Python.framework/Versions/3.10/lib/python3.10/site-packages/django/db/models/sql/query.py", line 1555, in build_filter
    condition = self.build_lookup(lookups, col, value)
  File "/Library/Frameworks/Python.framework/Versions/3.10/lib/python3.10/site-packages/django/db/models/sql/query.py", line 1385, in build_lookup
    lookup = lookup_class(lhs, rhs)
  File "/Library/Frameworks/Python.framework/Versions/3.10/lib/python3.10/site-packages/django/db/models/lookups.py", line 30, in __init__
    self.rhs = self.get_prep_lookup()
  File "/Library/Frameworks/Python.framework/Versions/3.10/lib/python3.10/site-packages/django/db/models/fields/related_lookups.py", line 156, in get_prep_lookup
    self.rhs = target_field.get_prep_value(self.rhs)
  File "/Library/Frameworks/Python.framework/Versions/3.10/lib/python3.10/site-packages/django/db/models/fields/__init__.py", line 2125, in get_prep_value
    raise e.__class__(
TypeError: Field 'id' expected a number but got <django.contrib.auth.models.AnonymousUser object at 0x1183b5210>.
ERROR 2025-08-30 11:40:54,477 basehttp 36709 6199046144 "GET /api/seller/profiles/c97f2da1-810c-4f86-98b4-18b722d5eecb/ HTTP/1.1" 500 179537
WARNING 2025-08-30 11:40:54,488 log 36709 6199046144 Not Found: /api/sellers/c97f2da1-810c-4f86-98b4-18b722d5eecb/
WARNING 2025-08-30 11:40:54,488 basehttp 36709 6199046144 "GET /api/sellers/c97f2da1-810c-4f86-98b4-18b722d5eecb/ HTTP/1.1" 404 8022
ERROR 2025-08-30 11:40:54,537 log 36709 6199046144 Internal Server Error: /api/seller/profiles/c97f2da1-810c-4f86-98b4-18b722d5eecb/
Traceback (most recent call last):
  File "/Library/Frameworks/Python.framework/Versions/3.10/lib/python3.10/site-packages/django/db/models/fields/__init__.py", line 2123, in get_prep_value
    return int(value)
  File "/Library/Frameworks/Python.framework/Versions/3.10/lib/python3.10/site-packages/django/contrib/auth/models.py", line 438, in __int__
    raise TypeError(
TypeError: Cannot cast AnonymousUser to int. Are you trying to use it in place of User?

The above exception was the direct cause of the following exception:

Traceback (most recent call last):
  File "/Library/Frameworks/Python.framework/Versions/3.10/lib/python3.10/site-packages/django/core/handlers/exception.py", line 55, in inner
    response = get_response(request)
  File "/Library/Frameworks/Python.framework/Versions/3.10/lib/python3.10/site-packages/django/core/handlers/base.py", line 197, in _get_response
    response = wrapped_callback(request, *callback_args, **callback_kwargs)
  File "/Library/Frameworks/Python.framework/Versions/3.10/lib/python3.10/site-packages/django/views/decorators/csrf.py", line 65, in _view_wrapper
    return view_func(request, *args, **kwargs)
  File "/Library/Frameworks/Python.framework/Versions/3.10/lib/python3.10/site-packages/rest_framework/viewsets.py", line 124, in view
    return self.dispatch(request, *args, **kwargs)
  File "/Library/Frameworks/Python.framework/Versions/3.10/lib/python3.10/site-packages/rest_framework/views.py", line 509, in dispatch
    response = self.handle_exception(exc)
  File "/Library/Frameworks/Python.framework/Versions/3.10/lib/python3.10/site-packages/rest_framework/views.py", line 469, in handle_exception
    self.raise_uncaught_exception(exc)
  File "/Library/Frameworks/Python.framework/Versions/3.10/lib/python3.10/site-packages/rest_framework/views.py", line 480, in raise_uncaught_exception
    raise exc
  File "/Library/Frameworks/Python.framework/Versions/3.10/lib/python3.10/site-packages/rest_framework/views.py", line 506, in dispatch
    response = handler(request, *args, **kwargs)
  File "/Library/Frameworks/Python.framework/Versions/3.10/lib/python3.10/site-packages/rest_framework/mixins.py", line 54, in retrieve
    instance = self.get_object()
  File "/Library/Frameworks/Python.framework/Versions/3.10/lib/python3.10/site-packages/rest_framework/generics.py", line 87, in get_object
    queryset = self.filter_queryset(self.get_queryset())
  File "/Users/thulanimoyo/MEGA downloads/new downloads/BIDR_Backend/authentication_service/seller/views.py", line 99, in get_queryset
    queryset = queryset.filter(
  File "/Library/Frameworks/Python.framework/Versions/3.10/lib/python3.10/site-packages/django/db/models/query.py", line 1476, in filter
    return self._filter_or_exclude(False, args, kwargs)
  File "/Library/Frameworks/Python.framework/Versions/3.10/lib/python3.10/site-packages/django/db/models/query.py", line 1494, in _filter_or_exclude
    clone._filter_or_exclude_inplace(negate, args, kwargs)
  File "/Library/Frameworks/Python.framework/Versions/3.10/lib/python3.10/site-packages/django/db/models/query.py", line 1501, in _filter_or_exclude_inplace
    self._query.add_q(Q(*args, **kwargs))
  File "/Library/Frameworks/Python.framework/Versions/3.10/lib/python3.10/site-packages/django/db/models/sql/query.py", line 1609, in add_q
    clause, _ = self._add_q(q_object, self.used_aliases)
  File "/Library/Frameworks/Python.framework/Versions/3.10/lib/python3.10/site-packages/django/db/models/sql/query.py", line 1641, in _add_q
    child_clause, needed_inner = self.build_filter(
  File "/Library/Frameworks/Python.framework/Versions/3.10/lib/python3.10/site-packages/django/db/models/sql/query.py", line 1468, in build_filter
    return self._add_q(
  File "/Library/Frameworks/Python.framework/Versions/3.10/lib/python3.10/site-packages/django/db/models/sql/query.py", line 1641, in _add_q
    child_clause, needed_inner = self.build_filter(
  File "/Library/Frameworks/Python.framework/Versions/3.10/lib/python3.10/site-packages/django/db/models/sql/query.py", line 1555, in build_filter
    condition = self.build_lookup(lookups, col, value)
  File "/Library/Frameworks/Python.framework/Versions/3.10/lib/python3.10/site-packages/django/db/models/sql/query.py", line 1385, in build_lookup
    lookup = lookup_class(lhs, rhs)
  File "/Library/Frameworks/Python.framework/Versions/3.10/lib/python3.10/site-packages/django/db/models/lookups.py", line 30, in __init__
    self.rhs = self.get_prep_lookup()
  File "/Library/Frameworks/Python.framework/Versions/3.10/lib/python3.10/site-packages/django/db/models/fields/related_lookups.py", line 156, in get_prep_lookup
    self.rhs = target_field.get_prep_value(self.rhs)
  File "/Library/Frameworks/Python.framework/Versions/3.10/lib/python3.10/site-packages/django/db/models/fields/__init__.py", line 2125, in get_prep_value
    raise e.__class__(
TypeError: Field 'id' expected a number but got <django.contrib.auth.models.AnonymousUser object at 0x105661e10>.
ERROR 2025-08-30 11:40:54,538 basehttp 36709 6199046144 "GET /api/seller/profiles/c97f2da1-810c-4f86-98b4-18b722d5eecb/ HTTP/1.1" 500 179537
WARNING 2025-08-30 11:40:54,542 log 36709 6199046144 Not Found: /api/sellers/c97f2da1-810c-4f86-98b4-18b722d5eecb/
WARNING 2025-08-30 11:40:54,543 basehttp 36709 6199046144 "GET /api/sellers/c97f2da1-810c-4f86-98b4-18b722d5eecb/ HTTP/1.1" 404 8022
ERROR 2025-08-30 11:41:24,938 log 36709 6199046144 Internal Server Error: /api/seller/profiles/c97f2da1-810c-4f86-98b4-18b722d5eecb/
Traceback (most recent call last):
  File "/Library/Frameworks/Python.framework/Versions/3.10/lib/python3.10/site-packages/django/db/models/fields/__init__.py", line 2123, in get_prep_value
    return int(value)
  File "/Library/Frameworks/Python.framework/Versions/3.10/lib/python3.10/site-packages/django/contrib/auth/models.py", line 438, in __int__
    raise TypeError(
TypeError: Cannot cast AnonymousUser to int. Are you trying to use it in place of User?

The above exception was the direct cause of the following exception:

Traceback (most recent call last):
  File "/Library/Frameworks/Python.framework/Versions/3.10/lib/python3.10/site-packages/django/core/handlers/exception.py", line 55, in inner
    response = get_response(request)
  File "/Library/Frameworks/Python.framework/Versions/3.10/lib/python3.10/site-packages/django/core/handlers/base.py", line 197, in _get_response
    response = wrapped_callback(request, *callback_args, **callback_kwargs)
  File "/Library/Frameworks/Python.framework/Versions/3.10/lib/python3.10/site-packages/django/views/decorators/csrf.py", line 65, in _view_wrapper
    return view_func(request, *args, **kwargs)
  File "/Library/Frameworks/Python.framework/Versions/3.10/lib/python3.10/site-packages/rest_framework/viewsets.py", line 124, in view
    return self.dispatch(request, *args, **kwargs)
  File "/Library/Frameworks/Python.framework/Versions/3.10/lib/python3.10/site-packages/rest_framework/views.py", line 509, in dispatch
    response = self.handle_exception(exc)
  File "/Library/Frameworks/Python.framework/Versions/3.10/lib/python3.10/site-packages/rest_framework/views.py", line 469, in handle_exception
    self.raise_uncaught_exception(exc)
  File "/Library/Frameworks/Python.framework/Versions/3.10/lib/python3.10/site-packages/rest_framework/views.py", line 480, in raise_uncaught_exception
    raise exc
  File "/Library/Frameworks/Python.framework/Versions/3.10/lib/python3.10/site-packages/rest_framework/views.py", line 506, in dispatch
    response = handler(request, *args, **kwargs)
  File "/Library/Frameworks/Python.framework/Versions/3.10/lib/python3.10/site-packages/rest_framework/mixins.py", line 54, in retrieve
    instance = self.get_object()
  File "/Library/Frameworks/Python.framework/Versions/3.10/lib/python3.10/site-packages/rest_framework/generics.py", line 87, in get_object
    queryset = self.filter_queryset(self.get_queryset())
  File "/Users/thulanimoyo/MEGA downloads/new downloads/BIDR_Backend/authentication_service/seller/views.py", line 99, in get_queryset
    queryset = queryset.filter(
  File "/Library/Frameworks/Python.framework/Versions/3.10/lib/python3.10/site-packages/django/db/models/query.py", line 1476, in filter
    return self._filter_or_exclude(False, args, kwargs)
  File "/Library/Frameworks/Python.framework/Versions/3.10/lib/python3.10/site-packages/django/db/models/query.py", line 1494, in _filter_or_exclude
    clone._filter_or_exclude_inplace(negate, args, kwargs)
  File "/Library/Frameworks/Python.framework/Versions/3.10/lib/python3.10/site-packages/django/db/models/query.py", line 1501, in _filter_or_exclude_inplace
    self._query.add_q(Q(*args, **kwargs))
  File "/Library/Frameworks/Python.framework/Versions/3.10/lib/python3.10/site-packages/django/db/models/sql/query.py", line 1609, in add_q
    clause, _ = self._add_q(q_object, self.used_aliases)
  File "/Library/Frameworks/Python.framework/Versions/3.10/lib/python3.10/site-packages/django/db/models/sql/query.py", line 1641, in _add_q
    child_clause, needed_inner = self.build_filter(
  File "/Library/Frameworks/Python.framework/Versions/3.10/lib/python3.10/site-packages/django/db/models/sql/query.py", line 1468, in build_filter
    return self._add_q(
  File "/Library/Frameworks/Python.framework/Versions/3.10/lib/python3.10/site-packages/django/db/models/sql/query.py", line 1641, in _add_q
    child_clause, needed_inner = self.build_filter(
  File "/Library/Frameworks/Python.framework/Versions/3.10/lib/python3.10/site-packages/django/db/models/sql/query.py", line 1555, in build_filter
    condition = self.build_lookup(lookups, col, value)
  File "/Library/Frameworks/Python.framework/Versions/3.10/lib/python3.10/site-packages/django/db/models/sql/query.py", line 1385, in build_lookup
    lookup = lookup_class(lhs, rhs)
  File "/Library/Frameworks/Python.framework/Versions/3.10/lib/python3.10/site-packages/django/db/models/lookups.py", line 30, in __init__
    self.rhs = self.get_prep_lookup()
  File "/Library/Frameworks/Python.framework/Versions/3.10/lib/python3.10/site-packages/django/db/models/fields/related_lookups.py", line 156, in get_prep_lookup
    self.rhs = target_field.get_prep_value(self.rhs)
  File "/Library/Frameworks/Python.framework/Versions/3.10/lib/python3.10/site-packages/django/db/models/fields/__init__.py", line 2125, in get_prep_value
    raise e.__class__(
TypeError: Field 'id' expected a number but got <django.contrib.auth.models.AnonymousUser object at 0x1183fcf40>.
ERROR 2025-08-30 11:41:24,939 basehttp 36709 6199046144 "GET /api/seller/profiles/c97f2da1-810c-4f86-98b4-18b722d5eecb/ HTTP/1.1" 500 179537
WARNING 2025-08-30 11:41:24,962 log 36709 6199046144 Not Found: /api/sellers/c97f2da1-810c-4f86-98b4-18b722d5eecb/
WARNING 2025-08-30 11:41:24,963 basehttp 36709 6199046144 "GET /api/sellers/c97f2da1-810c-4f86-98b4-18b722d5eecb/ HTTP/1.1" 404 8022
ERROR 2025-08-30 11:41:25,001 log 36709 6199046144 Internal Server Error: /api/seller/profiles/c97f2da1-810c-4f86-98b4-18b722d5eecb/
Traceback (most recent call last):
  File "/Library/Frameworks/Python.framework/Versions/3.10/lib/python3.10/site-packages/django/db/models/fields/__init__.py", line 2123, in get_prep_value
    return int(value)
  File "/Library/Frameworks/Python.framework/Versions/3.10/lib/python3.10/site-packages/django/contrib/auth/models.py", line 438, in __int__
    raise TypeError(
TypeError: Cannot cast AnonymousUser to int. Are you trying to use it in place of User?

The above exception was the direct cause of the following exception:

Traceback (most recent call last):
  File "/Library/Frameworks/Python.framework/Versions/3.10/lib/python3.10/site-packages/django/core/handlers/exception.py", line 55, in inner
    response = get_response(request)
  File "/Library/Frameworks/Python.framework/Versions/3.10/lib/python3.10/site-packages/django/core/handlers/base.py", line 197, in _get_response
    response = wrapped_callback(request, *callback_args, **callback_kwargs)
  File "/Library/Frameworks/Python.framework/Versions/3.10/lib/python3.10/site-packages/django/views/decorators/csrf.py", line 65, in _view_wrapper
    return view_func(request, *args, **kwargs)
  File "/Library/Frameworks/Python.framework/Versions/3.10/lib/python3.10/site-packages/rest_framework/viewsets.py", line 124, in view
    return self.dispatch(request, *args, **kwargs)
  File "/Library/Frameworks/Python.framework/Versions/3.10/lib/python3.10/site-packages/rest_framework/views.py", line 509, in dispatch
    response = self.handle_exception(exc)
  File "/Library/Frameworks/Python.framework/Versions/3.10/lib/python3.10/site-packages/rest_framework/views.py", line 469, in handle_exception
    self.raise_uncaught_exception(exc)
  File "/Library/Frameworks/Python.framework/Versions/3.10/lib/python3.10/site-packages/rest_framework/views.py", line 480, in raise_uncaught_exception
    raise exc
  File "/Library/Frameworks/Python.framework/Versions/3.10/lib/python3.10/site-packages/rest_framework/views.py", line 506, in dispatch
    response = handler(request, *args, **kwargs)
  File "/Library/Frameworks/Python.framework/Versions/3.10/lib/python3.10/site-packages/rest_framework/mixins.py", line 54, in retrieve
    instance = self.get_object()
  File "/Library/Frameworks/Python.framework/Versions/3.10/lib/python3.10/site-packages/rest_framework/generics.py", line 87, in get_object
    queryset = self.filter_queryset(self.get_queryset())
  File "/Users/thulanimoyo/MEGA downloads/new downloads/BIDR_Backend/authentication_service/seller/views.py", line 99, in get_queryset
    queryset = queryset.filter(
  File "/Library/Frameworks/Python.framework/Versions/3.10/lib/python3.10/site-packages/django/db/models/query.py", line 1476, in filter
    return self._filter_or_exclude(False, args, kwargs)
  File "/Library/Frameworks/Python.framework/Versions/3.10/lib/python3.10/site-packages/django/db/models/query.py", line 1494, in _filter_or_exclude
    clone._filter_or_exclude_inplace(negate, args, kwargs)
  File "/Library/Frameworks/Python.framework/Versions/3.10/lib/python3.10/site-packages/django/db/models/query.py", line 1501, in _filter_or_exclude_inplace
    self._query.add_q(Q(*args, **kwargs))
  File "/Library/Frameworks/Python.framework/Versions/3.10/lib/python3.10/site-packages/django/db/models/sql/query.py", line 1609, in add_q
    clause, _ = self._add_q(q_object, self.used_aliases)
  File "/Library/Frameworks/Python.framework/Versions/3.10/lib/python3.10/site-packages/django/db/models/sql/query.py", line 1641, in _add_q
    child_clause, needed_inner = self.build_filter(
  File "/Library/Frameworks/Python.framework/Versions/3.10/lib/python3.10/site-packages/django/db/models/sql/query.py", line 1468, in build_filter
    return self._add_q(
  File "/Library/Frameworks/Python.framework/Versions/3.10/lib/python3.10/site-packages/django/db/models/sql/query.py", line 1641, in _add_q
    child_clause, needed_inner = self.build_filter(
  File "/Library/Frameworks/Python.framework/Versions/3.10/lib/python3.10/site-packages/django/db/models/sql/query.py", line 1555, in build_filter
    condition = self.build_lookup(lookups, col, value)
  File "/Library/Frameworks/Python.framework/Versions/3.10/lib/python3.10/site-packages/django/db/models/sql/query.py", line 1385, in build_lookup
    lookup = lookup_class(lhs, rhs)
  File "/Library/Frameworks/Python.framework/Versions/3.10/lib/python3.10/site-packages/django/db/models/lookups.py", line 30, in __init__
    self.rhs = self.get_prep_lookup()
  File "/Library/Frameworks/Python.framework/Versions/3.10/lib/python3.10/site-packages/django/db/models/fields/related_lookups.py", line 156, in get_prep_lookup
    self.rhs = target_field.get_prep_value(self.rhs)
  File "/Library/Frameworks/Python.framework/Versions/3.10/lib/python3.10/site-packages/django/db/models/fields/__init__.py", line 2125, in get_prep_value
    raise e.__class__(
TypeError: Field 'id' expected a number but got <django.contrib.auth.models.AnonymousUser object at 0x118453130>.
ERROR 2025-08-30 11:41:25,005 basehttp 36709 6199046144 "GET /api/seller/profiles/c97f2da1-810c-4f86-98b4-18b722d5eecb/ HTTP/1.1" 500 179537
WARNING 2025-08-30 11:41:25,024 log 36709 6199046144 Not Found: /api/sellers/c97f2da1-810c-4f86-98b4-18b722d5eecb/
WARNING 2025-08-30 11:41:25,025 basehttp 36709 6199046144 "GET /api/sellers/c97f2da1-810c-4f86-98b4-18b722d5eecb/ HTTP/1.1" 404 8022
WARNING 2025-08-30 11:41:25,196 log 36709 6199046144 Not Found: /api/sellers/profiles/by-auth-user-uid/c97f2da1-810c-4f86-98b4-18b722d5eecb/
WARNING 2025-08-30 11:41:25,197 basehttp 36709 6199046144 "GET /api/sellers/profiles/by-auth-user-uid/c97f2da1-810c-4f86-98b4-18b722d5eecb/ HTTP/1.1" 404 8100
ERROR 2025-08-30 11:42:18,513 log 36709 6199046144 Internal Server Error: /api/seller/profiles/c97f2da1-810c-4f86-98b4-18b722d5eecb/
Traceback (most recent call last):
  File "/Library/Frameworks/Python.framework/Versions/3.10/lib/python3.10/site-packages/django/db/models/fields/__init__.py", line 2123, in get_prep_value
    return int(value)
  File "/Library/Frameworks/Python.framework/Versions/3.10/lib/python3.10/site-packages/django/contrib/auth/models.py", line 438, in __int__
    raise TypeError(
TypeError: Cannot cast AnonymousUser to int. Are you trying to use it in place of User?

The above exception was the direct cause of the following exception:

Traceback (most recent call last):
  File "/Library/Frameworks/Python.framework/Versions/3.10/lib/python3.10/site-packages/django/core/handlers/exception.py", line 55, in inner
    response = get_response(request)
  File "/Library/Frameworks/Python.framework/Versions/3.10/lib/python3.10/site-packages/django/core/handlers/base.py", line 197, in _get_response
    response = wrapped_callback(request, *callback_args, **callback_kwargs)
  File "/Library/Frameworks/Python.framework/Versions/3.10/lib/python3.10/site-packages/django/views/decorators/csrf.py", line 65, in _view_wrapper
    return view_func(request, *args, **kwargs)
  File "/Library/Frameworks/Python.framework/Versions/3.10/lib/python3.10/site-packages/rest_framework/viewsets.py", line 124, in view
    return self.dispatch(request, *args, **kwargs)
  File "/Library/Frameworks/Python.framework/Versions/3.10/lib/python3.10/site-packages/rest_framework/views.py", line 509, in dispatch
    response = self.handle_exception(exc)
  File "/Library/Frameworks/Python.framework/Versions/3.10/lib/python3.10/site-packages/rest_framework/views.py", line 469, in handle_exception
    self.raise_uncaught_exception(exc)
  File "/Library/Frameworks/Python.framework/Versions/3.10/lib/python3.10/site-packages/rest_framework/views.py", line 480, in raise_uncaught_exception
    raise exc
  File "/Library/Frameworks/Python.framework/Versions/3.10/lib/python3.10/site-packages/rest_framework/views.py", line 506, in dispatch
    response = handler(request, *args, **kwargs)
  File "/Library/Frameworks/Python.framework/Versions/3.10/lib/python3.10/site-packages/rest_framework/mixins.py", line 54, in retrieve
    instance = self.get_object()
  File "/Library/Frameworks/Python.framework/Versions/3.10/lib/python3.10/site-packages/rest_framework/generics.py", line 87, in get_object
    queryset = self.filter_queryset(self.get_queryset())
  File "/Users/thulanimoyo/MEGA downloads/new downloads/BIDR_Backend/authentication_service/seller/views.py", line 99, in get_queryset
    queryset = queryset.filter(
  File "/Library/Frameworks/Python.framework/Versions/3.10/lib/python3.10/site-packages/django/db/models/query.py", line 1476, in filter
    return self._filter_or_exclude(False, args, kwargs)
  File "/Library/Frameworks/Python.framework/Versions/3.10/lib/python3.10/site-packages/django/db/models/query.py", line 1494, in _filter_or_exclude
    clone._filter_or_exclude_inplace(negate, args, kwargs)
  File "/Library/Frameworks/Python.framework/Versions/3.10/lib/python3.10/site-packages/django/db/models/query.py", line 1501, in _filter_or_exclude_inplace
    self._query.add_q(Q(*args, **kwargs))
  File "/Library/Frameworks/Python.framework/Versions/3.10/lib/python3.10/site-packages/django/db/models/sql/query.py", line 1609, in add_q
    clause, _ = self._add_q(q_object, self.used_aliases)
  File "/Library/Frameworks/Python.framework/Versions/3.10/lib/python3.10/site-packages/django/db/models/sql/query.py", line 1641, in _add_q
    child_clause, needed_inner = self.build_filter(
  File "/Library/Frameworks/Python.framework/Versions/3.10/lib/python3.10/site-packages/django/db/models/sql/query.py", line 1468, in build_filter
    return self._add_q(
  File "/Library/Frameworks/Python.framework/Versions/3.10/lib/python3.10/site-packages/django/db/models/sql/query.py", line 1641, in _add_q
    child_clause, needed_inner = self.build_filter(
  File "/Library/Frameworks/Python.framework/Versions/3.10/lib/python3.10/site-packages/django/db/models/sql/query.py", line 1555, in build_filter
    condition = self.build_lookup(lookups, col, value)
  File "/Library/Frameworks/Python.framework/Versions/3.10/lib/python3.10/site-packages/django/db/models/sql/query.py", line 1385, in build_lookup
    lookup = lookup_class(lhs, rhs)
  File "/Library/Frameworks/Python.framework/Versions/3.10/lib/python3.10/site-packages/django/db/models/lookups.py", line 30, in __init__
    self.rhs = self.get_prep_lookup()
  File "/Library/Frameworks/Python.framework/Versions/3.10/lib/python3.10/site-packages/django/db/models/fields/related_lookups.py", line 156, in get_prep_lookup
    self.rhs = target_field.get_prep_value(self.rhs)
  File "/Library/Frameworks/Python.framework/Versions/3.10/lib/python3.10/site-packages/django/db/models/fields/__init__.py", line 2125, in get_prep_value
    raise e.__class__(
TypeError: Field 'id' expected a number but got <django.contrib.auth.models.AnonymousUser object at 0x1056be050>.
ERROR 2025-08-30 11:42:18,514 basehttp 36709 6199046144 "GET /api/seller/profiles/c97f2da1-810c-4f86-98b4-18b722d5eecb/ HTTP/1.1" 500 179537
WARNING 2025-08-30 11:42:18,521 log 36709 6199046144 Not Found: /api/sellers/c97f2da1-810c-4f86-98b4-18b722d5eecb/
WARNING 2025-08-30 11:42:18,522 basehttp 36709 6199046144 "GET /api/sellers/c97f2da1-810c-4f86-98b4-18b722d5eecb/ HTTP/1.1" 404 8022
ERROR 2025-08-30 11:42:47,060 log 36709 6199046144 Internal Server Error: /api/seller/profiles/c97f2da1-810c-4f86-98b4-18b722d5eecb/
Traceback (most recent call last):
  File "/Library/Frameworks/Python.framework/Versions/3.10/lib/python3.10/site-packages/django/db/models/fields/__init__.py", line 2123, in get_prep_value
    return int(value)
  File "/Library/Frameworks/Python.framework/Versions/3.10/lib/python3.10/site-packages/django/contrib/auth/models.py", line 438, in __int__
    raise TypeError(
TypeError: Cannot cast AnonymousUser to int. Are you trying to use it in place of User?

The above exception was the direct cause of the following exception:

Traceback (most recent call last):
  File "/Library/Frameworks/Python.framework/Versions/3.10/lib/python3.10/site-packages/django/core/handlers/exception.py", line 55, in inner
    response = get_response(request)
  File "/Library/Frameworks/Python.framework/Versions/3.10/lib/python3.10/site-packages/django/core/handlers/base.py", line 197, in _get_response
    response = wrapped_callback(request, *callback_args, **callback_kwargs)
  File "/Library/Frameworks/Python.framework/Versions/3.10/lib/python3.10/site-packages/django/views/decorators/csrf.py", line 65, in _view_wrapper
    return view_func(request, *args, **kwargs)
  File "/Library/Frameworks/Python.framework/Versions/3.10/lib/python3.10/site-packages/rest_framework/viewsets.py", line 124, in view
    return self.dispatch(request, *args, **kwargs)
  File "/Library/Frameworks/Python.framework/Versions/3.10/lib/python3.10/site-packages/rest_framework/views.py", line 509, in dispatch
    response = self.handle_exception(exc)
  File "/Library/Frameworks/Python.framework/Versions/3.10/lib/python3.10/site-packages/rest_framework/views.py", line 469, in handle_exception
    self.raise_uncaught_exception(exc)
  File "/Library/Frameworks/Python.framework/Versions/3.10/lib/python3.10/site-packages/rest_framework/views.py", line 480, in raise_uncaught_exception
    raise exc
  File "/Library/Frameworks/Python.framework/Versions/3.10/lib/python3.10/site-packages/rest_framework/views.py", line 506, in dispatch
    response = handler(request, *args, **kwargs)
  File "/Library/Frameworks/Python.framework/Versions/3.10/lib/python3.10/site-packages/rest_framework/mixins.py", line 54, in retrieve
    instance = self.get_object()
  File "/Library/Frameworks/Python.framework/Versions/3.10/lib/python3.10/site-packages/rest_framework/generics.py", line 87, in get_object
    queryset = self.filter_queryset(self.get_queryset())
  File "/Users/thulanimoyo/MEGA downloads/new downloads/BIDR_Backend/authentication_service/seller/views.py", line 99, in get_queryset
    queryset = queryset.filter(
  File "/Library/Frameworks/Python.framework/Versions/3.10/lib/python3.10/site-packages/django/db/models/query.py", line 1476, in filter
    return self._filter_or_exclude(False, args, kwargs)
  File "/Library/Frameworks/Python.framework/Versions/3.10/lib/python3.10/site-packages/django/db/models/query.py", line 1494, in _filter_or_exclude
    clone._filter_or_exclude_inplace(negate, args, kwargs)
  File "/Library/Frameworks/Python.framework/Versions/3.10/lib/python3.10/site-packages/django/db/models/query.py", line 1501, in _filter_or_exclude_inplace
    self._query.add_q(Q(*args, **kwargs))
  File "/Library/Frameworks/Python.framework/Versions/3.10/lib/python3.10/site-packages/django/db/models/sql/query.py", line 1609, in add_q
    clause, _ = self._add_q(q_object, self.used_aliases)
  File "/Library/Frameworks/Python.framework/Versions/3.10/lib/python3.10/site-packages/django/db/models/sql/query.py", line 1641, in _add_q
    child_clause, needed_inner = self.build_filter(
  File "/Library/Frameworks/Python.framework/Versions/3.10/lib/python3.10/site-packages/django/db/models/sql/query.py", line 1468, in build_filter
    return self._add_q(
  File "/Library/Frameworks/Python.framework/Versions/3.10/lib/python3.10/site-packages/django/db/models/sql/query.py", line 1641, in _add_q
    child_clause, needed_inner = self.build_filter(
  File "/Library/Frameworks/Python.framework/Versions/3.10/lib/python3.10/site-packages/django/db/models/sql/query.py", line 1555, in build_filter
    condition = self.build_lookup(lookups, col, value)
  File "/Library/Frameworks/Python.framework/Versions/3.10/lib/python3.10/site-packages/django/db/models/sql/query.py", line 1385, in build_lookup
    lookup = lookup_class(lhs, rhs)
  File "/Library/Frameworks/Python.framework/Versions/3.10/lib/python3.10/site-packages/django/db/models/lookups.py", line 30, in __init__
    self.rhs = self.get_prep_lookup()
  File "/Library/Frameworks/Python.framework/Versions/3.10/lib/python3.10/site-packages/django/db/models/fields/related_lookups.py", line 156, in get_prep_lookup
    self.rhs = target_field.get_prep_value(self.rhs)
  File "/Library/Frameworks/Python.framework/Versions/3.10/lib/python3.10/site-packages/django/db/models/fields/__init__.py", line 2125, in get_prep_value
    raise e.__class__(
TypeError: Field 'id' expected a number but got <django.contrib.auth.models.AnonymousUser object at 0x1183fe3e0>.
ERROR 2025-08-30 11:42:47,063 basehttp 36709 6199046144 "GET /api/seller/profiles/c97f2da1-810c-4f86-98b4-18b722d5eecb/ HTTP/1.1" 500 179537
WARNING 2025-08-30 11:42:47,076 log 36709 6199046144 Not Found: /api/sellers/c97f2da1-810c-4f86-98b4-18b722d5eecb/
WARNING 2025-08-30 11:42:47,077 basehttp 36709 6199046144 "GET /api/sellers/c97f2da1-810c-4f86-98b4-18b722d5eecb/ HTTP/1.1" 404 8022
WARNING 2025-08-30 11:45:54,772 log 36709 6199046144 Not Found: /api/sellers/profiles/by-auth-user-uid/c97f2da1-810c-4f86-98b4-18b722d5eecb/
WARNING 2025-08-30 11:45:54,774 basehttp 36709 6199046144 "GET /api/sellers/profiles/by-auth-user-uid/c97f2da1-810c-4f86-98b4-18b722d5eecb/ HTTP/1.1" 404 8100
WARNING 2025-08-30 11:45:55,990 log 36709 6199046144 Not Found: /api/sellers/profiles/by-auth-user-uid/c97f2da1-810c-4f86-98b4-18b722d5eecb/
WARNING 2025-08-30 11:45:55,991 basehttp 36709 6199046144 "GET /api/sellers/profiles/by-auth-user-uid/c97f2da1-810c-4f86-98b4-18b722d5eecb/ HTTP/1.1" 404 8100
WARNING 2025-08-30 11:50:49,004 log 36709 6199046144 Not Found: /api/sellers/profiles/by-auth-user-uid/c97f2da1-810c-4f86-98b4-18b722d5eecb/
WARNING 2025-08-30 11:50:49,006 basehttp 36709 6199046144 "GET /api/sellers/profiles/by-auth-user-uid/c97f2da1-810c-4f86-98b4-18b722d5eecb/ HTTP/1.1" 404 8100
WARNING 2025-08-30 11:50:50,229 log 36709 6199046144 Not Found: /api/sellers/profiles/by-auth-user-uid/c97f2da1-810c-4f86-98b4-18b722d5eecb/
WARNING 2025-08-30 11:50:50,230 basehttp 36709 6199046144 "GET /api/sellers/profiles/by-auth-user-uid/c97f2da1-810c-4f86-98b4-18b722d5eecb/ HTTP/1.1" 404 8100
WARNING 2025-08-30 11:55:41,405 log 36709 6199046144 Not Found: /api/sellers/profiles/by-auth-user-uid/c97f2da1-810c-4f86-98b4-18b722d5eecb/
WARNING 2025-08-30 11:55:41,406 basehttp 36709 6199046144 "GET /api/sellers/profiles/by-auth-user-uid/c97f2da1-810c-4f86-98b4-18b722d5eecb/ HTTP/1.1" 404 8100
WARNING 2025-08-30 11:55:43,314 log 36709 6199046144 Not Found: /api/sellers/profiles/by-auth-user-uid/c97f2da1-810c-4f86-98b4-18b722d5eecb/
WARNING 2025-08-30 11:55:43,316 basehttp 36709 6199046144 "GET /api/sellers/profiles/by-auth-user-uid/c97f2da1-810c-4f86-98b4-18b722d5eecb/ HTTP/1.1" 404 8100
WARNING 2025-08-30 12:10:00,031 log 36709 6199046144 Not Found: /api/sellers/profiles/by-auth-user-uid/c97f2da1-810c-4f86-98b4-18b722d5eecb/
WARNING 2025-08-30 12:10:00,033 basehttp 36709 6199046144 "GET /api/sellers/profiles/by-auth-user-uid/c97f2da1-810c-4f86-98b4-18b722d5eecb/ HTTP/1.1" 404 8100
WARNING 2025-08-30 12:10:01,821 log 36709 6199046144 Not Found: /api/sellers/profiles/by-auth-user-uid/c97f2da1-810c-4f86-98b4-18b722d5eecb/
WARNING 2025-08-30 12:10:01,822 basehttp 36709 6199046144 "GET /api/sellers/profiles/by-auth-user-uid/c97f2da1-810c-4f86-98b4-18b722d5eecb/ HTTP/1.1" 404 8100
WARNING 2025-08-30 12:14:16,745 log 36709 6199046144 Not Found: /api/sellers/profiles/by-auth-user-uid/c97f2da1-810c-4f86-98b4-18b722d5eecb/
WARNING 2025-08-30 12:14:16,747 basehttp 36709 6199046144 "GET /api/sellers/profiles/by-auth-user-uid/c97f2da1-810c-4f86-98b4-18b722d5eecb/ HTTP/1.1" 404 8100
WARNING 2025-08-30 12:14:18,098 log 36709 6199046144 Not Found: /api/sellers/profiles/by-auth-user-uid/c97f2da1-810c-4f86-98b4-18b722d5eecb/
WARNING 2025-08-30 12:14:18,099 basehttp 36709 6199046144 "GET /api/sellers/profiles/by-auth-user-uid/c97f2da1-810c-4f86-98b4-18b722d5eecb/ HTTP/1.1" 404 8100
WARNING 2025-08-30 12:16:22,970 log 36709 6199046144 Not Found: /api/sellers/profiles/by-auth-user-uid/c97f2da1-810c-4f86-98b4-18b722d5eecb/
WARNING 2025-08-30 12:16:22,971 basehttp 36709 6199046144 "GET /api/sellers/profiles/by-auth-user-uid/c97f2da1-810c-4f86-98b4-18b722d5eecb/ HTTP/1.1" 404 8100
WARNING 2025-08-30 12:16:24,233 log 36709 6199046144 Not Found: /api/sellers/profiles/by-auth-user-uid/c97f2da1-810c-4f86-98b4-18b722d5eecb/
WARNING 2025-08-30 12:16:24,233 basehttp 36709 6199046144 "GET /api/sellers/profiles/by-auth-user-uid/c97f2da1-810c-4f86-98b4-18b722d5eecb/ HTTP/1.1" 404 8100
ERROR 2025-08-30 12:16:40,531 log 36709 6199046144 Internal Server Error: /api/seller/profiles/c97f2da1-810c-4f86-98b4-18b722d5eecb/
Traceback (most recent call last):
  File "/Library/Frameworks/Python.framework/Versions/3.10/lib/python3.10/site-packages/django/db/models/fields/__init__.py", line 2123, in get_prep_value
    return int(value)
  File "/Library/Frameworks/Python.framework/Versions/3.10/lib/python3.10/site-packages/django/contrib/auth/models.py", line 438, in __int__
    raise TypeError(
TypeError: Cannot cast AnonymousUser to int. Are you trying to use it in place of User?

The above exception was the direct cause of the following exception:

Traceback (most recent call last):
  File "/Library/Frameworks/Python.framework/Versions/3.10/lib/python3.10/site-packages/django/core/handlers/exception.py", line 55, in inner
    response = get_response(request)
  File "/Library/Frameworks/Python.framework/Versions/3.10/lib/python3.10/site-packages/django/core/handlers/base.py", line 197, in _get_response
    response = wrapped_callback(request, *callback_args, **callback_kwargs)
  File "/Library/Frameworks/Python.framework/Versions/3.10/lib/python3.10/site-packages/django/views/decorators/csrf.py", line 65, in _view_wrapper
    return view_func(request, *args, **kwargs)
  File "/Library/Frameworks/Python.framework/Versions/3.10/lib/python3.10/site-packages/rest_framework/viewsets.py", line 124, in view
    return self.dispatch(request, *args, **kwargs)
  File "/Library/Frameworks/Python.framework/Versions/3.10/lib/python3.10/site-packages/rest_framework/views.py", line 509, in dispatch
    response = self.handle_exception(exc)
  File "/Library/Frameworks/Python.framework/Versions/3.10/lib/python3.10/site-packages/rest_framework/views.py", line 469, in handle_exception
    self.raise_uncaught_exception(exc)
  File "/Library/Frameworks/Python.framework/Versions/3.10/lib/python3.10/site-packages/rest_framework/views.py", line 480, in raise_uncaught_exception
    raise exc
  File "/Library/Frameworks/Python.framework/Versions/3.10/lib/python3.10/site-packages/rest_framework/views.py", line 506, in dispatch
    response = handler(request, *args, **kwargs)
  File "/Library/Frameworks/Python.framework/Versions/3.10/lib/python3.10/site-packages/rest_framework/mixins.py", line 54, in retrieve
    instance = self.get_object()
  File "/Library/Frameworks/Python.framework/Versions/3.10/lib/python3.10/site-packages/rest_framework/generics.py", line 87, in get_object
    queryset = self.filter_queryset(self.get_queryset())
  File "/Users/thulanimoyo/MEGA downloads/new downloads/BIDR_Backend/authentication_service/seller/views.py", line 99, in get_queryset
    queryset = queryset.filter(
  File "/Library/Frameworks/Python.framework/Versions/3.10/lib/python3.10/site-packages/django/db/models/query.py", line 1476, in filter
    return self._filter_or_exclude(False, args, kwargs)
  File "/Library/Frameworks/Python.framework/Versions/3.10/lib/python3.10/site-packages/django/db/models/query.py", line 1494, in _filter_or_exclude
    clone._filter_or_exclude_inplace(negate, args, kwargs)
  File "/Library/Frameworks/Python.framework/Versions/3.10/lib/python3.10/site-packages/django/db/models/query.py", line 1501, in _filter_or_exclude_inplace
    self._query.add_q(Q(*args, **kwargs))
  File "/Library/Frameworks/Python.framework/Versions/3.10/lib/python3.10/site-packages/django/db/models/sql/query.py", line 1609, in add_q
    clause, _ = self._add_q(q_object, self.used_aliases)
  File "/Library/Frameworks/Python.framework/Versions/3.10/lib/python3.10/site-packages/django/db/models/sql/query.py", line 1641, in _add_q
    child_clause, needed_inner = self.build_filter(
  File "/Library/Frameworks/Python.framework/Versions/3.10/lib/python3.10/site-packages/django/db/models/sql/query.py", line 1468, in build_filter
    return self._add_q(
  File "/Library/Frameworks/Python.framework/Versions/3.10/lib/python3.10/site-packages/django/db/models/sql/query.py", line 1641, in _add_q
    child_clause, needed_inner = self.build_filter(
  File "/Library/Frameworks/Python.framework/Versions/3.10/lib/python3.10/site-packages/django/db/models/sql/query.py", line 1555, in build_filter
    condition = self.build_lookup(lookups, col, value)
  File "/Library/Frameworks/Python.framework/Versions/3.10/lib/python3.10/site-packages/django/db/models/sql/query.py", line 1385, in build_lookup
    lookup = lookup_class(lhs, rhs)
  File "/Library/Frameworks/Python.framework/Versions/3.10/lib/python3.10/site-packages/django/db/models/lookups.py", line 30, in __init__
    self.rhs = self.get_prep_lookup()
  File "/Library/Frameworks/Python.framework/Versions/3.10/lib/python3.10/site-packages/django/db/models/fields/related_lookups.py", line 156, in get_prep_lookup
    self.rhs = target_field.get_prep_value(self.rhs)
  File "/Library/Frameworks/Python.framework/Versions/3.10/lib/python3.10/site-packages/django/db/models/fields/__init__.py", line 2125, in get_prep_value
    raise e.__class__(
TypeError: Field 'id' expected a number but got <django.contrib.auth.models.AnonymousUser object at 0x105662020>.
ERROR 2025-08-30 12:16:40,533 basehttp 36709 6199046144 "GET /api/seller/profiles/c97f2da1-810c-4f86-98b4-18b722d5eecb/ HTTP/1.1" 500 179537
WARNING 2025-08-30 12:16:40,552 log 36709 6199046144 Not Found: /api/sellers/c97f2da1-810c-4f86-98b4-18b722d5eecb/
WARNING 2025-08-30 12:16:40,552 basehttp 36709 6199046144 "GET /api/sellers/c97f2da1-810c-4f86-98b4-18b722d5eecb/ HTTP/1.1" 404 8022
WARNING 2025-08-30 12:16:40,748 log 36709 6199046144 Not Found: /api/sellers/profiles/by-auth-user-uid/c97f2da1-810c-4f86-98b4-18b722d5eecb/
WARNING 2025-08-30 12:16:40,748 basehttp 36709 6199046144 "GET /api/sellers/profiles/by-auth-user-uid/c97f2da1-810c-4f86-98b4-18b722d5eecb/ HTTP/1.1" 404 8100
WARNING 2025-08-30 12:32:43,276 log 36709 6199046144 Not Found: /api/sellers/profiles/by-auth-user-uid/c97f2da1-810c-4f86-98b4-18b722d5eecb/
WARNING 2025-08-30 12:32:43,277 basehttp 36709 6199046144 "GET /api/sellers/profiles/by-auth-user-uid/c97f2da1-810c-4f86-98b4-18b722d5eecb/ HTTP/1.1" 404 8100
WARNING 2025-08-30 12:32:44,444 log 36709 6199046144 Not Found: /api/sellers/profiles/by-auth-user-uid/c97f2da1-810c-4f86-98b4-18b722d5eecb/
WARNING 2025-08-30 12:32:44,445 basehttp 36709 6199046144 "GET /api/sellers/profiles/by-auth-user-uid/c97f2da1-810c-4f86-98b4-18b722d5eecb/ HTTP/1.1" 404 8100
WARNING 2025-08-30 12:37:53,806 log 36709 6199046144 Not Found: /api/sellers/profiles/by-auth-user-uid/c97f2da1-810c-4f86-98b4-18b722d5eecb/
WARNING 2025-08-30 12:37:53,808 basehttp 36709 6199046144 "GET /api/sellers/profiles/by-auth-user-uid/c97f2da1-810c-4f86-98b4-18b722d5eecb/ HTTP/1.1" 404 8100
WARNING 2025-08-30 12:37:54,601 log 36709 6199046144 Not Found: /api/sellers/profiles/by-auth-user-uid/c97f2da1-810c-4f86-98b4-18b722d5eecb/
WARNING 2025-08-30 12:37:54,601 basehttp 36709 6199046144 "GET /api/sellers/profiles/by-auth-user-uid/c97f2da1-810c-4f86-98b4-18b722d5eecb/ HTTP/1.1" 404 8100
INFO 2025-08-30 12:50:43,319 autoreload 3178 8333493696 Watching for file changes with StatReloader
INFO 2025-08-30 12:51:51,792 autoreload 3375 8333493696 Watching for file changes with StatReloader
INFO 2025-08-30 12:58:15,419 basehttp 3375 13170143232 "OPTIONS /login/ HTTP/1.1" 200 0
INFO 2025-08-30 12:58:15,630 basehttp 3375 13170143232 "POST /login/ HTTP/1.1" 200 991
INFO 2025-08-30 13:12:53,956 basehttp 3375 13304360960 "POST /login/ HTTP/1.1" 200 995
WARNING 2025-08-30 13:13:14,735 log 3375 13304360960 Not Found: /api/sellers/profiles/by-auth-user-uid/c97f2da1-810c-4f86-98b4-18b722d5eecb/
WARNING 2025-08-30 13:13:14,736 basehttp 3375 13304360960 "GET /api/sellers/profiles/by-auth-user-uid/c97f2da1-810c-4f86-98b4-18b722d5eecb/ HTTP/1.1" 404 8100
ERROR 2025-08-30 13:14:34,023 log 3375 13304360960 Internal Server Error: /api/seller/profiles/c97f2da1-810c-4f86-98b4-18b722d5eecb/
Traceback (most recent call last):
  File "/Users/thulanimoyo/MEGA downloads/new downloads/BIDR_Backend/authentication_service/venv/lib/python3.10/site-packages/django/db/models/fields/__init__.py", line 2128, in get_prep_value
    return int(value)
  File "/Users/thulanimoyo/MEGA downloads/new downloads/BIDR_Backend/authentication_service/venv/lib/python3.10/site-packages/django/contrib/auth/models.py", line 549, in __int__
    raise TypeError(
TypeError: Cannot cast AnonymousUser to int. Are you trying to use it in place of User?

The above exception was the direct cause of the following exception:

Traceback (most recent call last):
  File "/Users/thulanimoyo/MEGA downloads/new downloads/BIDR_Backend/authentication_service/venv/lib/python3.10/site-packages/django/core/handlers/exception.py", line 55, in inner
    response = get_response(request)
  File "/Users/thulanimoyo/MEGA downloads/new downloads/BIDR_Backend/authentication_service/venv/lib/python3.10/site-packages/django/core/handlers/base.py", line 197, in _get_response
    response = wrapped_callback(request, *callback_args, **callback_kwargs)
  File "/Users/thulanimoyo/MEGA downloads/new downloads/BIDR_Backend/authentication_service/venv/lib/python3.10/site-packages/django/views/decorators/csrf.py", line 65, in _view_wrapper
    return view_func(request, *args, **kwargs)
  File "/Users/thulanimoyo/MEGA downloads/new downloads/BIDR_Backend/authentication_service/venv/lib/python3.10/site-packages/rest_framework/viewsets.py", line 125, in view
    return self.dispatch(request, *args, **kwargs)
  File "/Users/thulanimoyo/MEGA downloads/new downloads/BIDR_Backend/authentication_service/venv/lib/python3.10/site-packages/rest_framework/views.py", line 515, in dispatch
    response = self.handle_exception(exc)
  File "/Users/thulanimoyo/MEGA downloads/new downloads/BIDR_Backend/authentication_service/venv/lib/python3.10/site-packages/rest_framework/views.py", line 475, in handle_exception
    self.raise_uncaught_exception(exc)
  File "/Users/thulanimoyo/MEGA downloads/new downloads/BIDR_Backend/authentication_service/venv/lib/python3.10/site-packages/rest_framework/views.py", line 486, in raise_uncaught_exception
    raise exc
  File "/Users/thulanimoyo/MEGA downloads/new downloads/BIDR_Backend/authentication_service/venv/lib/python3.10/site-packages/rest_framework/views.py", line 512, in dispatch
    response = handler(request, *args, **kwargs)
  File "/Users/thulanimoyo/MEGA downloads/new downloads/BIDR_Backend/authentication_service/venv/lib/python3.10/site-packages/rest_framework/mixins.py", line 54, in retrieve
    instance = self.get_object()
  File "/Users/thulanimoyo/MEGA downloads/new downloads/BIDR_Backend/authentication_service/venv/lib/python3.10/site-packages/rest_framework/generics.py", line 87, in get_object
    queryset = self.filter_queryset(self.get_queryset())
  File "/Users/thulanimoyo/MEGA downloads/new downloads/BIDR_Backend/authentication_service/seller/views.py", line 99, in get_queryset
    queryset = queryset.filter(
  File "/Users/thulanimoyo/MEGA downloads/new downloads/BIDR_Backend/authentication_service/venv/lib/python3.10/site-packages/django/db/models/query.py", line 1493, in filter
    return self._filter_or_exclude(False, args, kwargs)
  File "/Users/thulanimoyo/MEGA downloads/new downloads/BIDR_Backend/authentication_service/venv/lib/python3.10/site-packages/django/db/models/query.py", line 1511, in _filter_or_exclude
    clone._filter_or_exclude_inplace(negate, args, kwargs)
  File "/Users/thulanimoyo/MEGA downloads/new downloads/BIDR_Backend/authentication_service/venv/lib/python3.10/site-packages/django/db/models/query.py", line 1518, in _filter_or_exclude_inplace
    self._query.add_q(Q(*args, **kwargs))
  File "/Users/thulanimoyo/MEGA downloads/new downloads/BIDR_Backend/authentication_service/venv/lib/python3.10/site-packages/django/db/models/sql/query.py", line 1646, in add_q
    clause, _ = self._add_q(q_object, can_reuse)
  File "/Users/thulanimoyo/MEGA downloads/new downloads/BIDR_Backend/authentication_service/venv/lib/python3.10/site-packages/django/db/models/sql/query.py", line 1678, in _add_q
    child_clause, needed_inner = self.build_filter(
  File "/Users/thulanimoyo/MEGA downloads/new downloads/BIDR_Backend/authentication_service/venv/lib/python3.10/site-packages/django/db/models/sql/query.py", line 1503, in build_filter
    return self._add_q(
  File "/Users/thulanimoyo/MEGA downloads/new downloads/BIDR_Backend/authentication_service/venv/lib/python3.10/site-packages/django/db/models/sql/query.py", line 1678, in _add_q
    child_clause, needed_inner = self.build_filter(
  File "/Users/thulanimoyo/MEGA downloads/new downloads/BIDR_Backend/authentication_service/venv/lib/python3.10/site-packages/django/db/models/sql/query.py", line 1588, in build_filter
    condition = self.build_lookup(lookups, col, value)
  File "/Users/thulanimoyo/MEGA downloads/new downloads/BIDR_Backend/authentication_service/venv/lib/python3.10/site-packages/django/db/models/sql/query.py", line 1415, in build_lookup
    lookup = lookup_class(lhs, rhs)
  File "/Users/thulanimoyo/MEGA downloads/new downloads/BIDR_Backend/authentication_service/venv/lib/python3.10/site-packages/django/db/models/lookups.py", line 38, in __init__
    self.rhs = self.get_prep_lookup()
  File "/Users/thulanimoyo/MEGA downloads/new downloads/BIDR_Backend/authentication_service/venv/lib/python3.10/site-packages/django/db/models/fields/related_lookups.py", line 112, in get_prep_lookup
    self.rhs = target_field.get_prep_value(self.rhs)
  File "/Users/thulanimoyo/MEGA downloads/new downloads/BIDR_Backend/authentication_service/venv/lib/python3.10/site-packages/django/db/models/fields/__init__.py", line 2130, in get_prep_value
    raise e.__class__(
TypeError: Field 'id' expected a number but got <django.contrib.auth.models.AnonymousUser object at 0x105b36830>.
ERROR 2025-08-30 13:14:34,028 basehttp 3375 13304360960 "GET /api/seller/profiles/c97f2da1-810c-4f86-98b4-18b722d5eecb/ HTTP/1.1" 500 183257
WARNING 2025-08-30 13:14:34,036 log 3375 13304360960 Not Found: /api/sellers/c97f2da1-810c-4f86-98b4-18b722d5eecb/
WARNING 2025-08-30 13:14:34,037 basehttp 3375 13304360960 "GET /api/sellers/c97f2da1-810c-4f86-98b4-18b722d5eecb/ HTTP/1.1" 404 8022
WARNING 2025-08-30 13:14:34,102 log 3375 13304360960 Not Found: /api/sellers/profiles/by-auth-user-uid/c97f2da1-810c-4f86-98b4-18b722d5eecb/
WARNING 2025-08-30 13:14:34,102 basehttp 3375 13304360960 "GET /api/sellers/profiles/by-auth-user-uid/c97f2da1-810c-4f86-98b4-18b722d5eecb/ HTTP/1.1" 404 8100
WARNING 2025-08-30 13:15:18,337 log 3375 13304360960 Not Found: /api/sellers/profiles/by-auth-user-uid/c97f2da1-810c-4f86-98b4-18b722d5eecb/
WARNING 2025-08-30 13:15:18,338 basehttp 3375 13304360960 "GET /api/sellers/profiles/by-auth-user-uid/c97f2da1-810c-4f86-98b4-18b722d5eecb/ HTTP/1.1" 404 8100
INFO 2025-08-30 13:15:39,352 basehttp 3375 13304360960 "OPTIONS /login/ HTTP/1.1" 200 0
INFO 2025-08-30 13:15:39,467 basehttp 3375 13304360960 "POST /login/ HTTP/1.1" 200 991
WARNING 2025-08-30 13:16:18,902 log 3375 13304360960 Not Found: /api/sellers/profiles/by-auth-user-uid/c97f2da1-810c-4f86-98b4-18b722d5eecb/
WARNING 2025-08-30 13:16:18,903 basehttp 3375 13304360960 "GET /api/sellers/profiles/by-auth-user-uid/c97f2da1-810c-4f86-98b4-18b722d5eecb/ HTTP/1.1" 404 8100
WARNING 2025-08-30 13:16:19,494 log 3375 13304360960 Not Found: /api/sellers/profiles/by-auth-user-uid/c97f2da1-810c-4f86-98b4-18b722d5eecb/
WARNING 2025-08-30 13:16:19,495 basehttp 3375 13304360960 "GET /api/sellers/profiles/by-auth-user-uid/c97f2da1-810c-4f86-98b4-18b722d5eecb/ HTTP/1.1" 404 8100
INFO 2025-08-30 13:27:51,979 basehttp 3375 13304360960 "OPTIONS /register/ HTTP/1.1" 200 0
ERROR 2025-08-30 13:27:52,163 views 3375 13304360960 Failed to send SMS OTP: HTTPConnectionPool(host='localhost', port=8006): Max retries exceeded with url: /api/v1/sms/send/otp/ (Caused by NewConnectionError('<urllib3.connection.HTTPConnection object at 0x105980c70>: Failed to establish a new connection: [Errno 61] Connection refused'))
INFO 2025-08-30 13:27:52,166 basehttp 3375 13304360960 "POST /register/ HTTP/1.1" 201 669
INFO 2025-08-30 13:33:26,675 basehttp 3375 13170143232 "OPTIONS /resend-otp/ HTTP/1.1" 200 0
INFO 2025-08-30 13:33:27,016 basehttp 3375 13170143232 "POST /resend-otp/ HTTP/1.1" 200 164
INFO 2025-08-30 13:33:44,821 basehttp 3375 13170143232 "OPTIONS /verify-otp/ HTTP/1.1" 200 0
INFO 2025-08-30 13:33:44,840 basehttp 3375 13170143232 "POST /verify-otp/ HTTP/1.1" 200 54
WARNING 2025-08-30 13:34:23,565 log 3375 13170143232 Not Found: /api/sellers/profiles/by-auth-user-uid/c97f2da1-810c-4f86-98b4-18b722d5eecb/
WARNING 2025-08-30 13:34:23,566 basehttp 3375 13170143232 "GET /api/sellers/profiles/by-auth-user-uid/c97f2da1-810c-4f86-98b4-18b722d5eecb/ HTTP/1.1" 404 8100
WARNING 2025-08-30 13:34:23,779 log 3375 13170143232 Not Found: /api/sellers/profiles/by-auth-user-uid/c97f2da1-810c-4f86-98b4-18b722d5eecb/
WARNING 2025-08-30 13:34:23,779 basehttp 3375 13170143232 "GET /api/sellers/profiles/by-auth-user-uid/c97f2da1-810c-4f86-98b4-18b722d5eecb/ HTTP/1.1" 404 8100
WARNING 2025-08-30 14:14:33,012 log 3375 13170143232 Not Found: /api/sellers/profiles/by-auth-user-uid/c97f2da1-810c-4f86-98b4-18b722d5eecb/
WARNING 2025-08-30 14:14:33,013 basehttp 3375 13170143232 "GET /api/sellers/profiles/by-auth-user-uid/c97f2da1-810c-4f86-98b4-18b722d5eecb/ HTTP/1.1" 404 8100
INFO 2025-08-30 15:40:30,242 basehttp 3375 13170143232 "OPTIONS /login/ HTTP/1.1" 200 0
INFO 2025-08-30 15:40:30,400 basehttp 3375 13170143232 "POST /login/ HTTP/1.1" 200 991
WARNING 2025-08-30 16:23:23,036 log 3375 13170143232 Not Found: /api/
WARNING 2025-08-30 16:23:23,037 basehttp 3375 13170143232 "GET /api/ HTTP/1.1" 404 7887
INFO 2025-08-30 16:23:23,116 basehttp 3375 13170143232 "HEAD /admin/ HTTP/1.1" 302 0
INFO 2025-08-30 16:49:49,409 basehttp 3375 12901707776 "OPTIONS /login/ HTTP/1.1" 200 0
INFO 2025-08-30 16:49:49,528 basehttp 3375 12901707776 "POST /login/ HTTP/1.1" 200 991
INFO 2025-08-30 18:09:57,237 basehttp 3375 12901707776 "OPTIONS /login/ HTTP/1.1" 200 0
INFO 2025-08-30 18:09:57,371 basehttp 3375 12901707776 "POST /login/ HTTP/1.1" 200 991
INFO 2025-08-30 18:46:59,055 basehttp 3375 13170143232 "OPTIONS /login/ HTTP/1.1" 200 0
INFO 2025-08-30 18:46:59,184 basehttp 3375 13170143232 "POST /login/ HTTP/1.1" 200 991
INFO 2025-08-31 04:31:23,343 basehttp 3375 13035925504 "OPTIONS /login/ HTTP/1.1" 200 0
INFO 2025-08-31 04:31:23,485 basehttp 3375 13035925504 "POST /login/ HTTP/1.1" 200 991
INFO 2025-08-31 05:54:02,696 basehttp 3375 12901707776 "OPTIONS /login/ HTTP/1.1" 200 0
INFO 2025-08-31 05:54:02,840 basehttp 3375 12901707776 "POST /login/ HTTP/1.1" 200 991
INFO 2025-08-31 06:18:00,818 basehttp 3375 12901707776 "OPTIONS /login/ HTTP/1.1" 200 0
INFO 2025-08-31 06:18:00,942 basehttp 3375 12901707776 "POST /login/ HTTP/1.1" 200 991
INFO 2025-08-31 08:17:53,624 basehttp 3375 12901707776 "OPTIONS /login/ HTTP/1.1" 200 0
INFO 2025-08-31 08:17:53,800 basehttp 3375 12901707776 "POST /login/ HTTP/1.1" 200 995
WARNING 2025-08-31 08:17:56,888 log 3375 12901707776 Not Found: /api/sellers/profiles/by-auth-user-uid/c97f2da1-810c-4f86-98b4-18b722d5eecb/
WARNING 2025-08-31 08:17:56,889 basehttp 3375 12901707776 "GET /api/sellers/profiles/by-auth-user-uid/c97f2da1-810c-4f86-98b4-18b722d5eecb/ HTTP/1.1" 404 8100
WARNING 2025-08-31 08:18:05,835 log 3375 12901707776 Not Found: /api/sellers/profiles/by-auth-user-uid/c97f2da1-810c-4f86-98b4-18b722d5eecb/
WARNING 2025-08-31 08:18:05,839 basehttp 3375 12901707776 "GET /api/sellers/profiles/by-auth-user-uid/c97f2da1-810c-4f86-98b4-18b722d5eecb/ HTTP/1.1" 404 8100
WARNING 2025-08-31 08:18:20,589 log 3375 12901707776 Not Found: /api/sellers/profiles/by-auth-user-uid/c97f2da1-810c-4f86-98b4-18b722d5eecb/
WARNING 2025-08-31 08:18:20,591 basehttp 3375 12901707776 "GET /api/sellers/profiles/by-auth-user-uid/c97f2da1-810c-4f86-98b4-18b722d5eecb/ HTTP/1.1" 404 8100
WARNING 2025-08-31 08:19:45,160 log 3375 12901707776 Not Found: /api/sellers/profiles/by-auth-user-uid/c97f2da1-810c-4f86-98b4-18b722d5eecb/
WARNING 2025-08-31 08:19:45,161 basehttp 3375 12901707776 "GET /api/sellers/profiles/by-auth-user-uid/c97f2da1-810c-4f86-98b4-18b722d5eecb/ HTTP/1.1" 404 8100
WARNING 2025-08-31 08:20:21,020 log 3375 12901707776 Not Found: /api/sellers/profiles/by-auth-user-uid/c97f2da1-810c-4f86-98b4-18b722d5eecb/
WARNING 2025-08-31 08:20:21,022 basehttp 3375 12901707776 "GET /api/sellers/profiles/by-auth-user-uid/c97f2da1-810c-4f86-98b4-18b722d5eecb/ HTTP/1.1" 404 8100
WARNING 2025-08-31 08:21:23,518 log 3375 12901707776 Not Found: /api/sellers/profiles/by-auth-user-uid/c97f2da1-810c-4f86-98b4-18b722d5eecb/
WARNING 2025-08-31 08:21:23,519 basehttp 3375 12901707776 "GET /api/sellers/profiles/by-auth-user-uid/c97f2da1-810c-4f86-98b4-18b722d5eecb/ HTTP/1.1" 404 8100
ERROR 2025-08-31 08:21:37,207 log 3375 12901707776 Internal Server Error: /api/seller/profiles/c97f2da1-810c-4f86-98b4-18b722d5eecb/
Traceback (most recent call last):
  File "/Users/thulanimoyo/MEGA downloads/new downloads/BIDR_Backend/authentication_service/venv/lib/python3.10/site-packages/django/db/models/fields/__init__.py", line 2128, in get_prep_value
    return int(value)
  File "/Users/thulanimoyo/MEGA downloads/new downloads/BIDR_Backend/authentication_service/venv/lib/python3.10/site-packages/django/contrib/auth/models.py", line 549, in __int__
    raise TypeError(
TypeError: Cannot cast AnonymousUser to int. Are you trying to use it in place of User?

The above exception was the direct cause of the following exception:

Traceback (most recent call last):
  File "/Users/thulanimoyo/MEGA downloads/new downloads/BIDR_Backend/authentication_service/venv/lib/python3.10/site-packages/django/core/handlers/exception.py", line 55, in inner
    response = get_response(request)
  File "/Users/thulanimoyo/MEGA downloads/new downloads/BIDR_Backend/authentication_service/venv/lib/python3.10/site-packages/django/core/handlers/base.py", line 197, in _get_response
    response = wrapped_callback(request, *callback_args, **callback_kwargs)
  File "/Users/thulanimoyo/MEGA downloads/new downloads/BIDR_Backend/authentication_service/venv/lib/python3.10/site-packages/django/views/decorators/csrf.py", line 65, in _view_wrapper
    return view_func(request, *args, **kwargs)
  File "/Users/thulanimoyo/MEGA downloads/new downloads/BIDR_Backend/authentication_service/venv/lib/python3.10/site-packages/rest_framework/viewsets.py", line 125, in view
    return self.dispatch(request, *args, **kwargs)
  File "/Users/thulanimoyo/MEGA downloads/new downloads/BIDR_Backend/authentication_service/venv/lib/python3.10/site-packages/rest_framework/views.py", line 515, in dispatch
    response = self.handle_exception(exc)
  File "/Users/thulanimoyo/MEGA downloads/new downloads/BIDR_Backend/authentication_service/venv/lib/python3.10/site-packages/rest_framework/views.py", line 475, in handle_exception
    self.raise_uncaught_exception(exc)
  File "/Users/thulanimoyo/MEGA downloads/new downloads/BIDR_Backend/authentication_service/venv/lib/python3.10/site-packages/rest_framework/views.py", line 486, in raise_uncaught_exception
    raise exc
  File "/Users/thulanimoyo/MEGA downloads/new downloads/BIDR_Backend/authentication_service/venv/lib/python3.10/site-packages/rest_framework/views.py", line 512, in dispatch
    response = handler(request, *args, **kwargs)
  File "/Users/thulanimoyo/MEGA downloads/new downloads/BIDR_Backend/authentication_service/venv/lib/python3.10/site-packages/rest_framework/mixins.py", line 54, in retrieve
    instance = self.get_object()
  File "/Users/thulanimoyo/MEGA downloads/new downloads/BIDR_Backend/authentication_service/venv/lib/python3.10/site-packages/rest_framework/generics.py", line 87, in get_object
    queryset = self.filter_queryset(self.get_queryset())
  File "/Users/thulanimoyo/MEGA downloads/new downloads/BIDR_Backend/authentication_service/seller/views.py", line 99, in get_queryset
    queryset = queryset.filter(
  File "/Users/thulanimoyo/MEGA downloads/new downloads/BIDR_Backend/authentication_service/venv/lib/python3.10/site-packages/django/db/models/query.py", line 1493, in filter
    return self._filter_or_exclude(False, args, kwargs)
  File "/Users/thulanimoyo/MEGA downloads/new downloads/BIDR_Backend/authentication_service/venv/lib/python3.10/site-packages/django/db/models/query.py", line 1511, in _filter_or_exclude
    clone._filter_or_exclude_inplace(negate, args, kwargs)
  File "/Users/thulanimoyo/MEGA downloads/new downloads/BIDR_Backend/authentication_service/venv/lib/python3.10/site-packages/django/db/models/query.py", line 1518, in _filter_or_exclude_inplace
    self._query.add_q(Q(*args, **kwargs))
  File "/Users/thulanimoyo/MEGA downloads/new downloads/BIDR_Backend/authentication_service/venv/lib/python3.10/site-packages/django/db/models/sql/query.py", line 1646, in add_q
    clause, _ = self._add_q(q_object, can_reuse)
  File "/Users/thulanimoyo/MEGA downloads/new downloads/BIDR_Backend/authentication_service/venv/lib/python3.10/site-packages/django/db/models/sql/query.py", line 1678, in _add_q
    child_clause, needed_inner = self.build_filter(
  File "/Users/thulanimoyo/MEGA downloads/new downloads/BIDR_Backend/authentication_service/venv/lib/python3.10/site-packages/django/db/models/sql/query.py", line 1503, in build_filter
    return self._add_q(
  File "/Users/thulanimoyo/MEGA downloads/new downloads/BIDR_Backend/authentication_service/venv/lib/python3.10/site-packages/django/db/models/sql/query.py", line 1678, in _add_q
    child_clause, needed_inner = self.build_filter(
  File "/Users/thulanimoyo/MEGA downloads/new downloads/BIDR_Backend/authentication_service/venv/lib/python3.10/site-packages/django/db/models/sql/query.py", line 1588, in build_filter
    condition = self.build_lookup(lookups, col, value)
  File "/Users/thulanimoyo/MEGA downloads/new downloads/BIDR_Backend/authentication_service/venv/lib/python3.10/site-packages/django/db/models/sql/query.py", line 1415, in build_lookup
    lookup = lookup_class(lhs, rhs)
  File "/Users/thulanimoyo/MEGA downloads/new downloads/BIDR_Backend/authentication_service/venv/lib/python3.10/site-packages/django/db/models/lookups.py", line 38, in __init__
    self.rhs = self.get_prep_lookup()
  File "/Users/thulanimoyo/MEGA downloads/new downloads/BIDR_Backend/authentication_service/venv/lib/python3.10/site-packages/django/db/models/fields/related_lookups.py", line 112, in get_prep_lookup
    self.rhs = target_field.get_prep_value(self.rhs)
  File "/Users/thulanimoyo/MEGA downloads/new downloads/BIDR_Backend/authentication_service/venv/lib/python3.10/site-packages/django/db/models/fields/__init__.py", line 2130, in get_prep_value
    raise e.__class__(
TypeError: Field 'id' expected a number but got <django.contrib.auth.models.AnonymousUser object at 0x105bae5f0>.
ERROR 2025-08-31 08:21:37,211 basehttp 3375 12901707776 "GET /api/seller/profiles/c97f2da1-810c-4f86-98b4-18b722d5eecb/ HTTP/1.1" 500 183257
WARNING 2025-08-31 08:21:37,234 log 3375 12901707776 Not Found: /api/sellers/c97f2da1-810c-4f86-98b4-18b722d5eecb/
WARNING 2025-08-31 08:21:37,234 basehttp 3375 12901707776 "GET /api/sellers/c97f2da1-810c-4f86-98b4-18b722d5eecb/ HTTP/1.1" 404 8022
WARNING 2025-08-31 08:21:37,299 log 3375 12901707776 Not Found: /api/sellers/profiles/by-auth-user-uid/c97f2da1-810c-4f86-98b4-18b722d5eecb/
WARNING 2025-08-31 08:21:37,299 basehttp 3375 12901707776 "GET /api/sellers/profiles/by-auth-user-uid/c97f2da1-810c-4f86-98b4-18b722d5eecb/ HTTP/1.1" 404 8100
INFO 2025-08-31 11:39:00,423 basehttp 3375 12901707776 "OPTIONS /login/ HTTP/1.1" 200 0
INFO 2025-08-31 11:39:00,554 basehttp 3375 12901707776 "POST /login/ HTTP/1.1" 200 991
INFO 2025-08-31 12:59:04,401 basehttp 3375 12901707776 "OPTIONS /login/ HTTP/1.1" 200 0
INFO 2025-08-31 12:59:04,528 basehttp 3375 12901707776 "POST /login/ HTTP/1.1" 200 991
INFO 2025-08-31 12:59:41,159 basehttp 3375 12901707776 "OPTIONS /login/ HTTP/1.1" 200 0
INFO 2025-08-31 12:59:41,290 basehttp 3375 12901707776 "POST /login/ HTTP/1.1" 200 995
WARNING 2025-08-31 12:59:49,125 log 3375 12901707776 Not Found: /api/sellers/profiles/by-auth-user-uid/c97f2da1-810c-4f86-98b4-18b722d5eecb/
WARNING 2025-08-31 12:59:49,126 basehttp 3375 12901707776 "GET /api/sellers/profiles/by-auth-user-uid/c97f2da1-810c-4f86-98b4-18b722d5eecb/ HTTP/1.1" 404 8100
ERROR 2025-08-31 13:00:12,434 log 3375 12901707776 Internal Server Error: /api/seller/profiles/c97f2da1-810c-4f86-98b4-18b722d5eecb/
Traceback (most recent call last):
  File "/Users/thulanimoyo/MEGA downloads/new downloads/BIDR_Backend/authentication_service/venv/lib/python3.10/site-packages/django/db/models/fields/__init__.py", line 2128, in get_prep_value
    return int(value)
  File "/Users/thulanimoyo/MEGA downloads/new downloads/BIDR_Backend/authentication_service/venv/lib/python3.10/site-packages/django/contrib/auth/models.py", line 549, in __int__
    raise TypeError(
TypeError: Cannot cast AnonymousUser to int. Are you trying to use it in place of User?

The above exception was the direct cause of the following exception:

Traceback (most recent call last):
  File "/Users/thulanimoyo/MEGA downloads/new downloads/BIDR_Backend/authentication_service/venv/lib/python3.10/site-packages/django/core/handlers/exception.py", line 55, in inner
    response = get_response(request)
  File "/Users/thulanimoyo/MEGA downloads/new downloads/BIDR_Backend/authentication_service/venv/lib/python3.10/site-packages/django/core/handlers/base.py", line 197, in _get_response
    response = wrapped_callback(request, *callback_args, **callback_kwargs)
  File "/Users/thulanimoyo/MEGA downloads/new downloads/BIDR_Backend/authentication_service/venv/lib/python3.10/site-packages/django/views/decorators/csrf.py", line 65, in _view_wrapper
    return view_func(request, *args, **kwargs)
  File "/Users/thulanimoyo/MEGA downloads/new downloads/BIDR_Backend/authentication_service/venv/lib/python3.10/site-packages/rest_framework/viewsets.py", line 125, in view
    return self.dispatch(request, *args, **kwargs)
  File "/Users/thulanimoyo/MEGA downloads/new downloads/BIDR_Backend/authentication_service/venv/lib/python3.10/site-packages/rest_framework/views.py", line 515, in dispatch
    response = self.handle_exception(exc)
  File "/Users/thulanimoyo/MEGA downloads/new downloads/BIDR_Backend/authentication_service/venv/lib/python3.10/site-packages/rest_framework/views.py", line 475, in handle_exception
    self.raise_uncaught_exception(exc)
  File "/Users/thulanimoyo/MEGA downloads/new downloads/BIDR_Backend/authentication_service/venv/lib/python3.10/site-packages/rest_framework/views.py", line 486, in raise_uncaught_exception
    raise exc
  File "/Users/thulanimoyo/MEGA downloads/new downloads/BIDR_Backend/authentication_service/venv/lib/python3.10/site-packages/rest_framework/views.py", line 512, in dispatch
    response = handler(request, *args, **kwargs)
  File "/Users/thulanimoyo/MEGA downloads/new downloads/BIDR_Backend/authentication_service/venv/lib/python3.10/site-packages/rest_framework/mixins.py", line 54, in retrieve
    instance = self.get_object()
  File "/Users/thulanimoyo/MEGA downloads/new downloads/BIDR_Backend/authentication_service/venv/lib/python3.10/site-packages/rest_framework/generics.py", line 87, in get_object
    queryset = self.filter_queryset(self.get_queryset())
  File "/Users/thulanimoyo/MEGA downloads/new downloads/BIDR_Backend/authentication_service/seller/views.py", line 99, in get_queryset
    queryset = queryset.filter(
  File "/Users/thulanimoyo/MEGA downloads/new downloads/BIDR_Backend/authentication_service/venv/lib/python3.10/site-packages/django/db/models/query.py", line 1493, in filter
    return self._filter_or_exclude(False, args, kwargs)
  File "/Users/thulanimoyo/MEGA downloads/new downloads/BIDR_Backend/authentication_service/venv/lib/python3.10/site-packages/django/db/models/query.py", line 1511, in _filter_or_exclude
    clone._filter_or_exclude_inplace(negate, args, kwargs)
  File "/Users/thulanimoyo/MEGA downloads/new downloads/BIDR_Backend/authentication_service/venv/lib/python3.10/site-packages/django/db/models/query.py", line 1518, in _filter_or_exclude_inplace
    self._query.add_q(Q(*args, **kwargs))
  File "/Users/thulanimoyo/MEGA downloads/new downloads/BIDR_Backend/authentication_service/venv/lib/python3.10/site-packages/django/db/models/sql/query.py", line 1646, in add_q
    clause, _ = self._add_q(q_object, can_reuse)
  File "/Users/thulanimoyo/MEGA downloads/new downloads/BIDR_Backend/authentication_service/venv/lib/python3.10/site-packages/django/db/models/sql/query.py", line 1678, in _add_q
    child_clause, needed_inner = self.build_filter(
  File "/Users/thulanimoyo/MEGA downloads/new downloads/BIDR_Backend/authentication_service/venv/lib/python3.10/site-packages/django/db/models/sql/query.py", line 1503, in build_filter
    return self._add_q(
  File "/Users/thulanimoyo/MEGA downloads/new downloads/BIDR_Backend/authentication_service/venv/lib/python3.10/site-packages/django/db/models/sql/query.py", line 1678, in _add_q
    child_clause, needed_inner = self.build_filter(
  File "/Users/thulanimoyo/MEGA downloads/new downloads/BIDR_Backend/authentication_service/venv/lib/python3.10/site-packages/django/db/models/sql/query.py", line 1588, in build_filter
    condition = self.build_lookup(lookups, col, value)
  File "/Users/thulanimoyo/MEGA downloads/new downloads/BIDR_Backend/authentication_service/venv/lib/python3.10/site-packages/django/db/models/sql/query.py", line 1415, in build_lookup
    lookup = lookup_class(lhs, rhs)
  File "/Users/thulanimoyo/MEGA downloads/new downloads/BIDR_Backend/authentication_service/venv/lib/python3.10/site-packages/django/db/models/lookups.py", line 38, in __init__
    self.rhs = self.get_prep_lookup()
  File "/Users/thulanimoyo/MEGA downloads/new downloads/BIDR_Backend/authentication_service/venv/lib/python3.10/site-packages/django/db/models/fields/related_lookups.py", line 112, in get_prep_lookup
    self.rhs = target_field.get_prep_value(self.rhs)
  File "/Users/thulanimoyo/MEGA downloads/new downloads/BIDR_Backend/authentication_service/venv/lib/python3.10/site-packages/django/db/models/fields/__init__.py", line 2130, in get_prep_value
    raise e.__class__(
TypeError: Field 'id' expected a number but got <django.contrib.auth.models.AnonymousUser object at 0x105b18c10>.
ERROR 2025-08-31 13:00:12,437 basehttp 3375 12901707776 "GET /api/seller/profiles/c97f2da1-810c-4f86-98b4-18b722d5eecb/ HTTP/1.1" 500 183257
WARNING 2025-08-31 13:00:12,449 log 3375 12901707776 Not Found: /api/sellers/c97f2da1-810c-4f86-98b4-18b722d5eecb/
WARNING 2025-08-31 13:00:12,450 basehttp 3375 12901707776 "GET /api/sellers/c97f2da1-810c-4f86-98b4-18b722d5eecb/ HTTP/1.1" 404 8022
WARNING 2025-08-31 13:00:12,511 log 3375 12901707776 Not Found: /api/sellers/profiles/by-auth-user-uid/c97f2da1-810c-4f86-98b4-18b722d5eecb/
WARNING 2025-08-31 13:00:12,511 basehttp 3375 12901707776 "GET /api/sellers/profiles/by-auth-user-uid/c97f2da1-810c-4f86-98b4-18b722d5eecb/ HTTP/1.1" 404 8100
ERROR 2025-08-31 13:00:44,730 log 3375 12901707776 Internal Server Error: /api/seller/profiles/c97f2da1-810c-4f86-98b4-18b722d5eecb/
Traceback (most recent call last):
  File "/Users/thulanimoyo/MEGA downloads/new downloads/BIDR_Backend/authentication_service/venv/lib/python3.10/site-packages/django/db/models/fields/__init__.py", line 2128, in get_prep_value
    return int(value)
  File "/Users/thulanimoyo/MEGA downloads/new downloads/BIDR_Backend/authentication_service/venv/lib/python3.10/site-packages/django/contrib/auth/models.py", line 549, in __int__
    raise TypeError(
TypeError: Cannot cast AnonymousUser to int. Are you trying to use it in place of User?

The above exception was the direct cause of the following exception:

Traceback (most recent call last):
  File "/Users/thulanimoyo/MEGA downloads/new downloads/BIDR_Backend/authentication_service/venv/lib/python3.10/site-packages/django/core/handlers/exception.py", line 55, in inner
    response = get_response(request)
  File "/Users/thulanimoyo/MEGA downloads/new downloads/BIDR_Backend/authentication_service/venv/lib/python3.10/site-packages/django/core/handlers/base.py", line 197, in _get_response
    response = wrapped_callback(request, *callback_args, **callback_kwargs)
  File "/Users/thulanimoyo/MEGA downloads/new downloads/BIDR_Backend/authentication_service/venv/lib/python3.10/site-packages/django/views/decorators/csrf.py", line 65, in _view_wrapper
    return view_func(request, *args, **kwargs)
  File "/Users/thulanimoyo/MEGA downloads/new downloads/BIDR_Backend/authentication_service/venv/lib/python3.10/site-packages/rest_framework/viewsets.py", line 125, in view
    return self.dispatch(request, *args, **kwargs)
  File "/Users/thulanimoyo/MEGA downloads/new downloads/BIDR_Backend/authentication_service/venv/lib/python3.10/site-packages/rest_framework/views.py", line 515, in dispatch
    response = self.handle_exception(exc)
  File "/Users/thulanimoyo/MEGA downloads/new downloads/BIDR_Backend/authentication_service/venv/lib/python3.10/site-packages/rest_framework/views.py", line 475, in handle_exception
    self.raise_uncaught_exception(exc)
  File "/Users/thulanimoyo/MEGA downloads/new downloads/BIDR_Backend/authentication_service/venv/lib/python3.10/site-packages/rest_framework/views.py", line 486, in raise_uncaught_exception
    raise exc
  File "/Users/thulanimoyo/MEGA downloads/new downloads/BIDR_Backend/authentication_service/venv/lib/python3.10/site-packages/rest_framework/views.py", line 512, in dispatch
    response = handler(request, *args, **kwargs)
  File "/Users/thulanimoyo/MEGA downloads/new downloads/BIDR_Backend/authentication_service/venv/lib/python3.10/site-packages/rest_framework/mixins.py", line 54, in retrieve
    instance = self.get_object()
  File "/Users/thulanimoyo/MEGA downloads/new downloads/BIDR_Backend/authentication_service/venv/lib/python3.10/site-packages/rest_framework/generics.py", line 87, in get_object
    queryset = self.filter_queryset(self.get_queryset())
  File "/Users/thulanimoyo/MEGA downloads/new downloads/BIDR_Backend/authentication_service/seller/views.py", line 99, in get_queryset
    queryset = queryset.filter(
  File "/Users/thulanimoyo/MEGA downloads/new downloads/BIDR_Backend/authentication_service/venv/lib/python3.10/site-packages/django/db/models/query.py", line 1493, in filter
    return self._filter_or_exclude(False, args, kwargs)
  File "/Users/thulanimoyo/MEGA downloads/new downloads/BIDR_Backend/authentication_service/venv/lib/python3.10/site-packages/django/db/models/query.py", line 1511, in _filter_or_exclude
    clone._filter_or_exclude_inplace(negate, args, kwargs)
  File "/Users/thulanimoyo/MEGA downloads/new downloads/BIDR_Backend/authentication_service/venv/lib/python3.10/site-packages/django/db/models/query.py", line 1518, in _filter_or_exclude_inplace
    self._query.add_q(Q(*args, **kwargs))
  File "/Users/thulanimoyo/MEGA downloads/new downloads/BIDR_Backend/authentication_service/venv/lib/python3.10/site-packages/django/db/models/sql/query.py", line 1646, in add_q
    clause, _ = self._add_q(q_object, can_reuse)
  File "/Users/thulanimoyo/MEGA downloads/new downloads/BIDR_Backend/authentication_service/venv/lib/python3.10/site-packages/django/db/models/sql/query.py", line 1678, in _add_q
    child_clause, needed_inner = self.build_filter(
  File "/Users/thulanimoyo/MEGA downloads/new downloads/BIDR_Backend/authentication_service/venv/lib/python3.10/site-packages/django/db/models/sql/query.py", line 1503, in build_filter
    return self._add_q(
  File "/Users/thulanimoyo/MEGA downloads/new downloads/BIDR_Backend/authentication_service/venv/lib/python3.10/site-packages/django/db/models/sql/query.py", line 1678, in _add_q
    child_clause, needed_inner = self.build_filter(
  File "/Users/thulanimoyo/MEGA downloads/new downloads/BIDR_Backend/authentication_service/venv/lib/python3.10/site-packages/django/db/models/sql/query.py", line 1588, in build_filter
    condition = self.build_lookup(lookups, col, value)
  File "/Users/thulanimoyo/MEGA downloads/new downloads/BIDR_Backend/authentication_service/venv/lib/python3.10/site-packages/django/db/models/sql/query.py", line 1415, in build_lookup
    lookup = lookup_class(lhs, rhs)
  File "/Users/thulanimoyo/MEGA downloads/new downloads/BIDR_Backend/authentication_service/venv/lib/python3.10/site-packages/django/db/models/lookups.py", line 38, in __init__
    self.rhs = self.get_prep_lookup()
  File "/Users/thulanimoyo/MEGA downloads/new downloads/BIDR_Backend/authentication_service/venv/lib/python3.10/site-packages/django/db/models/fields/related_lookups.py", line 112, in get_prep_lookup
    self.rhs = target_field.get_prep_value(self.rhs)
  File "/Users/thulanimoyo/MEGA downloads/new downloads/BIDR_Backend/authentication_service/venv/lib/python3.10/site-packages/django/db/models/fields/__init__.py", line 2130, in get_prep_value
    raise e.__class__(
TypeError: Field 'id' expected a number but got <django.contrib.auth.models.AnonymousUser object at 0x105bacbe0>.
ERROR 2025-08-31 13:00:44,731 basehttp 3375 12901707776 "GET /api/seller/profiles/c97f2da1-810c-4f86-98b4-18b722d5eecb/ HTTP/1.1" 500 183257
WARNING 2025-08-31 13:00:44,741 log 3375 12901707776 Not Found: /api/sellers/c97f2da1-810c-4f86-98b4-18b722d5eecb/
WARNING 2025-08-31 13:00:44,742 basehttp 3375 12901707776 "GET /api/sellers/c97f2da1-810c-4f86-98b4-18b722d5eecb/ HTTP/1.1" 404 8022
WARNING 2025-08-31 13:00:44,795 log 3375 12901707776 Not Found: /api/sellers/profiles/by-auth-user-uid/c97f2da1-810c-4f86-98b4-18b722d5eecb/
WARNING 2025-08-31 13:00:44,795 basehttp 3375 12901707776 "GET /api/sellers/profiles/by-auth-user-uid/c97f2da1-810c-4f86-98b4-18b722d5eecb/ HTTP/1.1" 404 8100
ERROR 2025-08-31 13:01:09,975 log 3375 12901707776 Internal Server Error: /api/seller/profiles/c97f2da1-810c-4f86-98b4-18b722d5eecb/
Traceback (most recent call last):
  File "/Users/thulanimoyo/MEGA downloads/new downloads/BIDR_Backend/authentication_service/venv/lib/python3.10/site-packages/django/db/models/fields/__init__.py", line 2128, in get_prep_value
    return int(value)
  File "/Users/thulanimoyo/MEGA downloads/new downloads/BIDR_Backend/authentication_service/venv/lib/python3.10/site-packages/django/contrib/auth/models.py", line 549, in __int__
    raise TypeError(
TypeError: Cannot cast AnonymousUser to int. Are you trying to use it in place of User?

The above exception was the direct cause of the following exception:

Traceback (most recent call last):
  File "/Users/thulanimoyo/MEGA downloads/new downloads/BIDR_Backend/authentication_service/venv/lib/python3.10/site-packages/django/core/handlers/exception.py", line 55, in inner
    response = get_response(request)
  File "/Users/thulanimoyo/MEGA downloads/new downloads/BIDR_Backend/authentication_service/venv/lib/python3.10/site-packages/django/core/handlers/base.py", line 197, in _get_response
    response = wrapped_callback(request, *callback_args, **callback_kwargs)
  File "/Users/thulanimoyo/MEGA downloads/new downloads/BIDR_Backend/authentication_service/venv/lib/python3.10/site-packages/django/views/decorators/csrf.py", line 65, in _view_wrapper
    return view_func(request, *args, **kwargs)
  File "/Users/thulanimoyo/MEGA downloads/new downloads/BIDR_Backend/authentication_service/venv/lib/python3.10/site-packages/rest_framework/viewsets.py", line 125, in view
    return self.dispatch(request, *args, **kwargs)
  File "/Users/thulanimoyo/MEGA downloads/new downloads/BIDR_Backend/authentication_service/venv/lib/python3.10/site-packages/rest_framework/views.py", line 515, in dispatch
    response = self.handle_exception(exc)
  File "/Users/thulanimoyo/MEGA downloads/new downloads/BIDR_Backend/authentication_service/venv/lib/python3.10/site-packages/rest_framework/views.py", line 475, in handle_exception
    self.raise_uncaught_exception(exc)
  File "/Users/thulanimoyo/MEGA downloads/new downloads/BIDR_Backend/authentication_service/venv/lib/python3.10/site-packages/rest_framework/views.py", line 486, in raise_uncaught_exception
    raise exc
  File "/Users/thulanimoyo/MEGA downloads/new downloads/BIDR_Backend/authentication_service/venv/lib/python3.10/site-packages/rest_framework/views.py", line 512, in dispatch
    response = handler(request, *args, **kwargs)
  File "/Users/thulanimoyo/MEGA downloads/new downloads/BIDR_Backend/authentication_service/venv/lib/python3.10/site-packages/rest_framework/mixins.py", line 54, in retrieve
    instance = self.get_object()
  File "/Users/thulanimoyo/MEGA downloads/new downloads/BIDR_Backend/authentication_service/venv/lib/python3.10/site-packages/rest_framework/generics.py", line 87, in get_object
    queryset = self.filter_queryset(self.get_queryset())
  File "/Users/thulanimoyo/MEGA downloads/new downloads/BIDR_Backend/authentication_service/seller/views.py", line 99, in get_queryset
    queryset = queryset.filter(
  File "/Users/thulanimoyo/MEGA downloads/new downloads/BIDR_Backend/authentication_service/venv/lib/python3.10/site-packages/django/db/models/query.py", line 1493, in filter
    return self._filter_or_exclude(False, args, kwargs)
  File "/Users/thulanimoyo/MEGA downloads/new downloads/BIDR_Backend/authentication_service/venv/lib/python3.10/site-packages/django/db/models/query.py", line 1511, in _filter_or_exclude
    clone._filter_or_exclude_inplace(negate, args, kwargs)
  File "/Users/thulanimoyo/MEGA downloads/new downloads/BIDR_Backend/authentication_service/venv/lib/python3.10/site-packages/django/db/models/query.py", line 1518, in _filter_or_exclude_inplace
    self._query.add_q(Q(*args, **kwargs))
  File "/Users/thulanimoyo/MEGA downloads/new downloads/BIDR_Backend/authentication_service/venv/lib/python3.10/site-packages/django/db/models/sql/query.py", line 1646, in add_q
    clause, _ = self._add_q(q_object, can_reuse)
  File "/Users/thulanimoyo/MEGA downloads/new downloads/BIDR_Backend/authentication_service/venv/lib/python3.10/site-packages/django/db/models/sql/query.py", line 1678, in _add_q
    child_clause, needed_inner = self.build_filter(
  File "/Users/thulanimoyo/MEGA downloads/new downloads/BIDR_Backend/authentication_service/venv/lib/python3.10/site-packages/django/db/models/sql/query.py", line 1503, in build_filter
    return self._add_q(
  File "/Users/thulanimoyo/MEGA downloads/new downloads/BIDR_Backend/authentication_service/venv/lib/python3.10/site-packages/django/db/models/sql/query.py", line 1678, in _add_q
    child_clause, needed_inner = self.build_filter(
  File "/Users/thulanimoyo/MEGA downloads/new downloads/BIDR_Backend/authentication_service/venv/lib/python3.10/site-packages/django/db/models/sql/query.py", line 1588, in build_filter
    condition = self.build_lookup(lookups, col, value)
  File "/Users/thulanimoyo/MEGA downloads/new downloads/BIDR_Backend/authentication_service/venv/lib/python3.10/site-packages/django/db/models/sql/query.py", line 1415, in build_lookup
    lookup = lookup_class(lhs, rhs)
  File "/Users/thulanimoyo/MEGA downloads/new downloads/BIDR_Backend/authentication_service/venv/lib/python3.10/site-packages/django/db/models/lookups.py", line 38, in __init__
    self.rhs = self.get_prep_lookup()
  File "/Users/thulanimoyo/MEGA downloads/new downloads/BIDR_Backend/authentication_service/venv/lib/python3.10/site-packages/django/db/models/fields/related_lookups.py", line 112, in get_prep_lookup
    self.rhs = target_field.get_prep_value(self.rhs)
  File "/Users/thulanimoyo/MEGA downloads/new downloads/BIDR_Backend/authentication_service/venv/lib/python3.10/site-packages/django/db/models/fields/__init__.py", line 2130, in get_prep_value
    raise e.__class__(
TypeError: Field 'id' expected a number but got <django.contrib.auth.models.AnonymousUser object at 0x105b34700>.
ERROR 2025-08-31 13:01:09,977 basehttp 3375 12901707776 "GET /api/seller/profiles/c97f2da1-810c-4f86-98b4-18b722d5eecb/ HTTP/1.1" 500 183257
WARNING 2025-08-31 13:01:09,991 log 3375 12901707776 Not Found: /api/sellers/c97f2da1-810c-4f86-98b4-18b722d5eecb/
WARNING 2025-08-31 13:01:09,992 basehttp 3375 12901707776 "GET /api/sellers/c97f2da1-810c-4f86-98b4-18b722d5eecb/ HTTP/1.1" 404 8022
WARNING 2025-08-31 13:01:10,046 log 3375 12901707776 Not Found: /api/sellers/profiles/by-auth-user-uid/c97f2da1-810c-4f86-98b4-18b722d5eecb/
WARNING 2025-08-31 13:01:10,046 basehttp 3375 12901707776 "GET /api/sellers/profiles/by-auth-user-uid/c97f2da1-810c-4f86-98b4-18b722d5eecb/ HTTP/1.1" 404 8100
WARNING 2025-08-31 13:01:19,892 log 3375 12901707776 Not Found: /api/sellers/profiles/by-auth-user-uid/c97f2da1-810c-4f86-98b4-18b722d5eecb/
WARNING 2025-08-31 13:01:19,893 basehttp 3375 12901707776 "GET /api/sellers/profiles/by-auth-user-uid/c97f2da1-810c-4f86-98b4-18b722d5eecb/ HTTP/1.1" 404 8100
INFO 2025-08-31 13:09:15,822 basehttp 3375 12901707776 "OPTIONS /login/ HTTP/1.1" 200 0
WARNING 2025-08-31 13:09:16,092 log 3375 12901707776 Bad Request: /login/
WARNING 2025-08-31 13:09:16,093 basehttp 3375 12901707776 "POST /login/ HTTP/1.1" 400 71
WARNING 2025-08-31 13:09:27,538 log 3375 12901707776 Bad Request: /login/
WARNING 2025-08-31 13:09:27,538 basehttp 3375 12901707776 "POST /login/ HTTP/1.1" 400 71
WARNING 2025-08-31 13:09:41,396 log 3375 12901707776 Bad Request: /login/
WARNING 2025-08-31 13:09:41,397 basehttp 3375 12901707776 "POST /login/ HTTP/1.1" 400 71
WARNING 2025-08-31 13:10:48,115 log 3375 12901707776 Bad Request: /login/
WARNING 2025-08-31 13:10:48,116 basehttp 3375 12901707776 "POST /login/ HTTP/1.1" 400 71
INFO 2025-08-31 13:44:28,672 autoreload 16207 8333493696 Watching for file changes with StatReloader
WARNING 2025-08-31 13:44:31,624 log 16207 6192705536 Bad Request: /login/
WARNING 2025-08-31 13:44:31,624 basehttp 16207 6192705536 "POST /login/ HTTP/1.1" 400 71
WARNING 2025-08-31 13:44:33,266 log 16207 6192705536 Bad Request: /login/
WARNING 2025-08-31 13:44:33,267 basehttp 16207 6192705536 "POST /login/ HTTP/1.1" 400 71
WARNING 2025-08-31 13:44:34,170 log 16207 6192705536 Bad Request: /login/
WARNING 2025-08-31 13:44:34,171 basehttp 16207 6192705536 "POST /login/ HTTP/1.1" 400 71
WARNING 2025-08-31 13:44:35,063 log 16207 6192705536 Bad Request: /login/
WARNING 2025-08-31 13:44:35,063 basehttp 16207 6192705536 "POST /login/ HTTP/1.1" 400 71
INFO 2025-08-31 13:48:02,627 basehttp 16207 6192705536 "GET / HTTP/1.1" 200 2226
INFO 2025-08-31 13:48:03,528 basehttp 16207 6209531904 "GET /static/drf-yasg/immutable.min.js HTTP/1.1" 200 56904
INFO 2025-08-31 13:48:03,529 basehttp 16207 6226358272 "GET /static/drf-yasg/swagger-ui-dist/swagger-ui-standalone-preset.js HTTP/1.1" 200 322863
INFO 2025-08-31 13:48:04,920 basehttp 16207 6293663744 "GET /static/drf-yasg/insQ.min.js HTTP/1.1" 200 2093
INFO 2025-08-31 13:48:04,920 basehttp 16207 6260011008 "GET /static/drf-yasg/style.css HTTP/1.1" 200 1047
INFO 2025-08-31 13:48:04,922 basehttp 16207 6276837376 "GET /static/drf-yasg/swagger-ui-dist/swagger-ui.css HTTP/1.1" 200 145206
INFO 2025-08-31 13:48:04,923 basehttp 16207 6243184640 "GET /static/drf-yasg/swagger-ui-dist/swagger-ui-bundle.js HTTP/1.1" 200 1046583
INFO 2025-08-31 13:48:05,088 basehttp 16207 6310490112 "GET /static/drf-yasg/swagger-ui-init.js HTTP/1.1" 200 15480
INFO 2025-08-31 13:48:06,323 basehttp 16207 6192705536 "GET /?format=openapi HTTP/1.1" 200 134448
INFO 2025-08-31 13:56:52,260 basehttp 16207 6192705536 "POST /login/ HTTP/1.1" 200 991
INFO 2025-08-31 17:46:11,032 basehttp 16207 6192705536 "OPTIONS /login/ HTTP/1.1" 200 0
INFO 2025-08-31 17:46:11,222 basehttp 16207 6192705536 "POST /login/ HTTP/1.1" 200 995
WARNING 2025-08-31 17:46:13,672 log 16207 6209531904 Not Found: /api/sellers/profiles/by-auth-user-uid/c97f2da1-810c-4f86-98b4-18b722d5eecb/
WARNING 2025-08-31 17:46:13,672 basehttp 16207 6209531904 "GET /api/sellers/profiles/by-auth-user-uid/c97f2da1-810c-4f86-98b4-18b722d5eecb/ HTTP/1.1" 404 8100
WARNING 2025-08-31 17:48:07,912 log 16207 6209531904 Not Found: /api/sellers/profiles/by-auth-user-uid/c97f2da1-810c-4f86-98b4-18b722d5eecb/
WARNING 2025-08-31 17:48:07,914 basehttp 16207 6209531904 "GET /api/sellers/profiles/by-auth-user-uid/c97f2da1-810c-4f86-98b4-18b722d5eecb/ HTTP/1.1" 404 8100
WARNING 2025-08-31 17:48:09,101 log 16207 6209531904 Not Found: /api/sellers/profiles/by-auth-user-uid/c97f2da1-810c-4f86-98b4-18b722d5eecb/
WARNING 2025-08-31 17:48:09,101 basehttp 16207 6209531904 "GET /api/sellers/profiles/by-auth-user-uid/c97f2da1-810c-4f86-98b4-18b722d5eecb/ HTTP/1.1" 404 8100
WARNING 2025-08-31 18:13:59,089 log 16207 6192705536 Not Found: /api/sellers/profiles/by-auth-user-uid/c97f2da1-810c-4f86-98b4-18b722d5eecb/
WARNING 2025-08-31 18:13:59,090 basehttp 16207 6192705536 "GET /api/sellers/profiles/by-auth-user-uid/c97f2da1-810c-4f86-98b4-18b722d5eecb/ HTTP/1.1" 404 8100
WARNING 2025-08-31 18:14:00,329 log 16207 6192705536 Not Found: /api/sellers/profiles/by-auth-user-uid/c97f2da1-810c-4f86-98b4-18b722d5eecb/
WARNING 2025-08-31 18:14:00,330 basehttp 16207 6192705536 "GET /api/sellers/profiles/by-auth-user-uid/c97f2da1-810c-4f86-98b4-18b722d5eecb/ HTTP/1.1" 404 8100
WARNING 2025-08-31 18:21:00,949 log 16207 6192705536 Not Found: /api/sellers/profiles/by-auth-user-uid/c97f2da1-810c-4f86-98b4-18b722d5eecb/
WARNING 2025-08-31 18:21:00,950 basehttp 16207 6192705536 "GET /api/sellers/profiles/by-auth-user-uid/c97f2da1-810c-4f86-98b4-18b722d5eecb/ HTTP/1.1" 404 8100
WARNING 2025-08-31 18:21:02,227 log 16207 6192705536 Not Found: /api/sellers/profiles/by-auth-user-uid/c97f2da1-810c-4f86-98b4-18b722d5eecb/
WARNING 2025-08-31 18:21:02,227 basehttp 16207 6192705536 "GET /api/sellers/profiles/by-auth-user-uid/c97f2da1-810c-4f86-98b4-18b722d5eecb/ HTTP/1.1" 404 8100
WARNING 2025-08-31 18:22:34,078 log 16207 6192705536 Not Found: /api/sellers/profiles/by-auth-user-uid/c97f2da1-810c-4f86-98b4-18b722d5eecb/
WARNING 2025-08-31 18:22:34,078 basehttp 16207 6192705536 "GET /api/sellers/profiles/by-auth-user-uid/c97f2da1-810c-4f86-98b4-18b722d5eecb/ HTTP/1.1" 404 8100
WARNING 2025-08-31 18:22:35,007 log 16207 6192705536 Not Found: /api/sellers/profiles/by-auth-user-uid/c97f2da1-810c-4f86-98b4-18b722d5eecb/
WARNING 2025-08-31 18:22:35,009 basehttp 16207 6192705536 "GET /api/sellers/profiles/by-auth-user-uid/c97f2da1-810c-4f86-98b4-18b722d5eecb/ HTTP/1.1" 404 8100
INFO 2025-08-31 18:23:29,540 basehttp 16207 6192705536 "GET /api/seller/profiles/by-auth-user-uid/c97f2da1-810c-4f86-98b4-18b722d5eecb/ HTTP/1.1" 200 1197
INFO 2025-08-31 18:23:31,162 basehttp 16207 6192705536 "GET /api/seller/profiles/by-auth-user-uid/c97f2da1-810c-4f86-98b4-18b722d5eecb/ HTTP/1.1" 200 1197
INFO 2025-08-31 18:25:44,392 basehttp 16207 6192705536 "GET /api/seller/profiles/by-auth-user-uid/c97f2da1-810c-4f86-98b4-18b722d5eecb/ HTTP/1.1" 200 1197
INFO 2025-08-31 18:25:55,061 basehttp 16207 6192705536 "GET /api/seller/profiles/by-auth-user-uid/c97f2da1-810c-4f86-98b4-18b722d5eecb/ HTTP/1.1" 200 1197
INFO 2025-08-31 18:27:51,268 basehttp 16207 6209531904 "GET /api/seller/profiles/by-auth-user-uid/c97f2da1-810c-4f86-98b4-18b722d5eecb/ HTTP/1.1" 200 1197
ERROR 2025-08-31 18:27:51,310 log 16207 6192705536 Internal Server Error: /api/seller/profiles/c97f2da1-810c-4f86-98b4-18b722d5eecb/
Traceback (most recent call last):
  File "/Users/thulanimoyo/MEGA downloads/new downloads/BIDR_Backend/authentication_service/venv/lib/python3.10/site-packages/django/db/models/fields/__init__.py", line 2128, in get_prep_value
    return int(value)
  File "/Users/thulanimoyo/MEGA downloads/new downloads/BIDR_Backend/authentication_service/venv/lib/python3.10/site-packages/django/contrib/auth/models.py", line 549, in __int__
    raise TypeError(
TypeError: Cannot cast AnonymousUser to int. Are you trying to use it in place of User?

The above exception was the direct cause of the following exception:

Traceback (most recent call last):
  File "/Users/thulanimoyo/MEGA downloads/new downloads/BIDR_Backend/authentication_service/venv/lib/python3.10/site-packages/django/core/handlers/exception.py", line 55, in inner
    response = get_response(request)
  File "/Users/thulanimoyo/MEGA downloads/new downloads/BIDR_Backend/authentication_service/venv/lib/python3.10/site-packages/django/core/handlers/base.py", line 197, in _get_response
    response = wrapped_callback(request, *callback_args, **callback_kwargs)
  File "/Users/thulanimoyo/MEGA downloads/new downloads/BIDR_Backend/authentication_service/venv/lib/python3.10/site-packages/django/views/decorators/csrf.py", line 65, in _view_wrapper
    return view_func(request, *args, **kwargs)
  File "/Users/thulanimoyo/MEGA downloads/new downloads/BIDR_Backend/authentication_service/venv/lib/python3.10/site-packages/rest_framework/viewsets.py", line 125, in view
    return self.dispatch(request, *args, **kwargs)
  File "/Users/thulanimoyo/MEGA downloads/new downloads/BIDR_Backend/authentication_service/venv/lib/python3.10/site-packages/rest_framework/views.py", line 515, in dispatch
    response = self.handle_exception(exc)
  File "/Users/thulanimoyo/MEGA downloads/new downloads/BIDR_Backend/authentication_service/venv/lib/python3.10/site-packages/rest_framework/views.py", line 475, in handle_exception
    self.raise_uncaught_exception(exc)
  File "/Users/thulanimoyo/MEGA downloads/new downloads/BIDR_Backend/authentication_service/venv/lib/python3.10/site-packages/rest_framework/views.py", line 486, in raise_uncaught_exception
    raise exc
  File "/Users/thulanimoyo/MEGA downloads/new downloads/BIDR_Backend/authentication_service/venv/lib/python3.10/site-packages/rest_framework/views.py", line 512, in dispatch
    response = handler(request, *args, **kwargs)
  File "/Users/thulanimoyo/MEGA downloads/new downloads/BIDR_Backend/authentication_service/venv/lib/python3.10/site-packages/rest_framework/mixins.py", line 54, in retrieve
    instance = self.get_object()
  File "/Users/thulanimoyo/MEGA downloads/new downloads/BIDR_Backend/authentication_service/venv/lib/python3.10/site-packages/rest_framework/generics.py", line 87, in get_object
    queryset = self.filter_queryset(self.get_queryset())
  File "/Users/thulanimoyo/MEGA downloads/new downloads/BIDR_Backend/authentication_service/seller/views.py", line 99, in get_queryset
    queryset = queryset.filter(
  File "/Users/thulanimoyo/MEGA downloads/new downloads/BIDR_Backend/authentication_service/venv/lib/python3.10/site-packages/django/db/models/query.py", line 1493, in filter
    return self._filter_or_exclude(False, args, kwargs)
  File "/Users/thulanimoyo/MEGA downloads/new downloads/BIDR_Backend/authentication_service/venv/lib/python3.10/site-packages/django/db/models/query.py", line 1511, in _filter_or_exclude
    clone._filter_or_exclude_inplace(negate, args, kwargs)
  File "/Users/thulanimoyo/MEGA downloads/new downloads/BIDR_Backend/authentication_service/venv/lib/python3.10/site-packages/django/db/models/query.py", line 1518, in _filter_or_exclude_inplace
    self._query.add_q(Q(*args, **kwargs))
  File "/Users/thulanimoyo/MEGA downloads/new downloads/BIDR_Backend/authentication_service/venv/lib/python3.10/site-packages/django/db/models/sql/query.py", line 1646, in add_q
    clause, _ = self._add_q(q_object, can_reuse)
  File "/Users/thulanimoyo/MEGA downloads/new downloads/BIDR_Backend/authentication_service/venv/lib/python3.10/site-packages/django/db/models/sql/query.py", line 1678, in _add_q
    child_clause, needed_inner = self.build_filter(
  File "/Users/thulanimoyo/MEGA downloads/new downloads/BIDR_Backend/authentication_service/venv/lib/python3.10/site-packages/django/db/models/sql/query.py", line 1503, in build_filter
    return self._add_q(
  File "/Users/thulanimoyo/MEGA downloads/new downloads/BIDR_Backend/authentication_service/venv/lib/python3.10/site-packages/django/db/models/sql/query.py", line 1678, in _add_q
    child_clause, needed_inner = self.build_filter(
  File "/Users/thulanimoyo/MEGA downloads/new downloads/BIDR_Backend/authentication_service/venv/lib/python3.10/site-packages/django/db/models/sql/query.py", line 1588, in build_filter
    condition = self.build_lookup(lookups, col, value)
  File "/Users/thulanimoyo/MEGA downloads/new downloads/BIDR_Backend/authentication_service/venv/lib/python3.10/site-packages/django/db/models/sql/query.py", line 1415, in build_lookup
    lookup = lookup_class(lhs, rhs)
  File "/Users/thulanimoyo/MEGA downloads/new downloads/BIDR_Backend/authentication_service/venv/lib/python3.10/site-packages/django/db/models/lookups.py", line 38, in __init__
    self.rhs = self.get_prep_lookup()
  File "/Users/thulanimoyo/MEGA downloads/new downloads/BIDR_Backend/authentication_service/venv/lib/python3.10/site-packages/django/db/models/fields/related_lookups.py", line 112, in get_prep_lookup
    self.rhs = target_field.get_prep_value(self.rhs)
  File "/Users/thulanimoyo/MEGA downloads/new downloads/BIDR_Backend/authentication_service/venv/lib/python3.10/site-packages/django/db/models/fields/__init__.py", line 2130, in get_prep_value
    raise e.__class__(
TypeError: Field 'id' expected a number but got <django.contrib.auth.models.AnonymousUser object at 0x10607b190>.
ERROR 2025-08-31 18:27:51,313 basehttp 16207 6192705536 "GET /api/seller/profiles/c97f2da1-810c-4f86-98b4-18b722d5eecb/ HTTP/1.1" 500 187071
WARNING 2025-08-31 18:27:51,366 log 16207 6192705536 Not Found: /api/sellers/c97f2da1-810c-4f86-98b4-18b722d5eecb/
WARNING 2025-08-31 18:27:51,366 basehttp 16207 6192705536 "GET /api/sellers/c97f2da1-810c-4f86-98b4-18b722d5eecb/ HTTP/1.1" 404 8022
ERROR 2025-08-31 18:27:51,456 log 16207 6192705536 Internal Server Error: /api/seller/profiles/c97f2da1-810c-4f86-98b4-18b722d5eecb/
Traceback (most recent call last):
  File "/Users/thulanimoyo/MEGA downloads/new downloads/BIDR_Backend/authentication_service/venv/lib/python3.10/site-packages/django/db/models/fields/__init__.py", line 2128, in get_prep_value
    return int(value)
  File "/Users/thulanimoyo/MEGA downloads/new downloads/BIDR_Backend/authentication_service/venv/lib/python3.10/site-packages/django/contrib/auth/models.py", line 549, in __int__
    raise TypeError(
TypeError: Cannot cast AnonymousUser to int. Are you trying to use it in place of User?

The above exception was the direct cause of the following exception:

Traceback (most recent call last):
  File "/Users/thulanimoyo/MEGA downloads/new downloads/BIDR_Backend/authentication_service/venv/lib/python3.10/site-packages/django/core/handlers/exception.py", line 55, in inner
    response = get_response(request)
  File "/Users/thulanimoyo/MEGA downloads/new downloads/BIDR_Backend/authentication_service/venv/lib/python3.10/site-packages/django/core/handlers/base.py", line 197, in _get_response
    response = wrapped_callback(request, *callback_args, **callback_kwargs)
  File "/Users/thulanimoyo/MEGA downloads/new downloads/BIDR_Backend/authentication_service/venv/lib/python3.10/site-packages/django/views/decorators/csrf.py", line 65, in _view_wrapper
    return view_func(request, *args, **kwargs)
  File "/Users/thulanimoyo/MEGA downloads/new downloads/BIDR_Backend/authentication_service/venv/lib/python3.10/site-packages/rest_framework/viewsets.py", line 125, in view
    return self.dispatch(request, *args, **kwargs)
  File "/Users/thulanimoyo/MEGA downloads/new downloads/BIDR_Backend/authentication_service/venv/lib/python3.10/site-packages/rest_framework/views.py", line 515, in dispatch
    response = self.handle_exception(exc)
  File "/Users/thulanimoyo/MEGA downloads/new downloads/BIDR_Backend/authentication_service/venv/lib/python3.10/site-packages/rest_framework/views.py", line 475, in handle_exception
    self.raise_uncaught_exception(exc)
  File "/Users/thulanimoyo/MEGA downloads/new downloads/BIDR_Backend/authentication_service/venv/lib/python3.10/site-packages/rest_framework/views.py", line 486, in raise_uncaught_exception
    raise exc
  File "/Users/thulanimoyo/MEGA downloads/new downloads/BIDR_Backend/authentication_service/venv/lib/python3.10/site-packages/rest_framework/views.py", line 512, in dispatch
    response = handler(request, *args, **kwargs)
  File "/Users/thulanimoyo/MEGA downloads/new downloads/BIDR_Backend/authentication_service/venv/lib/python3.10/site-packages/rest_framework/mixins.py", line 54, in retrieve
    instance = self.get_object()
  File "/Users/thulanimoyo/MEGA downloads/new downloads/BIDR_Backend/authentication_service/venv/lib/python3.10/site-packages/rest_framework/generics.py", line 87, in get_object
    queryset = self.filter_queryset(self.get_queryset())
  File "/Users/thulanimoyo/MEGA downloads/new downloads/BIDR_Backend/authentication_service/seller/views.py", line 99, in get_queryset
    queryset = queryset.filter(
  File "/Users/thulanimoyo/MEGA downloads/new downloads/BIDR_Backend/authentication_service/venv/lib/python3.10/site-packages/django/db/models/query.py", line 1493, in filter
    return self._filter_or_exclude(False, args, kwargs)
  File "/Users/thulanimoyo/MEGA downloads/new downloads/BIDR_Backend/authentication_service/venv/lib/python3.10/site-packages/django/db/models/query.py", line 1511, in _filter_or_exclude
    clone._filter_or_exclude_inplace(negate, args, kwargs)
  File "/Users/thulanimoyo/MEGA downloads/new downloads/BIDR_Backend/authentication_service/venv/lib/python3.10/site-packages/django/db/models/query.py", line 1518, in _filter_or_exclude_inplace
    self._query.add_q(Q(*args, **kwargs))
  File "/Users/thulanimoyo/MEGA downloads/new downloads/BIDR_Backend/authentication_service/venv/lib/python3.10/site-packages/django/db/models/sql/query.py", line 1646, in add_q
    clause, _ = self._add_q(q_object, can_reuse)
  File "/Users/thulanimoyo/MEGA downloads/new downloads/BIDR_Backend/authentication_service/venv/lib/python3.10/site-packages/django/db/models/sql/query.py", line 1678, in _add_q
    child_clause, needed_inner = self.build_filter(
  File "/Users/thulanimoyo/MEGA downloads/new downloads/BIDR_Backend/authentication_service/venv/lib/python3.10/site-packages/django/db/models/sql/query.py", line 1503, in build_filter
    return self._add_q(
  File "/Users/thulanimoyo/MEGA downloads/new downloads/BIDR_Backend/authentication_service/venv/lib/python3.10/site-packages/django/db/models/sql/query.py", line 1678, in _add_q
    child_clause, needed_inner = self.build_filter(
  File "/Users/thulanimoyo/MEGA downloads/new downloads/BIDR_Backend/authentication_service/venv/lib/python3.10/site-packages/django/db/models/sql/query.py", line 1588, in build_filter
    condition = self.build_lookup(lookups, col, value)
  File "/Users/thulanimoyo/MEGA downloads/new downloads/BIDR_Backend/authentication_service/venv/lib/python3.10/site-packages/django/db/models/sql/query.py", line 1415, in build_lookup
    lookup = lookup_class(lhs, rhs)
  File "/Users/thulanimoyo/MEGA downloads/new downloads/BIDR_Backend/authentication_service/venv/lib/python3.10/site-packages/django/db/models/lookups.py", line 38, in __init__
    self.rhs = self.get_prep_lookup()
  File "/Users/thulanimoyo/MEGA downloads/new downloads/BIDR_Backend/authentication_service/venv/lib/python3.10/site-packages/django/db/models/fields/related_lookups.py", line 112, in get_prep_lookup
    self.rhs = target_field.get_prep_value(self.rhs)
  File "/Users/thulanimoyo/MEGA downloads/new downloads/BIDR_Backend/authentication_service/venv/lib/python3.10/site-packages/django/db/models/fields/__init__.py", line 2130, in get_prep_value
    raise e.__class__(
TypeError: Field 'id' expected a number but got <django.contrib.auth.models.AnonymousUser object at 0x1113ba710>.
ERROR 2025-08-31 18:27:51,457 basehttp 16207 6192705536 "GET /api/seller/profiles/c97f2da1-810c-4f86-98b4-18b722d5eecb/ HTTP/1.1" 500 187071
WARNING 2025-08-31 18:27:51,471 log 16207 6192705536 Not Found: /api/sellers/c97f2da1-810c-4f86-98b4-18b722d5eecb/
WARNING 2025-08-31 18:27:51,471 basehttp 16207 6192705536 "GET /api/sellers/c97f2da1-810c-4f86-98b4-18b722d5eecb/ HTTP/1.1" 404 8022
ERROR 2025-08-31 18:27:51,510 log 16207 6192705536 Internal Server Error: /api/seller/profiles/c97f2da1-810c-4f86-98b4-18b722d5eecb/
Traceback (most recent call last):
  File "/Users/thulanimoyo/MEGA downloads/new downloads/BIDR_Backend/authentication_service/venv/lib/python3.10/site-packages/django/db/models/fields/__init__.py", line 2128, in get_prep_value
    return int(value)
  File "/Users/thulanimoyo/MEGA downloads/new downloads/BIDR_Backend/authentication_service/venv/lib/python3.10/site-packages/django/contrib/auth/models.py", line 549, in __int__
    raise TypeError(
TypeError: Cannot cast AnonymousUser to int. Are you trying to use it in place of User?

The above exception was the direct cause of the following exception:

Traceback (most recent call last):
  File "/Users/thulanimoyo/MEGA downloads/new downloads/BIDR_Backend/authentication_service/venv/lib/python3.10/site-packages/django/core/handlers/exception.py", line 55, in inner
    response = get_response(request)
  File "/Users/thulanimoyo/MEGA downloads/new downloads/BIDR_Backend/authentication_service/venv/lib/python3.10/site-packages/django/core/handlers/base.py", line 197, in _get_response
    response = wrapped_callback(request, *callback_args, **callback_kwargs)
  File "/Users/thulanimoyo/MEGA downloads/new downloads/BIDR_Backend/authentication_service/venv/lib/python3.10/site-packages/django/views/decorators/csrf.py", line 65, in _view_wrapper
    return view_func(request, *args, **kwargs)
  File "/Users/thulanimoyo/MEGA downloads/new downloads/BIDR_Backend/authentication_service/venv/lib/python3.10/site-packages/rest_framework/viewsets.py", line 125, in view
    return self.dispatch(request, *args, **kwargs)
  File "/Users/thulanimoyo/MEGA downloads/new downloads/BIDR_Backend/authentication_service/venv/lib/python3.10/site-packages/rest_framework/views.py", line 515, in dispatch
    response = self.handle_exception(exc)
  File "/Users/thulanimoyo/MEGA downloads/new downloads/BIDR_Backend/authentication_service/venv/lib/python3.10/site-packages/rest_framework/views.py", line 475, in handle_exception
    self.raise_uncaught_exception(exc)
  File "/Users/thulanimoyo/MEGA downloads/new downloads/BIDR_Backend/authentication_service/venv/lib/python3.10/site-packages/rest_framework/views.py", line 486, in raise_uncaught_exception
    raise exc
  File "/Users/thulanimoyo/MEGA downloads/new downloads/BIDR_Backend/authentication_service/venv/lib/python3.10/site-packages/rest_framework/views.py", line 512, in dispatch
    response = handler(request, *args, **kwargs)
  File "/Users/thulanimoyo/MEGA downloads/new downloads/BIDR_Backend/authentication_service/venv/lib/python3.10/site-packages/rest_framework/mixins.py", line 54, in retrieve
    instance = self.get_object()
  File "/Users/thulanimoyo/MEGA downloads/new downloads/BIDR_Backend/authentication_service/venv/lib/python3.10/site-packages/rest_framework/generics.py", line 87, in get_object
    queryset = self.filter_queryset(self.get_queryset())
  File "/Users/thulanimoyo/MEGA downloads/new downloads/BIDR_Backend/authentication_service/seller/views.py", line 99, in get_queryset
    queryset = queryset.filter(
  File "/Users/thulanimoyo/MEGA downloads/new downloads/BIDR_Backend/authentication_service/venv/lib/python3.10/site-packages/django/db/models/query.py", line 1493, in filter
    return self._filter_or_exclude(False, args, kwargs)
  File "/Users/thulanimoyo/MEGA downloads/new downloads/BIDR_Backend/authentication_service/venv/lib/python3.10/site-packages/django/db/models/query.py", line 1511, in _filter_or_exclude
    clone._filter_or_exclude_inplace(negate, args, kwargs)
  File "/Users/thulanimoyo/MEGA downloads/new downloads/BIDR_Backend/authentication_service/venv/lib/python3.10/site-packages/django/db/models/query.py", line 1518, in _filter_or_exclude_inplace
    self._query.add_q(Q(*args, **kwargs))
  File "/Users/thulanimoyo/MEGA downloads/new downloads/BIDR_Backend/authentication_service/venv/lib/python3.10/site-packages/django/db/models/sql/query.py", line 1646, in add_q
    clause, _ = self._add_q(q_object, can_reuse)
  File "/Users/thulanimoyo/MEGA downloads/new downloads/BIDR_Backend/authentication_service/venv/lib/python3.10/site-packages/django/db/models/sql/query.py", line 1678, in _add_q
    child_clause, needed_inner = self.build_filter(
  File "/Users/thulanimoyo/MEGA downloads/new downloads/BIDR_Backend/authentication_service/venv/lib/python3.10/site-packages/django/db/models/sql/query.py", line 1503, in build_filter
    return self._add_q(
  File "/Users/thulanimoyo/MEGA downloads/new downloads/BIDR_Backend/authentication_service/venv/lib/python3.10/site-packages/django/db/models/sql/query.py", line 1678, in _add_q
    child_clause, needed_inner = self.build_filter(
  File "/Users/thulanimoyo/MEGA downloads/new downloads/BIDR_Backend/authentication_service/venv/lib/python3.10/site-packages/django/db/models/sql/query.py", line 1588, in build_filter
    condition = self.build_lookup(lookups, col, value)
  File "/Users/thulanimoyo/MEGA downloads/new downloads/BIDR_Backend/authentication_service/venv/lib/python3.10/site-packages/django/db/models/sql/query.py", line 1415, in build_lookup
    lookup = lookup_class(lhs, rhs)
  File "/Users/thulanimoyo/MEGA downloads/new downloads/BIDR_Backend/authentication_service/venv/lib/python3.10/site-packages/django/db/models/lookups.py", line 38, in __init__
    self.rhs = self.get_prep_lookup()
  File "/Users/thulanimoyo/MEGA downloads/new downloads/BIDR_Backend/authentication_service/venv/lib/python3.10/site-packages/django/db/models/fields/related_lookups.py", line 112, in get_prep_lookup
    self.rhs = target_field.get_prep_value(self.rhs)
  File "/Users/thulanimoyo/MEGA downloads/new downloads/BIDR_Backend/authentication_service/venv/lib/python3.10/site-packages/django/db/models/fields/__init__.py", line 2130, in get_prep_value
    raise e.__class__(
TypeError: Field 'id' expected a number but got <django.contrib.auth.models.AnonymousUser object at 0x111368ca0>.
ERROR 2025-08-31 18:27:51,511 basehttp 16207 6192705536 "GET /api/seller/profiles/c97f2da1-810c-4f86-98b4-18b722d5eecb/ HTTP/1.1" 500 187071
WARNING 2025-08-31 18:27:51,521 log 16207 6192705536 Not Found: /api/sellers/c97f2da1-810c-4f86-98b4-18b722d5eecb/
WARNING 2025-08-31 18:27:51,521 basehttp 16207 6192705536 "GET /api/sellers/c97f2da1-810c-4f86-98b4-18b722d5eecb/ HTTP/1.1" 404 8022
ERROR 2025-08-31 18:27:51,574 log 16207 6192705536 Internal Server Error: /api/seller/profiles/c97f2da1-810c-4f86-98b4-18b722d5eecb/
Traceback (most recent call last):
  File "/Users/thulanimoyo/MEGA downloads/new downloads/BIDR_Backend/authentication_service/venv/lib/python3.10/site-packages/django/db/models/fields/__init__.py", line 2128, in get_prep_value
    return int(value)
  File "/Users/thulanimoyo/MEGA downloads/new downloads/BIDR_Backend/authentication_service/venv/lib/python3.10/site-packages/django/contrib/auth/models.py", line 549, in __int__
    raise TypeError(
TypeError: Cannot cast AnonymousUser to int. Are you trying to use it in place of User?

The above exception was the direct cause of the following exception:

Traceback (most recent call last):
  File "/Users/thulanimoyo/MEGA downloads/new downloads/BIDR_Backend/authentication_service/venv/lib/python3.10/site-packages/django/core/handlers/exception.py", line 55, in inner
    response = get_response(request)
  File "/Users/thulanimoyo/MEGA downloads/new downloads/BIDR_Backend/authentication_service/venv/lib/python3.10/site-packages/django/core/handlers/base.py", line 197, in _get_response
    response = wrapped_callback(request, *callback_args, **callback_kwargs)
  File "/Users/thulanimoyo/MEGA downloads/new downloads/BIDR_Backend/authentication_service/venv/lib/python3.10/site-packages/django/views/decorators/csrf.py", line 65, in _view_wrapper
    return view_func(request, *args, **kwargs)
  File "/Users/thulanimoyo/MEGA downloads/new downloads/BIDR_Backend/authentication_service/venv/lib/python3.10/site-packages/rest_framework/viewsets.py", line 125, in view
    return self.dispatch(request, *args, **kwargs)
  File "/Users/thulanimoyo/MEGA downloads/new downloads/BIDR_Backend/authentication_service/venv/lib/python3.10/site-packages/rest_framework/views.py", line 515, in dispatch
    response = self.handle_exception(exc)
  File "/Users/thulanimoyo/MEGA downloads/new downloads/BIDR_Backend/authentication_service/venv/lib/python3.10/site-packages/rest_framework/views.py", line 475, in handle_exception
    self.raise_uncaught_exception(exc)
  File "/Users/thulanimoyo/MEGA downloads/new downloads/BIDR_Backend/authentication_service/venv/lib/python3.10/site-packages/rest_framework/views.py", line 486, in raise_uncaught_exception
    raise exc
  File "/Users/thulanimoyo/MEGA downloads/new downloads/BIDR_Backend/authentication_service/venv/lib/python3.10/site-packages/rest_framework/views.py", line 512, in dispatch
    response = handler(request, *args, **kwargs)
  File "/Users/thulanimoyo/MEGA downloads/new downloads/BIDR_Backend/authentication_service/venv/lib/python3.10/site-packages/rest_framework/mixins.py", line 54, in retrieve
    instance = self.get_object()
  File "/Users/thulanimoyo/MEGA downloads/new downloads/BIDR_Backend/authentication_service/venv/lib/python3.10/site-packages/rest_framework/generics.py", line 87, in get_object
    queryset = self.filter_queryset(self.get_queryset())
  File "/Users/thulanimoyo/MEGA downloads/new downloads/BIDR_Backend/authentication_service/seller/views.py", line 99, in get_queryset
    queryset = queryset.filter(
  File "/Users/thulanimoyo/MEGA downloads/new downloads/BIDR_Backend/authentication_service/venv/lib/python3.10/site-packages/django/db/models/query.py", line 1493, in filter
    return self._filter_or_exclude(False, args, kwargs)
  File "/Users/thulanimoyo/MEGA downloads/new downloads/BIDR_Backend/authentication_service/venv/lib/python3.10/site-packages/django/db/models/query.py", line 1511, in _filter_or_exclude
    clone._filter_or_exclude_inplace(negate, args, kwargs)
  File "/Users/thulanimoyo/MEGA downloads/new downloads/BIDR_Backend/authentication_service/venv/lib/python3.10/site-packages/django/db/models/query.py", line 1518, in _filter_or_exclude_inplace
    self._query.add_q(Q(*args, **kwargs))
  File "/Users/thulanimoyo/MEGA downloads/new downloads/BIDR_Backend/authentication_service/venv/lib/python3.10/site-packages/django/db/models/sql/query.py", line 1646, in add_q
    clause, _ = self._add_q(q_object, can_reuse)
  File "/Users/thulanimoyo/MEGA downloads/new downloads/BIDR_Backend/authentication_service/venv/lib/python3.10/site-packages/django/db/models/sql/query.py", line 1678, in _add_q
    child_clause, needed_inner = self.build_filter(
  File "/Users/thulanimoyo/MEGA downloads/new downloads/BIDR_Backend/authentication_service/venv/lib/python3.10/site-packages/django/db/models/sql/query.py", line 1503, in build_filter
    return self._add_q(
  File "/Users/thulanimoyo/MEGA downloads/new downloads/BIDR_Backend/authentication_service/venv/lib/python3.10/site-packages/django/db/models/sql/query.py", line 1678, in _add_q
    child_clause, needed_inner = self.build_filter(
  File "/Users/thulanimoyo/MEGA downloads/new downloads/BIDR_Backend/authentication_service/venv/lib/python3.10/site-packages/django/db/models/sql/query.py", line 1588, in build_filter
    condition = self.build_lookup(lookups, col, value)
  File "/Users/thulanimoyo/MEGA downloads/new downloads/BIDR_Backend/authentication_service/venv/lib/python3.10/site-packages/django/db/models/sql/query.py", line 1415, in build_lookup
    lookup = lookup_class(lhs, rhs)
  File "/Users/thulanimoyo/MEGA downloads/new downloads/BIDR_Backend/authentication_service/venv/lib/python3.10/site-packages/django/db/models/lookups.py", line 38, in __init__
    self.rhs = self.get_prep_lookup()
  File "/Users/thulanimoyo/MEGA downloads/new downloads/BIDR_Backend/authentication_service/venv/lib/python3.10/site-packages/django/db/models/fields/related_lookups.py", line 112, in get_prep_lookup
    self.rhs = target_field.get_prep_value(self.rhs)
  File "/Users/thulanimoyo/MEGA downloads/new downloads/BIDR_Backend/authentication_service/venv/lib/python3.10/site-packages/django/db/models/fields/__init__.py", line 2130, in get_prep_value
    raise e.__class__(
TypeError: Field 'id' expected a number but got <django.contrib.auth.models.AnonymousUser object at 0x111398bb0>.
ERROR 2025-08-31 18:27:51,575 basehttp 16207 6192705536 "GET /api/seller/profiles/c97f2da1-810c-4f86-98b4-18b722d5eecb/ HTTP/1.1" 500 187071
WARNING 2025-08-31 18:27:51,586 log 16207 6192705536 Not Found: /api/sellers/c97f2da1-810c-4f86-98b4-18b722d5eecb/
WARNING 2025-08-31 18:27:51,586 basehttp 16207 6192705536 "GET /api/sellers/c97f2da1-810c-4f86-98b4-18b722d5eecb/ HTTP/1.1" 404 8022
ERROR 2025-08-31 18:27:51,618 log 16207 6192705536 Internal Server Error: /api/seller/profiles/c97f2da1-810c-4f86-98b4-18b722d5eecb/
Traceback (most recent call last):
  File "/Users/thulanimoyo/MEGA downloads/new downloads/BIDR_Backend/authentication_service/venv/lib/python3.10/site-packages/django/db/models/fields/__init__.py", line 2128, in get_prep_value
    return int(value)
  File "/Users/thulanimoyo/MEGA downloads/new downloads/BIDR_Backend/authentication_service/venv/lib/python3.10/site-packages/django/contrib/auth/models.py", line 549, in __int__
    raise TypeError(
TypeError: Cannot cast AnonymousUser to int. Are you trying to use it in place of User?

The above exception was the direct cause of the following exception:

Traceback (most recent call last):
  File "/Users/thulanimoyo/MEGA downloads/new downloads/BIDR_Backend/authentication_service/venv/lib/python3.10/site-packages/django/core/handlers/exception.py", line 55, in inner
    response = get_response(request)
  File "/Users/thulanimoyo/MEGA downloads/new downloads/BIDR_Backend/authentication_service/venv/lib/python3.10/site-packages/django/core/handlers/base.py", line 197, in _get_response
    response = wrapped_callback(request, *callback_args, **callback_kwargs)
  File "/Users/thulanimoyo/MEGA downloads/new downloads/BIDR_Backend/authentication_service/venv/lib/python3.10/site-packages/django/views/decorators/csrf.py", line 65, in _view_wrapper
    return view_func(request, *args, **kwargs)
  File "/Users/thulanimoyo/MEGA downloads/new downloads/BIDR_Backend/authentication_service/venv/lib/python3.10/site-packages/rest_framework/viewsets.py", line 125, in view
    return self.dispatch(request, *args, **kwargs)
  File "/Users/thulanimoyo/MEGA downloads/new downloads/BIDR_Backend/authentication_service/venv/lib/python3.10/site-packages/rest_framework/views.py", line 515, in dispatch
    response = self.handle_exception(exc)
  File "/Users/thulanimoyo/MEGA downloads/new downloads/BIDR_Backend/authentication_service/venv/lib/python3.10/site-packages/rest_framework/views.py", line 475, in handle_exception
    self.raise_uncaught_exception(exc)
  File "/Users/thulanimoyo/MEGA downloads/new downloads/BIDR_Backend/authentication_service/venv/lib/python3.10/site-packages/rest_framework/views.py", line 486, in raise_uncaught_exception
    raise exc
  File "/Users/thulanimoyo/MEGA downloads/new downloads/BIDR_Backend/authentication_service/venv/lib/python3.10/site-packages/rest_framework/views.py", line 512, in dispatch
    response = handler(request, *args, **kwargs)
  File "/Users/thulanimoyo/MEGA downloads/new downloads/BIDR_Backend/authentication_service/venv/lib/python3.10/site-packages/rest_framework/mixins.py", line 54, in retrieve
    instance = self.get_object()
  File "/Users/thulanimoyo/MEGA downloads/new downloads/BIDR_Backend/authentication_service/venv/lib/python3.10/site-packages/rest_framework/generics.py", line 87, in get_object
    queryset = self.filter_queryset(self.get_queryset())
  File "/Users/thulanimoyo/MEGA downloads/new downloads/BIDR_Backend/authentication_service/seller/views.py", line 99, in get_queryset
    queryset = queryset.filter(
  File "/Users/thulanimoyo/MEGA downloads/new downloads/BIDR_Backend/authentication_service/venv/lib/python3.10/site-packages/django/db/models/query.py", line 1493, in filter
    return self._filter_or_exclude(False, args, kwargs)
  File "/Users/thulanimoyo/MEGA downloads/new downloads/BIDR_Backend/authentication_service/venv/lib/python3.10/site-packages/django/db/models/query.py", line 1511, in _filter_or_exclude
    clone._filter_or_exclude_inplace(negate, args, kwargs)
  File "/Users/thulanimoyo/MEGA downloads/new downloads/BIDR_Backend/authentication_service/venv/lib/python3.10/site-packages/django/db/models/query.py", line 1518, in _filter_or_exclude_inplace
    self._query.add_q(Q(*args, **kwargs))
  File "/Users/thulanimoyo/MEGA downloads/new downloads/BIDR_Backend/authentication_service/venv/lib/python3.10/site-packages/django/db/models/sql/query.py", line 1646, in add_q
    clause, _ = self._add_q(q_object, can_reuse)
  File "/Users/thulanimoyo/MEGA downloads/new downloads/BIDR_Backend/authentication_service/venv/lib/python3.10/site-packages/django/db/models/sql/query.py", line 1678, in _add_q
    child_clause, needed_inner = self.build_filter(
  File "/Users/thulanimoyo/MEGA downloads/new downloads/BIDR_Backend/authentication_service/venv/lib/python3.10/site-packages/django/db/models/sql/query.py", line 1503, in build_filter
    return self._add_q(
  File "/Users/thulanimoyo/MEGA downloads/new downloads/BIDR_Backend/authentication_service/venv/lib/python3.10/site-packages/django/db/models/sql/query.py", line 1678, in _add_q
    child_clause, needed_inner = self.build_filter(
  File "/Users/thulanimoyo/MEGA downloads/new downloads/BIDR_Backend/authentication_service/venv/lib/python3.10/site-packages/django/db/models/sql/query.py", line 1588, in build_filter
    condition = self.build_lookup(lookups, col, value)
  File "/Users/thulanimoyo/MEGA downloads/new downloads/BIDR_Backend/authentication_service/venv/lib/python3.10/site-packages/django/db/models/sql/query.py", line 1415, in build_lookup
    lookup = lookup_class(lhs, rhs)
  File "/Users/thulanimoyo/MEGA downloads/new downloads/BIDR_Backend/authentication_service/venv/lib/python3.10/site-packages/django/db/models/lookups.py", line 38, in __init__
    self.rhs = self.get_prep_lookup()
  File "/Users/thulanimoyo/MEGA downloads/new downloads/BIDR_Backend/authentication_service/venv/lib/python3.10/site-packages/django/db/models/fields/related_lookups.py", line 112, in get_prep_lookup
    self.rhs = target_field.get_prep_value(self.rhs)
  File "/Users/thulanimoyo/MEGA downloads/new downloads/BIDR_Backend/authentication_service/venv/lib/python3.10/site-packages/django/db/models/fields/__init__.py", line 2130, in get_prep_value
    raise e.__class__(
TypeError: Field 'id' expected a number but got <django.contrib.auth.models.AnonymousUser object at 0x1113803d0>.
ERROR 2025-08-31 18:27:51,619 basehttp 16207 6192705536 "GET /api/seller/profiles/c97f2da1-810c-4f86-98b4-18b722d5eecb/ HTTP/1.1" 500 187071
WARNING 2025-08-31 18:27:51,637 log 16207 6192705536 Not Found: /api/sellers/c97f2da1-810c-4f86-98b4-18b722d5eecb/
WARNING 2025-08-31 18:27:51,637 basehttp 16207 6192705536 "GET /api/sellers/c97f2da1-810c-4f86-98b4-18b722d5eecb/ HTTP/1.1" 404 8022
ERROR 2025-08-31 18:27:51,710 log 16207 6192705536 Internal Server Error: /api/seller/profiles/c97f2da1-810c-4f86-98b4-18b722d5eecb/
Traceback (most recent call last):
  File "/Users/thulanimoyo/MEGA downloads/new downloads/BIDR_Backend/authentication_service/venv/lib/python3.10/site-packages/django/db/models/fields/__init__.py", line 2128, in get_prep_value
    return int(value)
  File "/Users/thulanimoyo/MEGA downloads/new downloads/BIDR_Backend/authentication_service/venv/lib/python3.10/site-packages/django/contrib/auth/models.py", line 549, in __int__
    raise TypeError(
TypeError: Cannot cast AnonymousUser to int. Are you trying to use it in place of User?

The above exception was the direct cause of the following exception:

Traceback (most recent call last):
  File "/Users/thulanimoyo/MEGA downloads/new downloads/BIDR_Backend/authentication_service/venv/lib/python3.10/site-packages/django/core/handlers/exception.py", line 55, in inner
    response = get_response(request)
  File "/Users/thulanimoyo/MEGA downloads/new downloads/BIDR_Backend/authentication_service/venv/lib/python3.10/site-packages/django/core/handlers/base.py", line 197, in _get_response
    response = wrapped_callback(request, *callback_args, **callback_kwargs)
  File "/Users/thulanimoyo/MEGA downloads/new downloads/BIDR_Backend/authentication_service/venv/lib/python3.10/site-packages/django/views/decorators/csrf.py", line 65, in _view_wrapper
    return view_func(request, *args, **kwargs)
  File "/Users/thulanimoyo/MEGA downloads/new downloads/BIDR_Backend/authentication_service/venv/lib/python3.10/site-packages/rest_framework/viewsets.py", line 125, in view
    return self.dispatch(request, *args, **kwargs)
  File "/Users/thulanimoyo/MEGA downloads/new downloads/BIDR_Backend/authentication_service/venv/lib/python3.10/site-packages/rest_framework/views.py", line 515, in dispatch
    response = self.handle_exception(exc)
  File "/Users/thulanimoyo/MEGA downloads/new downloads/BIDR_Backend/authentication_service/venv/lib/python3.10/site-packages/rest_framework/views.py", line 475, in handle_exception
    self.raise_uncaught_exception(exc)
  File "/Users/thulanimoyo/MEGA downloads/new downloads/BIDR_Backend/authentication_service/venv/lib/python3.10/site-packages/rest_framework/views.py", line 486, in raise_uncaught_exception
    raise exc
  File "/Users/thulanimoyo/MEGA downloads/new downloads/BIDR_Backend/authentication_service/venv/lib/python3.10/site-packages/rest_framework/views.py", line 512, in dispatch
    response = handler(request, *args, **kwargs)
  File "/Users/thulanimoyo/MEGA downloads/new downloads/BIDR_Backend/authentication_service/venv/lib/python3.10/site-packages/rest_framework/mixins.py", line 54, in retrieve
    instance = self.get_object()
  File "/Users/thulanimoyo/MEGA downloads/new downloads/BIDR_Backend/authentication_service/venv/lib/python3.10/site-packages/rest_framework/generics.py", line 87, in get_object
    queryset = self.filter_queryset(self.get_queryset())
  File "/Users/thulanimoyo/MEGA downloads/new downloads/BIDR_Backend/authentication_service/seller/views.py", line 99, in get_queryset
    queryset = queryset.filter(
  File "/Users/thulanimoyo/MEGA downloads/new downloads/BIDR_Backend/authentication_service/venv/lib/python3.10/site-packages/django/db/models/query.py", line 1493, in filter
    return self._filter_or_exclude(False, args, kwargs)
  File "/Users/thulanimoyo/MEGA downloads/new downloads/BIDR_Backend/authentication_service/venv/lib/python3.10/site-packages/django/db/models/query.py", line 1511, in _filter_or_exclude
    clone._filter_or_exclude_inplace(negate, args, kwargs)
  File "/Users/thulanimoyo/MEGA downloads/new downloads/BIDR_Backend/authentication_service/venv/lib/python3.10/site-packages/django/db/models/query.py", line 1518, in _filter_or_exclude_inplace
    self._query.add_q(Q(*args, **kwargs))
  File "/Users/thulanimoyo/MEGA downloads/new downloads/BIDR_Backend/authentication_service/venv/lib/python3.10/site-packages/django/db/models/sql/query.py", line 1646, in add_q
    clause, _ = self._add_q(q_object, can_reuse)
  File "/Users/thulanimoyo/MEGA downloads/new downloads/BIDR_Backend/authentication_service/venv/lib/python3.10/site-packages/django/db/models/sql/query.py", line 1678, in _add_q
    child_clause, needed_inner = self.build_filter(
  File "/Users/thulanimoyo/MEGA downloads/new downloads/BIDR_Backend/authentication_service/venv/lib/python3.10/site-packages/django/db/models/sql/query.py", line 1503, in build_filter
    return self._add_q(
  File "/Users/thulanimoyo/MEGA downloads/new downloads/BIDR_Backend/authentication_service/venv/lib/python3.10/site-packages/django/db/models/sql/query.py", line 1678, in _add_q
    child_clause, needed_inner = self.build_filter(
  File "/Users/thulanimoyo/MEGA downloads/new downloads/BIDR_Backend/authentication_service/venv/lib/python3.10/site-packages/django/db/models/sql/query.py", line 1588, in build_filter
    condition = self.build_lookup(lookups, col, value)
  File "/Users/thulanimoyo/MEGA downloads/new downloads/BIDR_Backend/authentication_service/venv/lib/python3.10/site-packages/django/db/models/sql/query.py", line 1415, in build_lookup
    lookup = lookup_class(lhs, rhs)
  File "/Users/thulanimoyo/MEGA downloads/new downloads/BIDR_Backend/authentication_service/venv/lib/python3.10/site-packages/django/db/models/lookups.py", line 38, in __init__
    self.rhs = self.get_prep_lookup()
  File "/Users/thulanimoyo/MEGA downloads/new downloads/BIDR_Backend/authentication_service/venv/lib/python3.10/site-packages/django/db/models/fields/related_lookups.py", line 112, in get_prep_lookup
    self.rhs = target_field.get_prep_value(self.rhs)
  File "/Users/thulanimoyo/MEGA downloads/new downloads/BIDR_Backend/authentication_service/venv/lib/python3.10/site-packages/django/db/models/fields/__init__.py", line 2130, in get_prep_value
    raise e.__class__(
TypeError: Field 'id' expected a number but got <django.contrib.auth.models.AnonymousUser object at 0x10607a9b0>.
ERROR 2025-08-31 18:27:51,711 basehttp 16207 6192705536 "GET /api/seller/profiles/c97f2da1-810c-4f86-98b4-18b722d5eecb/ HTTP/1.1" 500 187071
WARNING 2025-08-31 18:27:51,722 log 16207 6192705536 Not Found: /api/sellers/c97f2da1-810c-4f86-98b4-18b722d5eecb/
WARNING 2025-08-31 18:27:51,723 basehttp 16207 6192705536 "GET /api/sellers/c97f2da1-810c-4f86-98b4-18b722d5eecb/ HTTP/1.1" 404 8022
ERROR 2025-08-31 18:27:51,749 log 16207 6192705536 Internal Server Error: /api/seller/profiles/c97f2da1-810c-4f86-98b4-18b722d5eecb/
Traceback (most recent call last):
  File "/Users/thulanimoyo/MEGA downloads/new downloads/BIDR_Backend/authentication_service/venv/lib/python3.10/site-packages/django/db/models/fields/__init__.py", line 2128, in get_prep_value
    return int(value)
  File "/Users/thulanimoyo/MEGA downloads/new downloads/BIDR_Backend/authentication_service/venv/lib/python3.10/site-packages/django/contrib/auth/models.py", line 549, in __int__
    raise TypeError(
TypeError: Cannot cast AnonymousUser to int. Are you trying to use it in place of User?

The above exception was the direct cause of the following exception:

Traceback (most recent call last):
  File "/Users/thulanimoyo/MEGA downloads/new downloads/BIDR_Backend/authentication_service/venv/lib/python3.10/site-packages/django/core/handlers/exception.py", line 55, in inner
    response = get_response(request)
  File "/Users/thulanimoyo/MEGA downloads/new downloads/BIDR_Backend/authentication_service/venv/lib/python3.10/site-packages/django/core/handlers/base.py", line 197, in _get_response
    response = wrapped_callback(request, *callback_args, **callback_kwargs)
  File "/Users/thulanimoyo/MEGA downloads/new downloads/BIDR_Backend/authentication_service/venv/lib/python3.10/site-packages/django/views/decorators/csrf.py", line 65, in _view_wrapper
    return view_func(request, *args, **kwargs)
  File "/Users/thulanimoyo/MEGA downloads/new downloads/BIDR_Backend/authentication_service/venv/lib/python3.10/site-packages/rest_framework/viewsets.py", line 125, in view
    return self.dispatch(request, *args, **kwargs)
  File "/Users/thulanimoyo/MEGA downloads/new downloads/BIDR_Backend/authentication_service/venv/lib/python3.10/site-packages/rest_framework/views.py", line 515, in dispatch
    response = self.handle_exception(exc)
  File "/Users/thulanimoyo/MEGA downloads/new downloads/BIDR_Backend/authentication_service/venv/lib/python3.10/site-packages/rest_framework/views.py", line 475, in handle_exception
    self.raise_uncaught_exception(exc)
  File "/Users/thulanimoyo/MEGA downloads/new downloads/BIDR_Backend/authentication_service/venv/lib/python3.10/site-packages/rest_framework/views.py", line 486, in raise_uncaught_exception
    raise exc
  File "/Users/thulanimoyo/MEGA downloads/new downloads/BIDR_Backend/authentication_service/venv/lib/python3.10/site-packages/rest_framework/views.py", line 512, in dispatch
    response = handler(request, *args, **kwargs)
  File "/Users/thulanimoyo/MEGA downloads/new downloads/BIDR_Backend/authentication_service/venv/lib/python3.10/site-packages/rest_framework/mixins.py", line 54, in retrieve
    instance = self.get_object()
  File "/Users/thulanimoyo/MEGA downloads/new downloads/BIDR_Backend/authentication_service/venv/lib/python3.10/site-packages/rest_framework/generics.py", line 87, in get_object
    queryset = self.filter_queryset(self.get_queryset())
  File "/Users/thulanimoyo/MEGA downloads/new downloads/BIDR_Backend/authentication_service/seller/views.py", line 99, in get_queryset
    queryset = queryset.filter(
  File "/Users/thulanimoyo/MEGA downloads/new downloads/BIDR_Backend/authentication_service/venv/lib/python3.10/site-packages/django/db/models/query.py", line 1493, in filter
    return self._filter_or_exclude(False, args, kwargs)
  File "/Users/thulanimoyo/MEGA downloads/new downloads/BIDR_Backend/authentication_service/venv/lib/python3.10/site-packages/django/db/models/query.py", line 1511, in _filter_or_exclude
    clone._filter_or_exclude_inplace(negate, args, kwargs)
  File "/Users/thulanimoyo/MEGA downloads/new downloads/BIDR_Backend/authentication_service/venv/lib/python3.10/site-packages/django/db/models/query.py", line 1518, in _filter_or_exclude_inplace
    self._query.add_q(Q(*args, **kwargs))
  File "/Users/thulanimoyo/MEGA downloads/new downloads/BIDR_Backend/authentication_service/venv/lib/python3.10/site-packages/django/db/models/sql/query.py", line 1646, in add_q
    clause, _ = self._add_q(q_object, can_reuse)
  File "/Users/thulanimoyo/MEGA downloads/new downloads/BIDR_Backend/authentication_service/venv/lib/python3.10/site-packages/django/db/models/sql/query.py", line 1678, in _add_q
    child_clause, needed_inner = self.build_filter(
  File "/Users/thulanimoyo/MEGA downloads/new downloads/BIDR_Backend/authentication_service/venv/lib/python3.10/site-packages/django/db/models/sql/query.py", line 1503, in build_filter
    return self._add_q(
  File "/Users/thulanimoyo/MEGA downloads/new downloads/BIDR_Backend/authentication_service/venv/lib/python3.10/site-packages/django/db/models/sql/query.py", line 1678, in _add_q
    child_clause, needed_inner = self.build_filter(
  File "/Users/thulanimoyo/MEGA downloads/new downloads/BIDR_Backend/authentication_service/venv/lib/python3.10/site-packages/django/db/models/sql/query.py", line 1588, in build_filter
    condition = self.build_lookup(lookups, col, value)
  File "/Users/thulanimoyo/MEGA downloads/new downloads/BIDR_Backend/authentication_service/venv/lib/python3.10/site-packages/django/db/models/sql/query.py", line 1415, in build_lookup
    lookup = lookup_class(lhs, rhs)
  File "/Users/thulanimoyo/MEGA downloads/new downloads/BIDR_Backend/authentication_service/venv/lib/python3.10/site-packages/django/db/models/lookups.py", line 38, in __init__
    self.rhs = self.get_prep_lookup()
  File "/Users/thulanimoyo/MEGA downloads/new downloads/BIDR_Backend/authentication_service/venv/lib/python3.10/site-packages/django/db/models/fields/related_lookups.py", line 112, in get_prep_lookup
    self.rhs = target_field.get_prep_value(self.rhs)
  File "/Users/thulanimoyo/MEGA downloads/new downloads/BIDR_Backend/authentication_service/venv/lib/python3.10/site-packages/django/db/models/fields/__init__.py", line 2130, in get_prep_value
    raise e.__class__(
TypeError: Field 'id' expected a number but got <django.contrib.auth.models.AnonymousUser object at 0x111383d30>.
ERROR 2025-08-31 18:27:51,750 basehttp 16207 6192705536 "GET /api/seller/profiles/c97f2da1-810c-4f86-98b4-18b722d5eecb/ HTTP/1.1" 500 187071
WARNING 2025-08-31 18:27:51,760 log 16207 6192705536 Not Found: /api/sellers/c97f2da1-810c-4f86-98b4-18b722d5eecb/
WARNING 2025-08-31 18:27:51,760 basehttp 16207 6192705536 "GET /api/sellers/c97f2da1-810c-4f86-98b4-18b722d5eecb/ HTTP/1.1" 404 8022
ERROR 2025-08-31 18:27:51,789 log 16207 6192705536 Internal Server Error: /api/seller/profiles/c97f2da1-810c-4f86-98b4-18b722d5eecb/
Traceback (most recent call last):
  File "/Users/thulanimoyo/MEGA downloads/new downloads/BIDR_Backend/authentication_service/venv/lib/python3.10/site-packages/django/db/models/fields/__init__.py", line 2128, in get_prep_value
    return int(value)
  File "/Users/thulanimoyo/MEGA downloads/new downloads/BIDR_Backend/authentication_service/venv/lib/python3.10/site-packages/django/contrib/auth/models.py", line 549, in __int__
    raise TypeError(
TypeError: Cannot cast AnonymousUser to int. Are you trying to use it in place of User?

The above exception was the direct cause of the following exception:

Traceback (most recent call last):
  File "/Users/thulanimoyo/MEGA downloads/new downloads/BIDR_Backend/authentication_service/venv/lib/python3.10/site-packages/django/core/handlers/exception.py", line 55, in inner
    response = get_response(request)
  File "/Users/thulanimoyo/MEGA downloads/new downloads/BIDR_Backend/authentication_service/venv/lib/python3.10/site-packages/django/core/handlers/base.py", line 197, in _get_response
    response = wrapped_callback(request, *callback_args, **callback_kwargs)
  File "/Users/thulanimoyo/MEGA downloads/new downloads/BIDR_Backend/authentication_service/venv/lib/python3.10/site-packages/django/views/decorators/csrf.py", line 65, in _view_wrapper
    return view_func(request, *args, **kwargs)
  File "/Users/thulanimoyo/MEGA downloads/new downloads/BIDR_Backend/authentication_service/venv/lib/python3.10/site-packages/rest_framework/viewsets.py", line 125, in view
    return self.dispatch(request, *args, **kwargs)
  File "/Users/thulanimoyo/MEGA downloads/new downloads/BIDR_Backend/authentication_service/venv/lib/python3.10/site-packages/rest_framework/views.py", line 515, in dispatch
    response = self.handle_exception(exc)
  File "/Users/thulanimoyo/MEGA downloads/new downloads/BIDR_Backend/authentication_service/venv/lib/python3.10/site-packages/rest_framework/views.py", line 475, in handle_exception
    self.raise_uncaught_exception(exc)
  File "/Users/thulanimoyo/MEGA downloads/new downloads/BIDR_Backend/authentication_service/venv/lib/python3.10/site-packages/rest_framework/views.py", line 486, in raise_uncaught_exception
    raise exc
  File "/Users/thulanimoyo/MEGA downloads/new downloads/BIDR_Backend/authentication_service/venv/lib/python3.10/site-packages/rest_framework/views.py", line 512, in dispatch
    response = handler(request, *args, **kwargs)
  File "/Users/thulanimoyo/MEGA downloads/new downloads/BIDR_Backend/authentication_service/venv/lib/python3.10/site-packages/rest_framework/mixins.py", line 54, in retrieve
    instance = self.get_object()
  File "/Users/thulanimoyo/MEGA downloads/new downloads/BIDR_Backend/authentication_service/venv/lib/python3.10/site-packages/rest_framework/generics.py", line 87, in get_object
    queryset = self.filter_queryset(self.get_queryset())
  File "/Users/thulanimoyo/MEGA downloads/new downloads/BIDR_Backend/authentication_service/seller/views.py", line 99, in get_queryset
    queryset = queryset.filter(
  File "/Users/thulanimoyo/MEGA downloads/new downloads/BIDR_Backend/authentication_service/venv/lib/python3.10/site-packages/django/db/models/query.py", line 1493, in filter
    return self._filter_or_exclude(False, args, kwargs)
  File "/Users/thulanimoyo/MEGA downloads/new downloads/BIDR_Backend/authentication_service/venv/lib/python3.10/site-packages/django/db/models/query.py", line 1511, in _filter_or_exclude
    clone._filter_or_exclude_inplace(negate, args, kwargs)
  File "/Users/thulanimoyo/MEGA downloads/new downloads/BIDR_Backend/authentication_service/venv/lib/python3.10/site-packages/django/db/models/query.py", line 1518, in _filter_or_exclude_inplace
    self._query.add_q(Q(*args, **kwargs))
  File "/Users/thulanimoyo/MEGA downloads/new downloads/BIDR_Backend/authentication_service/venv/lib/python3.10/site-packages/django/db/models/sql/query.py", line 1646, in add_q
    clause, _ = self._add_q(q_object, can_reuse)
  File "/Users/thulanimoyo/MEGA downloads/new downloads/BIDR_Backend/authentication_service/venv/lib/python3.10/site-packages/django/db/models/sql/query.py", line 1678, in _add_q
    child_clause, needed_inner = self.build_filter(
  File "/Users/thulanimoyo/MEGA downloads/new downloads/BIDR_Backend/authentication_service/venv/lib/python3.10/site-packages/django/db/models/sql/query.py", line 1503, in build_filter
    return self._add_q(
  File "/Users/thulanimoyo/MEGA downloads/new downloads/BIDR_Backend/authentication_service/venv/lib/python3.10/site-packages/django/db/models/sql/query.py", line 1678, in _add_q
    child_clause, needed_inner = self.build_filter(
  File "/Users/thulanimoyo/MEGA downloads/new downloads/BIDR_Backend/authentication_service/venv/lib/python3.10/site-packages/django/db/models/sql/query.py", line 1588, in build_filter
    condition = self.build_lookup(lookups, col, value)
  File "/Users/thulanimoyo/MEGA downloads/new downloads/BIDR_Backend/authentication_service/venv/lib/python3.10/site-packages/django/db/models/sql/query.py", line 1415, in build_lookup
    lookup = lookup_class(lhs, rhs)
  File "/Users/thulanimoyo/MEGA downloads/new downloads/BIDR_Backend/authentication_service/venv/lib/python3.10/site-packages/django/db/models/lookups.py", line 38, in __init__
    self.rhs = self.get_prep_lookup()
  File "/Users/thulanimoyo/MEGA downloads/new downloads/BIDR_Backend/authentication_service/venv/lib/python3.10/site-packages/django/db/models/fields/related_lookups.py", line 112, in get_prep_lookup
    self.rhs = target_field.get_prep_value(self.rhs)
  File "/Users/thulanimoyo/MEGA downloads/new downloads/BIDR_Backend/authentication_service/venv/lib/python3.10/site-packages/django/db/models/fields/__init__.py", line 2130, in get_prep_value
    raise e.__class__(
TypeError: Field 'id' expected a number but got <django.contrib.auth.models.AnonymousUser object at 0x106079240>.
ERROR 2025-08-31 18:27:51,790 basehttp 16207 6192705536 "GET /api/seller/profiles/c97f2da1-810c-4f86-98b4-18b722d5eecb/ HTTP/1.1" 500 187071
WARNING 2025-08-31 18:27:51,803 log 16207 6192705536 Not Found: /api/sellers/c97f2da1-810c-4f86-98b4-18b722d5eecb/
WARNING 2025-08-31 18:27:51,803 basehttp 16207 6192705536 "GET /api/sellers/c97f2da1-810c-4f86-98b4-18b722d5eecb/ HTTP/1.1" 404 8022
ERROR 2025-08-31 18:27:51,901 log 16207 6192705536 Internal Server Error: /api/seller/profiles/c97f2da1-810c-4f86-98b4-18b722d5eecb/
Traceback (most recent call last):
  File "/Users/thulanimoyo/MEGA downloads/new downloads/BIDR_Backend/authentication_service/venv/lib/python3.10/site-packages/django/db/models/fields/__init__.py", line 2128, in get_prep_value
    return int(value)
  File "/Users/thulanimoyo/MEGA downloads/new downloads/BIDR_Backend/authentication_service/venv/lib/python3.10/site-packages/django/contrib/auth/models.py", line 549, in __int__
    raise TypeError(
TypeError: Cannot cast AnonymousUser to int. Are you trying to use it in place of User?

The above exception was the direct cause of the following exception:

Traceback (most recent call last):
  File "/Users/thulanimoyo/MEGA downloads/new downloads/BIDR_Backend/authentication_service/venv/lib/python3.10/site-packages/django/core/handlers/exception.py", line 55, in inner
    response = get_response(request)
  File "/Users/thulanimoyo/MEGA downloads/new downloads/BIDR_Backend/authentication_service/venv/lib/python3.10/site-packages/django/core/handlers/base.py", line 197, in _get_response
    response = wrapped_callback(request, *callback_args, **callback_kwargs)
  File "/Users/thulanimoyo/MEGA downloads/new downloads/BIDR_Backend/authentication_service/venv/lib/python3.10/site-packages/django/views/decorators/csrf.py", line 65, in _view_wrapper
    return view_func(request, *args, **kwargs)
  File "/Users/thulanimoyo/MEGA downloads/new downloads/BIDR_Backend/authentication_service/venv/lib/python3.10/site-packages/rest_framework/viewsets.py", line 125, in view
    return self.dispatch(request, *args, **kwargs)
  File "/Users/thulanimoyo/MEGA downloads/new downloads/BIDR_Backend/authentication_service/venv/lib/python3.10/site-packages/rest_framework/views.py", line 515, in dispatch
    response = self.handle_exception(exc)
  File "/Users/thulanimoyo/MEGA downloads/new downloads/BIDR_Backend/authentication_service/venv/lib/python3.10/site-packages/rest_framework/views.py", line 475, in handle_exception
    self.raise_uncaught_exception(exc)
  File "/Users/thulanimoyo/MEGA downloads/new downloads/BIDR_Backend/authentication_service/venv/lib/python3.10/site-packages/rest_framework/views.py", line 486, in raise_uncaught_exception
    raise exc
  File "/Users/thulanimoyo/MEGA downloads/new downloads/BIDR_Backend/authentication_service/venv/lib/python3.10/site-packages/rest_framework/views.py", line 512, in dispatch
    response = handler(request, *args, **kwargs)
  File "/Users/thulanimoyo/MEGA downloads/new downloads/BIDR_Backend/authentication_service/venv/lib/python3.10/site-packages/rest_framework/mixins.py", line 54, in retrieve
    instance = self.get_object()
  File "/Users/thulanimoyo/MEGA downloads/new downloads/BIDR_Backend/authentication_service/venv/lib/python3.10/site-packages/rest_framework/generics.py", line 87, in get_object
    queryset = self.filter_queryset(self.get_queryset())
  File "/Users/thulanimoyo/MEGA downloads/new downloads/BIDR_Backend/authentication_service/seller/views.py", line 99, in get_queryset
    queryset = queryset.filter(
  File "/Users/thulanimoyo/MEGA downloads/new downloads/BIDR_Backend/authentication_service/venv/lib/python3.10/site-packages/django/db/models/query.py", line 1493, in filter
    return self._filter_or_exclude(False, args, kwargs)
  File "/Users/thulanimoyo/MEGA downloads/new downloads/BIDR_Backend/authentication_service/venv/lib/python3.10/site-packages/django/db/models/query.py", line 1511, in _filter_or_exclude
    clone._filter_or_exclude_inplace(negate, args, kwargs)
  File "/Users/thulanimoyo/MEGA downloads/new downloads/BIDR_Backend/authentication_service/venv/lib/python3.10/site-packages/django/db/models/query.py", line 1518, in _filter_or_exclude_inplace
    self._query.add_q(Q(*args, **kwargs))
  File "/Users/thulanimoyo/MEGA downloads/new downloads/BIDR_Backend/authentication_service/venv/lib/python3.10/site-packages/django/db/models/sql/query.py", line 1646, in add_q
    clause, _ = self._add_q(q_object, can_reuse)
  File "/Users/thulanimoyo/MEGA downloads/new downloads/BIDR_Backend/authentication_service/venv/lib/python3.10/site-packages/django/db/models/sql/query.py", line 1678, in _add_q
    child_clause, needed_inner = self.build_filter(
  File "/Users/thulanimoyo/MEGA downloads/new downloads/BIDR_Backend/authentication_service/venv/lib/python3.10/site-packages/django/db/models/sql/query.py", line 1503, in build_filter
    return self._add_q(
  File "/Users/thulanimoyo/MEGA downloads/new downloads/BIDR_Backend/authentication_service/venv/lib/python3.10/site-packages/django/db/models/sql/query.py", line 1678, in _add_q
    child_clause, needed_inner = self.build_filter(
  File "/Users/thulanimoyo/MEGA downloads/new downloads/BIDR_Backend/authentication_service/venv/lib/python3.10/site-packages/django/db/models/sql/query.py", line 1588, in build_filter
    condition = self.build_lookup(lookups, col, value)
  File "/Users/thulanimoyo/MEGA downloads/new downloads/BIDR_Backend/authentication_service/venv/lib/python3.10/site-packages/django/db/models/sql/query.py", line 1415, in build_lookup
    lookup = lookup_class(lhs, rhs)
  File "/Users/thulanimoyo/MEGA downloads/new downloads/BIDR_Backend/authentication_service/venv/lib/python3.10/site-packages/django/db/models/lookups.py", line 38, in __init__
    self.rhs = self.get_prep_lookup()
  File "/Users/thulanimoyo/MEGA downloads/new downloads/BIDR_Backend/authentication_service/venv/lib/python3.10/site-packages/django/db/models/fields/related_lookups.py", line 112, in get_prep_lookup
    self.rhs = target_field.get_prep_value(self.rhs)
  File "/Users/thulanimoyo/MEGA downloads/new downloads/BIDR_Backend/authentication_service/venv/lib/python3.10/site-packages/django/db/models/fields/__init__.py", line 2130, in get_prep_value
    raise e.__class__(
TypeError: Field 'id' expected a number but got <django.contrib.auth.models.AnonymousUser object at 0x1115d23b0>.
ERROR 2025-08-31 18:27:51,902 basehttp 16207 6192705536 "GET /api/seller/profiles/c97f2da1-810c-4f86-98b4-18b722d5eecb/ HTTP/1.1" 500 187071
WARNING 2025-08-31 18:27:51,911 log 16207 6192705536 Not Found: /api/sellers/c97f2da1-810c-4f86-98b4-18b722d5eecb/
WARNING 2025-08-31 18:27:51,911 basehttp 16207 6192705536 "GET /api/sellers/c97f2da1-810c-4f86-98b4-18b722d5eecb/ HTTP/1.1" 404 8022
ERROR 2025-08-31 18:27:51,939 log 16207 6192705536 Internal Server Error: /api/seller/profiles/c97f2da1-810c-4f86-98b4-18b722d5eecb/
Traceback (most recent call last):
  File "/Users/thulanimoyo/MEGA downloads/new downloads/BIDR_Backend/authentication_service/venv/lib/python3.10/site-packages/django/db/models/fields/__init__.py", line 2128, in get_prep_value
    return int(value)
  File "/Users/thulanimoyo/MEGA downloads/new downloads/BIDR_Backend/authentication_service/venv/lib/python3.10/site-packages/django/contrib/auth/models.py", line 549, in __int__
    raise TypeError(
TypeError: Cannot cast AnonymousUser to int. Are you trying to use it in place of User?

The above exception was the direct cause of the following exception:

Traceback (most recent call last):
  File "/Users/thulanimoyo/MEGA downloads/new downloads/BIDR_Backend/authentication_service/venv/lib/python3.10/site-packages/django/core/handlers/exception.py", line 55, in inner
    response = get_response(request)
  File "/Users/thulanimoyo/MEGA downloads/new downloads/BIDR_Backend/authentication_service/venv/lib/python3.10/site-packages/django/core/handlers/base.py", line 197, in _get_response
    response = wrapped_callback(request, *callback_args, **callback_kwargs)
  File "/Users/thulanimoyo/MEGA downloads/new downloads/BIDR_Backend/authentication_service/venv/lib/python3.10/site-packages/django/views/decorators/csrf.py", line 65, in _view_wrapper
    return view_func(request, *args, **kwargs)
  File "/Users/thulanimoyo/MEGA downloads/new downloads/BIDR_Backend/authentication_service/venv/lib/python3.10/site-packages/rest_framework/viewsets.py", line 125, in view
    return self.dispatch(request, *args, **kwargs)
  File "/Users/thulanimoyo/MEGA downloads/new downloads/BIDR_Backend/authentication_service/venv/lib/python3.10/site-packages/rest_framework/views.py", line 515, in dispatch
    response = self.handle_exception(exc)
  File "/Users/thulanimoyo/MEGA downloads/new downloads/BIDR_Backend/authentication_service/venv/lib/python3.10/site-packages/rest_framework/views.py", line 475, in handle_exception
    self.raise_uncaught_exception(exc)
  File "/Users/thulanimoyo/MEGA downloads/new downloads/BIDR_Backend/authentication_service/venv/lib/python3.10/site-packages/rest_framework/views.py", line 486, in raise_uncaught_exception
    raise exc
  File "/Users/thulanimoyo/MEGA downloads/new downloads/BIDR_Backend/authentication_service/venv/lib/python3.10/site-packages/rest_framework/views.py", line 512, in dispatch
    response = handler(request, *args, **kwargs)
  File "/Users/thulanimoyo/MEGA downloads/new downloads/BIDR_Backend/authentication_service/venv/lib/python3.10/site-packages/rest_framework/mixins.py", line 54, in retrieve
    instance = self.get_object()
  File "/Users/thulanimoyo/MEGA downloads/new downloads/BIDR_Backend/authentication_service/venv/lib/python3.10/site-packages/rest_framework/generics.py", line 87, in get_object
    queryset = self.filter_queryset(self.get_queryset())
  File "/Users/thulanimoyo/MEGA downloads/new downloads/BIDR_Backend/authentication_service/seller/views.py", line 99, in get_queryset
    queryset = queryset.filter(
  File "/Users/thulanimoyo/MEGA downloads/new downloads/BIDR_Backend/authentication_service/venv/lib/python3.10/site-packages/django/db/models/query.py", line 1493, in filter
    return self._filter_or_exclude(False, args, kwargs)
  File "/Users/thulanimoyo/MEGA downloads/new downloads/BIDR_Backend/authentication_service/venv/lib/python3.10/site-packages/django/db/models/query.py", line 1511, in _filter_or_exclude
    clone._filter_or_exclude_inplace(negate, args, kwargs)
  File "/Users/thulanimoyo/MEGA downloads/new downloads/BIDR_Backend/authentication_service/venv/lib/python3.10/site-packages/django/db/models/query.py", line 1518, in _filter_or_exclude_inplace
    self._query.add_q(Q(*args, **kwargs))
  File "/Users/thulanimoyo/MEGA downloads/new downloads/BIDR_Backend/authentication_service/venv/lib/python3.10/site-packages/django/db/models/sql/query.py", line 1646, in add_q
    clause, _ = self._add_q(q_object, can_reuse)
  File "/Users/thulanimoyo/MEGA downloads/new downloads/BIDR_Backend/authentication_service/venv/lib/python3.10/site-packages/django/db/models/sql/query.py", line 1678, in _add_q
    child_clause, needed_inner = self.build_filter(
  File "/Users/thulanimoyo/MEGA downloads/new downloads/BIDR_Backend/authentication_service/venv/lib/python3.10/site-packages/django/db/models/sql/query.py", line 1503, in build_filter
    return self._add_q(
  File "/Users/thulanimoyo/MEGA downloads/new downloads/BIDR_Backend/authentication_service/venv/lib/python3.10/site-packages/django/db/models/sql/query.py", line 1678, in _add_q
    child_clause, needed_inner = self.build_filter(
  File "/Users/thulanimoyo/MEGA downloads/new downloads/BIDR_Backend/authentication_service/venv/lib/python3.10/site-packages/django/db/models/sql/query.py", line 1588, in build_filter
    condition = self.build_lookup(lookups, col, value)
  File "/Users/thulanimoyo/MEGA downloads/new downloads/BIDR_Backend/authentication_service/venv/lib/python3.10/site-packages/django/db/models/sql/query.py", line 1415, in build_lookup
    lookup = lookup_class(lhs, rhs)
  File "/Users/thulanimoyo/MEGA downloads/new downloads/BIDR_Backend/authentication_service/venv/lib/python3.10/site-packages/django/db/models/lookups.py", line 38, in __init__
    self.rhs = self.get_prep_lookup()
  File "/Users/thulanimoyo/MEGA downloads/new downloads/BIDR_Backend/authentication_service/venv/lib/python3.10/site-packages/django/db/models/fields/related_lookups.py", line 112, in get_prep_lookup
    self.rhs = target_field.get_prep_value(self.rhs)
  File "/Users/thulanimoyo/MEGA downloads/new downloads/BIDR_Backend/authentication_service/venv/lib/python3.10/site-packages/django/db/models/fields/__init__.py", line 2130, in get_prep_value
    raise e.__class__(
TypeError: Field 'id' expected a number but got <django.contrib.auth.models.AnonymousUser object at 0x11106e020>.
ERROR 2025-08-31 18:27:51,940 basehttp 16207 6192705536 "GET /api/seller/profiles/c97f2da1-810c-4f86-98b4-18b722d5eecb/ HTTP/1.1" 500 187071
WARNING 2025-08-31 18:27:51,949 log 16207 6192705536 Not Found: /api/sellers/c97f2da1-810c-4f86-98b4-18b722d5eecb/
WARNING 2025-08-31 18:27:51,949 basehttp 16207 6192705536 "GET /api/sellers/c97f2da1-810c-4f86-98b4-18b722d5eecb/ HTTP/1.1" 404 8022
ERROR 2025-08-31 18:27:51,975 log 16207 6192705536 Internal Server Error: /api/seller/profiles/c97f2da1-810c-4f86-98b4-18b722d5eecb/
Traceback (most recent call last):
  File "/Users/thulanimoyo/MEGA downloads/new downloads/BIDR_Backend/authentication_service/venv/lib/python3.10/site-packages/django/db/models/fields/__init__.py", line 2128, in get_prep_value
    return int(value)
  File "/Users/thulanimoyo/MEGA downloads/new downloads/BIDR_Backend/authentication_service/venv/lib/python3.10/site-packages/django/contrib/auth/models.py", line 549, in __int__
    raise TypeError(
TypeError: Cannot cast AnonymousUser to int. Are you trying to use it in place of User?

The above exception was the direct cause of the following exception:

Traceback (most recent call last):
  File "/Users/thulanimoyo/MEGA downloads/new downloads/BIDR_Backend/authentication_service/venv/lib/python3.10/site-packages/django/core/handlers/exception.py", line 55, in inner
    response = get_response(request)
  File "/Users/thulanimoyo/MEGA downloads/new downloads/BIDR_Backend/authentication_service/venv/lib/python3.10/site-packages/django/core/handlers/base.py", line 197, in _get_response
    response = wrapped_callback(request, *callback_args, **callback_kwargs)
  File "/Users/thulanimoyo/MEGA downloads/new downloads/BIDR_Backend/authentication_service/venv/lib/python3.10/site-packages/django/views/decorators/csrf.py", line 65, in _view_wrapper
    return view_func(request, *args, **kwargs)
  File "/Users/thulanimoyo/MEGA downloads/new downloads/BIDR_Backend/authentication_service/venv/lib/python3.10/site-packages/rest_framework/viewsets.py", line 125, in view
    return self.dispatch(request, *args, **kwargs)
  File "/Users/thulanimoyo/MEGA downloads/new downloads/BIDR_Backend/authentication_service/venv/lib/python3.10/site-packages/rest_framework/views.py", line 515, in dispatch
    response = self.handle_exception(exc)
  File "/Users/thulanimoyo/MEGA downloads/new downloads/BIDR_Backend/authentication_service/venv/lib/python3.10/site-packages/rest_framework/views.py", line 475, in handle_exception
    self.raise_uncaught_exception(exc)
  File "/Users/thulanimoyo/MEGA downloads/new downloads/BIDR_Backend/authentication_service/venv/lib/python3.10/site-packages/rest_framework/views.py", line 486, in raise_uncaught_exception
    raise exc
  File "/Users/thulanimoyo/MEGA downloads/new downloads/BIDR_Backend/authentication_service/venv/lib/python3.10/site-packages/rest_framework/views.py", line 512, in dispatch
    response = handler(request, *args, **kwargs)
  File "/Users/thulanimoyo/MEGA downloads/new downloads/BIDR_Backend/authentication_service/venv/lib/python3.10/site-packages/rest_framework/mixins.py", line 54, in retrieve
    instance = self.get_object()
  File "/Users/thulanimoyo/MEGA downloads/new downloads/BIDR_Backend/authentication_service/venv/lib/python3.10/site-packages/rest_framework/generics.py", line 87, in get_object
    queryset = self.filter_queryset(self.get_queryset())
  File "/Users/thulanimoyo/MEGA downloads/new downloads/BIDR_Backend/authentication_service/seller/views.py", line 99, in get_queryset
    queryset = queryset.filter(
  File "/Users/thulanimoyo/MEGA downloads/new downloads/BIDR_Backend/authentication_service/venv/lib/python3.10/site-packages/django/db/models/query.py", line 1493, in filter
    return self._filter_or_exclude(False, args, kwargs)
  File "/Users/thulanimoyo/MEGA downloads/new downloads/BIDR_Backend/authentication_service/venv/lib/python3.10/site-packages/django/db/models/query.py", line 1511, in _filter_or_exclude
    clone._filter_or_exclude_inplace(negate, args, kwargs)
  File "/Users/thulanimoyo/MEGA downloads/new downloads/BIDR_Backend/authentication_service/venv/lib/python3.10/site-packages/django/db/models/query.py", line 1518, in _filter_or_exclude_inplace
    self._query.add_q(Q(*args, **kwargs))
  File "/Users/thulanimoyo/MEGA downloads/new downloads/BIDR_Backend/authentication_service/venv/lib/python3.10/site-packages/django/db/models/sql/query.py", line 1646, in add_q
    clause, _ = self._add_q(q_object, can_reuse)
  File "/Users/thulanimoyo/MEGA downloads/new downloads/BIDR_Backend/authentication_service/venv/lib/python3.10/site-packages/django/db/models/sql/query.py", line 1678, in _add_q
    child_clause, needed_inner = self.build_filter(
  File "/Users/thulanimoyo/MEGA downloads/new downloads/BIDR_Backend/authentication_service/venv/lib/python3.10/site-packages/django/db/models/sql/query.py", line 1503, in build_filter
    return self._add_q(
  File "/Users/thulanimoyo/MEGA downloads/new downloads/BIDR_Backend/authentication_service/venv/lib/python3.10/site-packages/django/db/models/sql/query.py", line 1678, in _add_q
    child_clause, needed_inner = self.build_filter(
  File "/Users/thulanimoyo/MEGA downloads/new downloads/BIDR_Backend/authentication_service/venv/lib/python3.10/site-packages/django/db/models/sql/query.py", line 1588, in build_filter
    condition = self.build_lookup(lookups, col, value)
  File "/Users/thulanimoyo/MEGA downloads/new downloads/BIDR_Backend/authentication_service/venv/lib/python3.10/site-packages/django/db/models/sql/query.py", line 1415, in build_lookup
    lookup = lookup_class(lhs, rhs)
  File "/Users/thulanimoyo/MEGA downloads/new downloads/BIDR_Backend/authentication_service/venv/lib/python3.10/site-packages/django/db/models/lookups.py", line 38, in __init__
    self.rhs = self.get_prep_lookup()
  File "/Users/thulanimoyo/MEGA downloads/new downloads/BIDR_Backend/authentication_service/venv/lib/python3.10/site-packages/django/db/models/fields/related_lookups.py", line 112, in get_prep_lookup
    self.rhs = target_field.get_prep_value(self.rhs)
  File "/Users/thulanimoyo/MEGA downloads/new downloads/BIDR_Backend/authentication_service/venv/lib/python3.10/site-packages/django/db/models/fields/__init__.py", line 2130, in get_prep_value
    raise e.__class__(
TypeError: Field 'id' expected a number but got <django.contrib.auth.models.AnonymousUser object at 0x1061084f0>.
ERROR 2025-08-31 18:27:51,976 basehttp 16207 6192705536 "GET /api/seller/profiles/c97f2da1-810c-4f86-98b4-18b722d5eecb/ HTTP/1.1" 500 187071
WARNING 2025-08-31 18:27:51,985 log 16207 6192705536 Not Found: /api/sellers/c97f2da1-810c-4f86-98b4-18b722d5eecb/
WARNING 2025-08-31 18:27:51,985 basehttp 16207 6192705536 "GET /api/sellers/c97f2da1-810c-4f86-98b4-18b722d5eecb/ HTTP/1.1" 404 8022
ERROR 2025-08-31 18:27:52,014 log 16207 6192705536 Internal Server Error: /api/seller/profiles/c97f2da1-810c-4f86-98b4-18b722d5eecb/
Traceback (most recent call last):
  File "/Users/thulanimoyo/MEGA downloads/new downloads/BIDR_Backend/authentication_service/venv/lib/python3.10/site-packages/django/db/models/fields/__init__.py", line 2128, in get_prep_value
    return int(value)
  File "/Users/thulanimoyo/MEGA downloads/new downloads/BIDR_Backend/authentication_service/venv/lib/python3.10/site-packages/django/contrib/auth/models.py", line 549, in __int__
    raise TypeError(
TypeError: Cannot cast AnonymousUser to int. Are you trying to use it in place of User?

The above exception was the direct cause of the following exception:

Traceback (most recent call last):
  File "/Users/thulanimoyo/MEGA downloads/new downloads/BIDR_Backend/authentication_service/venv/lib/python3.10/site-packages/django/core/handlers/exception.py", line 55, in inner
    response = get_response(request)
  File "/Users/thulanimoyo/MEGA downloads/new downloads/BIDR_Backend/authentication_service/venv/lib/python3.10/site-packages/django/core/handlers/base.py", line 197, in _get_response
    response = wrapped_callback(request, *callback_args, **callback_kwargs)
  File "/Users/thulanimoyo/MEGA downloads/new downloads/BIDR_Backend/authentication_service/venv/lib/python3.10/site-packages/django/views/decorators/csrf.py", line 65, in _view_wrapper
    return view_func(request, *args, **kwargs)
  File "/Users/thulanimoyo/MEGA downloads/new downloads/BIDR_Backend/authentication_service/venv/lib/python3.10/site-packages/rest_framework/viewsets.py", line 125, in view
    return self.dispatch(request, *args, **kwargs)
  File "/Users/thulanimoyo/MEGA downloads/new downloads/BIDR_Backend/authentication_service/venv/lib/python3.10/site-packages/rest_framework/views.py", line 515, in dispatch
    response = self.handle_exception(exc)
  File "/Users/thulanimoyo/MEGA downloads/new downloads/BIDR_Backend/authentication_service/venv/lib/python3.10/site-packages/rest_framework/views.py", line 475, in handle_exception
    self.raise_uncaught_exception(exc)
  File "/Users/thulanimoyo/MEGA downloads/new downloads/BIDR_Backend/authentication_service/venv/lib/python3.10/site-packages/rest_framework/views.py", line 486, in raise_uncaught_exception
    raise exc
  File "/Users/thulanimoyo/MEGA downloads/new downloads/BIDR_Backend/authentication_service/venv/lib/python3.10/site-packages/rest_framework/views.py", line 512, in dispatch
    response = handler(request, *args, **kwargs)
  File "/Users/thulanimoyo/MEGA downloads/new downloads/BIDR_Backend/authentication_service/venv/lib/python3.10/site-packages/rest_framework/mixins.py", line 54, in retrieve
    instance = self.get_object()
  File "/Users/thulanimoyo/MEGA downloads/new downloads/BIDR_Backend/authentication_service/venv/lib/python3.10/site-packages/rest_framework/generics.py", line 87, in get_object
    queryset = self.filter_queryset(self.get_queryset())
  File "/Users/thulanimoyo/MEGA downloads/new downloads/BIDR_Backend/authentication_service/seller/views.py", line 99, in get_queryset
    queryset = queryset.filter(
  File "/Users/thulanimoyo/MEGA downloads/new downloads/BIDR_Backend/authentication_service/venv/lib/python3.10/site-packages/django/db/models/query.py", line 1493, in filter
    return self._filter_or_exclude(False, args, kwargs)
  File "/Users/thulanimoyo/MEGA downloads/new downloads/BIDR_Backend/authentication_service/venv/lib/python3.10/site-packages/django/db/models/query.py", line 1511, in _filter_or_exclude
    clone._filter_or_exclude_inplace(negate, args, kwargs)
  File "/Users/thulanimoyo/MEGA downloads/new downloads/BIDR_Backend/authentication_service/venv/lib/python3.10/site-packages/django/db/models/query.py", line 1518, in _filter_or_exclude_inplace
    self._query.add_q(Q(*args, **kwargs))
  File "/Users/thulanimoyo/MEGA downloads/new downloads/BIDR_Backend/authentication_service/venv/lib/python3.10/site-packages/django/db/models/sql/query.py", line 1646, in add_q
    clause, _ = self._add_q(q_object, can_reuse)
  File "/Users/thulanimoyo/MEGA downloads/new downloads/BIDR_Backend/authentication_service/venv/lib/python3.10/site-packages/django/db/models/sql/query.py", line 1678, in _add_q
    child_clause, needed_inner = self.build_filter(
  File "/Users/thulanimoyo/MEGA downloads/new downloads/BIDR_Backend/authentication_service/venv/lib/python3.10/site-packages/django/db/models/sql/query.py", line 1503, in build_filter
    return self._add_q(
  File "/Users/thulanimoyo/MEGA downloads/new downloads/BIDR_Backend/authentication_service/venv/lib/python3.10/site-packages/django/db/models/sql/query.py", line 1678, in _add_q
    child_clause, needed_inner = self.build_filter(
  File "/Users/thulanimoyo/MEGA downloads/new downloads/BIDR_Backend/authentication_service/venv/lib/python3.10/site-packages/django/db/models/sql/query.py", line 1588, in build_filter
    condition = self.build_lookup(lookups, col, value)
  File "/Users/thulanimoyo/MEGA downloads/new downloads/BIDR_Backend/authentication_service/venv/lib/python3.10/site-packages/django/db/models/sql/query.py", line 1415, in build_lookup
    lookup = lookup_class(lhs, rhs)
  File "/Users/thulanimoyo/MEGA downloads/new downloads/BIDR_Backend/authentication_service/venv/lib/python3.10/site-packages/django/db/models/lookups.py", line 38, in __init__
    self.rhs = self.get_prep_lookup()
  File "/Users/thulanimoyo/MEGA downloads/new downloads/BIDR_Backend/authentication_service/venv/lib/python3.10/site-packages/django/db/models/fields/related_lookups.py", line 112, in get_prep_lookup
    self.rhs = target_field.get_prep_value(self.rhs)
  File "/Users/thulanimoyo/MEGA downloads/new downloads/BIDR_Backend/authentication_service/venv/lib/python3.10/site-packages/django/db/models/fields/__init__.py", line 2130, in get_prep_value
    raise e.__class__(
TypeError: Field 'id' expected a number but got <django.contrib.auth.models.AnonymousUser object at 0x111398fa0>.
ERROR 2025-08-31 18:27:52,015 basehttp 16207 6192705536 "GET /api/seller/profiles/c97f2da1-810c-4f86-98b4-18b722d5eecb/ HTTP/1.1" 500 187071
WARNING 2025-08-31 18:27:52,024 log 16207 6192705536 Not Found: /api/sellers/c97f2da1-810c-4f86-98b4-18b722d5eecb/
WARNING 2025-08-31 18:27:52,024 basehttp 16207 6192705536 "GET /api/sellers/c97f2da1-810c-4f86-98b4-18b722d5eecb/ HTTP/1.1" 404 8022
ERROR 2025-08-31 18:27:52,051 log 16207 6192705536 Internal Server Error: /api/seller/profiles/c97f2da1-810c-4f86-98b4-18b722d5eecb/
Traceback (most recent call last):
  File "/Users/thulanimoyo/MEGA downloads/new downloads/BIDR_Backend/authentication_service/venv/lib/python3.10/site-packages/django/db/models/fields/__init__.py", line 2128, in get_prep_value
    return int(value)
  File "/Users/thulanimoyo/MEGA downloads/new downloads/BIDR_Backend/authentication_service/venv/lib/python3.10/site-packages/django/contrib/auth/models.py", line 549, in __int__
    raise TypeError(
TypeError: Cannot cast AnonymousUser to int. Are you trying to use it in place of User?

The above exception was the direct cause of the following exception:

Traceback (most recent call last):
  File "/Users/thulanimoyo/MEGA downloads/new downloads/BIDR_Backend/authentication_service/venv/lib/python3.10/site-packages/django/core/handlers/exception.py", line 55, in inner
    response = get_response(request)
  File "/Users/thulanimoyo/MEGA downloads/new downloads/BIDR_Backend/authentication_service/venv/lib/python3.10/site-packages/django/core/handlers/base.py", line 197, in _get_response
    response = wrapped_callback(request, *callback_args, **callback_kwargs)
  File "/Users/thulanimoyo/MEGA downloads/new downloads/BIDR_Backend/authentication_service/venv/lib/python3.10/site-packages/django/views/decorators/csrf.py", line 65, in _view_wrapper
    return view_func(request, *args, **kwargs)
  File "/Users/thulanimoyo/MEGA downloads/new downloads/BIDR_Backend/authentication_service/venv/lib/python3.10/site-packages/rest_framework/viewsets.py", line 125, in view
    return self.dispatch(request, *args, **kwargs)
  File "/Users/thulanimoyo/MEGA downloads/new downloads/BIDR_Backend/authentication_service/venv/lib/python3.10/site-packages/rest_framework/views.py", line 515, in dispatch
    response = self.handle_exception(exc)
  File "/Users/thulanimoyo/MEGA downloads/new downloads/BIDR_Backend/authentication_service/venv/lib/python3.10/site-packages/rest_framework/views.py", line 475, in handle_exception
    self.raise_uncaught_exception(exc)
  File "/Users/thulanimoyo/MEGA downloads/new downloads/BIDR_Backend/authentication_service/venv/lib/python3.10/site-packages/rest_framework/views.py", line 486, in raise_uncaught_exception
    raise exc
  File "/Users/thulanimoyo/MEGA downloads/new downloads/BIDR_Backend/authentication_service/venv/lib/python3.10/site-packages/rest_framework/views.py", line 512, in dispatch
    response = handler(request, *args, **kwargs)
  File "/Users/thulanimoyo/MEGA downloads/new downloads/BIDR_Backend/authentication_service/venv/lib/python3.10/site-packages/rest_framework/mixins.py", line 54, in retrieve
    instance = self.get_object()
  File "/Users/thulanimoyo/MEGA downloads/new downloads/BIDR_Backend/authentication_service/venv/lib/python3.10/site-packages/rest_framework/generics.py", line 87, in get_object
    queryset = self.filter_queryset(self.get_queryset())
  File "/Users/thulanimoyo/MEGA downloads/new downloads/BIDR_Backend/authentication_service/seller/views.py", line 99, in get_queryset
    queryset = queryset.filter(
  File "/Users/thulanimoyo/MEGA downloads/new downloads/BIDR_Backend/authentication_service/venv/lib/python3.10/site-packages/django/db/models/query.py", line 1493, in filter
    return self._filter_or_exclude(False, args, kwargs)
  File "/Users/thulanimoyo/MEGA downloads/new downloads/BIDR_Backend/authentication_service/venv/lib/python3.10/site-packages/django/db/models/query.py", line 1511, in _filter_or_exclude
    clone._filter_or_exclude_inplace(negate, args, kwargs)
  File "/Users/thulanimoyo/MEGA downloads/new downloads/BIDR_Backend/authentication_service/venv/lib/python3.10/site-packages/django/db/models/query.py", line 1518, in _filter_or_exclude_inplace
    self._query.add_q(Q(*args, **kwargs))
  File "/Users/thulanimoyo/MEGA downloads/new downloads/BIDR_Backend/authentication_service/venv/lib/python3.10/site-packages/django/db/models/sql/query.py", line 1646, in add_q
    clause, _ = self._add_q(q_object, can_reuse)
  File "/Users/thulanimoyo/MEGA downloads/new downloads/BIDR_Backend/authentication_service/venv/lib/python3.10/site-packages/django/db/models/sql/query.py", line 1678, in _add_q
    child_clause, needed_inner = self.build_filter(
  File "/Users/thulanimoyo/MEGA downloads/new downloads/BIDR_Backend/authentication_service/venv/lib/python3.10/site-packages/django/db/models/sql/query.py", line 1503, in build_filter
    return self._add_q(
  File "/Users/thulanimoyo/MEGA downloads/new downloads/BIDR_Backend/authentication_service/venv/lib/python3.10/site-packages/django/db/models/sql/query.py", line 1678, in _add_q
    child_clause, needed_inner = self.build_filter(
  File "/Users/thulanimoyo/MEGA downloads/new downloads/BIDR_Backend/authentication_service/venv/lib/python3.10/site-packages/django/db/models/sql/query.py", line 1588, in build_filter
    condition = self.build_lookup(lookups, col, value)
  File "/Users/thulanimoyo/MEGA downloads/new downloads/BIDR_Backend/authentication_service/venv/lib/python3.10/site-packages/django/db/models/sql/query.py", line 1415, in build_lookup
    lookup = lookup_class(lhs, rhs)
  File "/Users/thulanimoyo/MEGA downloads/new downloads/BIDR_Backend/authentication_service/venv/lib/python3.10/site-packages/django/db/models/lookups.py", line 38, in __init__
    self.rhs = self.get_prep_lookup()
  File "/Users/thulanimoyo/MEGA downloads/new downloads/BIDR_Backend/authentication_service/venv/lib/python3.10/site-packages/django/db/models/fields/related_lookups.py", line 112, in get_prep_lookup
    self.rhs = target_field.get_prep_value(self.rhs)
  File "/Users/thulanimoyo/MEGA downloads/new downloads/BIDR_Backend/authentication_service/venv/lib/python3.10/site-packages/django/db/models/fields/__init__.py", line 2130, in get_prep_value
    raise e.__class__(
TypeError: Field 'id' expected a number but got <django.contrib.auth.models.AnonymousUser object at 0x1061c0310>.
ERROR 2025-08-31 18:27:52,052 basehttp 16207 6192705536 "GET /api/seller/profiles/c97f2da1-810c-4f86-98b4-18b722d5eecb/ HTTP/1.1" 500 187071
WARNING 2025-08-31 18:27:52,061 log 16207 6192705536 Not Found: /api/sellers/c97f2da1-810c-4f86-98b4-18b722d5eecb/
WARNING 2025-08-31 18:27:52,061 basehttp 16207 6192705536 "GET /api/sellers/c97f2da1-810c-4f86-98b4-18b722d5eecb/ HTTP/1.1" 404 8022
ERROR 2025-08-31 18:27:52,090 log 16207 6192705536 Internal Server Error: /api/seller/profiles/c97f2da1-810c-4f86-98b4-18b722d5eecb/
Traceback (most recent call last):
  File "/Users/thulanimoyo/MEGA downloads/new downloads/BIDR_Backend/authentication_service/venv/lib/python3.10/site-packages/django/db/models/fields/__init__.py", line 2128, in get_prep_value
    return int(value)
  File "/Users/thulanimoyo/MEGA downloads/new downloads/BIDR_Backend/authentication_service/venv/lib/python3.10/site-packages/django/contrib/auth/models.py", line 549, in __int__
    raise TypeError(
TypeError: Cannot cast AnonymousUser to int. Are you trying to use it in place of User?

The above exception was the direct cause of the following exception:

Traceback (most recent call last):
  File "/Users/thulanimoyo/MEGA downloads/new downloads/BIDR_Backend/authentication_service/venv/lib/python3.10/site-packages/django/core/handlers/exception.py", line 55, in inner
    response = get_response(request)
  File "/Users/thulanimoyo/MEGA downloads/new downloads/BIDR_Backend/authentication_service/venv/lib/python3.10/site-packages/django/core/handlers/base.py", line 197, in _get_response
    response = wrapped_callback(request, *callback_args, **callback_kwargs)
  File "/Users/thulanimoyo/MEGA downloads/new downloads/BIDR_Backend/authentication_service/venv/lib/python3.10/site-packages/django/views/decorators/csrf.py", line 65, in _view_wrapper
    return view_func(request, *args, **kwargs)
  File "/Users/thulanimoyo/MEGA downloads/new downloads/BIDR_Backend/authentication_service/venv/lib/python3.10/site-packages/rest_framework/viewsets.py", line 125, in view
    return self.dispatch(request, *args, **kwargs)
  File "/Users/thulanimoyo/MEGA downloads/new downloads/BIDR_Backend/authentication_service/venv/lib/python3.10/site-packages/rest_framework/views.py", line 515, in dispatch
    response = self.handle_exception(exc)
  File "/Users/thulanimoyo/MEGA downloads/new downloads/BIDR_Backend/authentication_service/venv/lib/python3.10/site-packages/rest_framework/views.py", line 475, in handle_exception
    self.raise_uncaught_exception(exc)
  File "/Users/thulanimoyo/MEGA downloads/new downloads/BIDR_Backend/authentication_service/venv/lib/python3.10/site-packages/rest_framework/views.py", line 486, in raise_uncaught_exception
    raise exc
  File "/Users/thulanimoyo/MEGA downloads/new downloads/BIDR_Backend/authentication_service/venv/lib/python3.10/site-packages/rest_framework/views.py", line 512, in dispatch
    response = handler(request, *args, **kwargs)
  File "/Users/thulanimoyo/MEGA downloads/new downloads/BIDR_Backend/authentication_service/venv/lib/python3.10/site-packages/rest_framework/mixins.py", line 54, in retrieve
    instance = self.get_object()
  File "/Users/thulanimoyo/MEGA downloads/new downloads/BIDR_Backend/authentication_service/venv/lib/python3.10/site-packages/rest_framework/generics.py", line 87, in get_object
    queryset = self.filter_queryset(self.get_queryset())
  File "/Users/thulanimoyo/MEGA downloads/new downloads/BIDR_Backend/authentication_service/seller/views.py", line 99, in get_queryset
    queryset = queryset.filter(
  File "/Users/thulanimoyo/MEGA downloads/new downloads/BIDR_Backend/authentication_service/venv/lib/python3.10/site-packages/django/db/models/query.py", line 1493, in filter
    return self._filter_or_exclude(False, args, kwargs)
  File "/Users/thulanimoyo/MEGA downloads/new downloads/BIDR_Backend/authentication_service/venv/lib/python3.10/site-packages/django/db/models/query.py", line 1511, in _filter_or_exclude
    clone._filter_or_exclude_inplace(negate, args, kwargs)
  File "/Users/thulanimoyo/MEGA downloads/new downloads/BIDR_Backend/authentication_service/venv/lib/python3.10/site-packages/django/db/models/query.py", line 1518, in _filter_or_exclude_inplace
    self._query.add_q(Q(*args, **kwargs))
  File "/Users/thulanimoyo/MEGA downloads/new downloads/BIDR_Backend/authentication_service/venv/lib/python3.10/site-packages/django/db/models/sql/query.py", line 1646, in add_q
    clause, _ = self._add_q(q_object, can_reuse)
  File "/Users/thulanimoyo/MEGA downloads/new downloads/BIDR_Backend/authentication_service/venv/lib/python3.10/site-packages/django/db/models/sql/query.py", line 1678, in _add_q
    child_clause, needed_inner = self.build_filter(
  File "/Users/thulanimoyo/MEGA downloads/new downloads/BIDR_Backend/authentication_service/venv/lib/python3.10/site-packages/django/db/models/sql/query.py", line 1503, in build_filter
    return self._add_q(
  File "/Users/thulanimoyo/MEGA downloads/new downloads/BIDR_Backend/authentication_service/venv/lib/python3.10/site-packages/django/db/models/sql/query.py", line 1678, in _add_q
    child_clause, needed_inner = self.build_filter(
  File "/Users/thulanimoyo/MEGA downloads/new downloads/BIDR_Backend/authentication_service/venv/lib/python3.10/site-packages/django/db/models/sql/query.py", line 1588, in build_filter
    condition = self.build_lookup(lookups, col, value)
  File "/Users/thulanimoyo/MEGA downloads/new downloads/BIDR_Backend/authentication_service/venv/lib/python3.10/site-packages/django/db/models/sql/query.py", line 1415, in build_lookup
    lookup = lookup_class(lhs, rhs)
  File "/Users/thulanimoyo/MEGA downloads/new downloads/BIDR_Backend/authentication_service/venv/lib/python3.10/site-packages/django/db/models/lookups.py", line 38, in __init__
    self.rhs = self.get_prep_lookup()
  File "/Users/thulanimoyo/MEGA downloads/new downloads/BIDR_Backend/authentication_service/venv/lib/python3.10/site-packages/django/db/models/fields/related_lookups.py", line 112, in get_prep_lookup
    self.rhs = target_field.get_prep_value(self.rhs)
  File "/Users/thulanimoyo/MEGA downloads/new downloads/BIDR_Backend/authentication_service/venv/lib/python3.10/site-packages/django/db/models/fields/__init__.py", line 2130, in get_prep_value
    raise e.__class__(
TypeError: Field 'id' expected a number but got <django.contrib.auth.models.AnonymousUser object at 0x1115d3eb0>.
ERROR 2025-08-31 18:27:52,091 basehttp 16207 6192705536 "GET /api/seller/profiles/c97f2da1-810c-4f86-98b4-18b722d5eecb/ HTTP/1.1" 500 187071
WARNING 2025-08-31 18:27:52,100 log 16207 6192705536 Not Found: /api/sellers/c97f2da1-810c-4f86-98b4-18b722d5eecb/
WARNING 2025-08-31 18:27:52,101 basehttp 16207 6192705536 "GET /api/sellers/c97f2da1-810c-4f86-98b4-18b722d5eecb/ HTTP/1.1" 404 8022
ERROR 2025-08-31 18:27:52,127 log 16207 6192705536 Internal Server Error: /api/seller/profiles/c97f2da1-810c-4f86-98b4-18b722d5eecb/
Traceback (most recent call last):
  File "/Users/thulanimoyo/MEGA downloads/new downloads/BIDR_Backend/authentication_service/venv/lib/python3.10/site-packages/django/db/models/fields/__init__.py", line 2128, in get_prep_value
    return int(value)
  File "/Users/thulanimoyo/MEGA downloads/new downloads/BIDR_Backend/authentication_service/venv/lib/python3.10/site-packages/django/contrib/auth/models.py", line 549, in __int__
    raise TypeError(
TypeError: Cannot cast AnonymousUser to int. Are you trying to use it in place of User?

The above exception was the direct cause of the following exception:

Traceback (most recent call last):
  File "/Users/thulanimoyo/MEGA downloads/new downloads/BIDR_Backend/authentication_service/venv/lib/python3.10/site-packages/django/core/handlers/exception.py", line 55, in inner
    response = get_response(request)
  File "/Users/thulanimoyo/MEGA downloads/new downloads/BIDR_Backend/authentication_service/venv/lib/python3.10/site-packages/django/core/handlers/base.py", line 197, in _get_response
    response = wrapped_callback(request, *callback_args, **callback_kwargs)
  File "/Users/thulanimoyo/MEGA downloads/new downloads/BIDR_Backend/authentication_service/venv/lib/python3.10/site-packages/django/views/decorators/csrf.py", line 65, in _view_wrapper
    return view_func(request, *args, **kwargs)
  File "/Users/thulanimoyo/MEGA downloads/new downloads/BIDR_Backend/authentication_service/venv/lib/python3.10/site-packages/rest_framework/viewsets.py", line 125, in view
    return self.dispatch(request, *args, **kwargs)
  File "/Users/thulanimoyo/MEGA downloads/new downloads/BIDR_Backend/authentication_service/venv/lib/python3.10/site-packages/rest_framework/views.py", line 515, in dispatch
    response = self.handle_exception(exc)
  File "/Users/thulanimoyo/MEGA downloads/new downloads/BIDR_Backend/authentication_service/venv/lib/python3.10/site-packages/rest_framework/views.py", line 475, in handle_exception
    self.raise_uncaught_exception(exc)
  File "/Users/thulanimoyo/MEGA downloads/new downloads/BIDR_Backend/authentication_service/venv/lib/python3.10/site-packages/rest_framework/views.py", line 486, in raise_uncaught_exception
    raise exc
  File "/Users/thulanimoyo/MEGA downloads/new downloads/BIDR_Backend/authentication_service/venv/lib/python3.10/site-packages/rest_framework/views.py", line 512, in dispatch
    response = handler(request, *args, **kwargs)
  File "/Users/thulanimoyo/MEGA downloads/new downloads/BIDR_Backend/authentication_service/venv/lib/python3.10/site-packages/rest_framework/mixins.py", line 54, in retrieve
    instance = self.get_object()
  File "/Users/thulanimoyo/MEGA downloads/new downloads/BIDR_Backend/authentication_service/venv/lib/python3.10/site-packages/rest_framework/generics.py", line 87, in get_object
    queryset = self.filter_queryset(self.get_queryset())
  File "/Users/thulanimoyo/MEGA downloads/new downloads/BIDR_Backend/authentication_service/seller/views.py", line 99, in get_queryset
    queryset = queryset.filter(
  File "/Users/thulanimoyo/MEGA downloads/new downloads/BIDR_Backend/authentication_service/venv/lib/python3.10/site-packages/django/db/models/query.py", line 1493, in filter
    return self._filter_or_exclude(False, args, kwargs)
  File "/Users/thulanimoyo/MEGA downloads/new downloads/BIDR_Backend/authentication_service/venv/lib/python3.10/site-packages/django/db/models/query.py", line 1511, in _filter_or_exclude
    clone._filter_or_exclude_inplace(negate, args, kwargs)
  File "/Users/thulanimoyo/MEGA downloads/new downloads/BIDR_Backend/authentication_service/venv/lib/python3.10/site-packages/django/db/models/query.py", line 1518, in _filter_or_exclude_inplace
    self._query.add_q(Q(*args, **kwargs))
  File "/Users/thulanimoyo/MEGA downloads/new downloads/BIDR_Backend/authentication_service/venv/lib/python3.10/site-packages/django/db/models/sql/query.py", line 1646, in add_q
    clause, _ = self._add_q(q_object, can_reuse)
  File "/Users/thulanimoyo/MEGA downloads/new downloads/BIDR_Backend/authentication_service/venv/lib/python3.10/site-packages/django/db/models/sql/query.py", line 1678, in _add_q
    child_clause, needed_inner = self.build_filter(
  File "/Users/thulanimoyo/MEGA downloads/new downloads/BIDR_Backend/authentication_service/venv/lib/python3.10/site-packages/django/db/models/sql/query.py", line 1503, in build_filter
    return self._add_q(
  File "/Users/thulanimoyo/MEGA downloads/new downloads/BIDR_Backend/authentication_service/venv/lib/python3.10/site-packages/django/db/models/sql/query.py", line 1678, in _add_q
    child_clause, needed_inner = self.build_filter(
  File "/Users/thulanimoyo/MEGA downloads/new downloads/BIDR_Backend/authentication_service/venv/lib/python3.10/site-packages/django/db/models/sql/query.py", line 1588, in build_filter
    condition = self.build_lookup(lookups, col, value)
  File "/Users/thulanimoyo/MEGA downloads/new downloads/BIDR_Backend/authentication_service/venv/lib/python3.10/site-packages/django/db/models/sql/query.py", line 1415, in build_lookup
    lookup = lookup_class(lhs, rhs)
  File "/Users/thulanimoyo/MEGA downloads/new downloads/BIDR_Backend/authentication_service/venv/lib/python3.10/site-packages/django/db/models/lookups.py", line 38, in __init__
    self.rhs = self.get_prep_lookup()
  File "/Users/thulanimoyo/MEGA downloads/new downloads/BIDR_Backend/authentication_service/venv/lib/python3.10/site-packages/django/db/models/fields/related_lookups.py", line 112, in get_prep_lookup
    self.rhs = target_field.get_prep_value(self.rhs)
  File "/Users/thulanimoyo/MEGA downloads/new downloads/BIDR_Backend/authentication_service/venv/lib/python3.10/site-packages/django/db/models/fields/__init__.py", line 2130, in get_prep_value
    raise e.__class__(
TypeError: Field 'id' expected a number but got <django.contrib.auth.models.AnonymousUser object at 0x1061c3460>.
ERROR 2025-08-31 18:27:52,128 basehttp 16207 6192705536 "GET /api/seller/profiles/c97f2da1-810c-4f86-98b4-18b722d5eecb/ HTTP/1.1" 500 187071
WARNING 2025-08-31 18:27:52,137 log 16207 6192705536 Not Found: /api/sellers/c97f2da1-810c-4f86-98b4-18b722d5eecb/
WARNING 2025-08-31 18:27:52,137 basehttp 16207 6192705536 "GET /api/sellers/c97f2da1-810c-4f86-98b4-18b722d5eecb/ HTTP/1.1" 404 8022
ERROR 2025-08-31 18:27:52,164 log 16207 6192705536 Internal Server Error: /api/seller/profiles/c97f2da1-810c-4f86-98b4-18b722d5eecb/
Traceback (most recent call last):
  File "/Users/thulanimoyo/MEGA downloads/new downloads/BIDR_Backend/authentication_service/venv/lib/python3.10/site-packages/django/db/models/fields/__init__.py", line 2128, in get_prep_value
    return int(value)
  File "/Users/thulanimoyo/MEGA downloads/new downloads/BIDR_Backend/authentication_service/venv/lib/python3.10/site-packages/django/contrib/auth/models.py", line 549, in __int__
    raise TypeError(
TypeError: Cannot cast AnonymousUser to int. Are you trying to use it in place of User?

The above exception was the direct cause of the following exception:

Traceback (most recent call last):
  File "/Users/thulanimoyo/MEGA downloads/new downloads/BIDR_Backend/authentication_service/venv/lib/python3.10/site-packages/django/core/handlers/exception.py", line 55, in inner
    response = get_response(request)
  File "/Users/thulanimoyo/MEGA downloads/new downloads/BIDR_Backend/authentication_service/venv/lib/python3.10/site-packages/django/core/handlers/base.py", line 197, in _get_response
    response = wrapped_callback(request, *callback_args, **callback_kwargs)
  File "/Users/thulanimoyo/MEGA downloads/new downloads/BIDR_Backend/authentication_service/venv/lib/python3.10/site-packages/django/views/decorators/csrf.py", line 65, in _view_wrapper
    return view_func(request, *args, **kwargs)
  File "/Users/thulanimoyo/MEGA downloads/new downloads/BIDR_Backend/authentication_service/venv/lib/python3.10/site-packages/rest_framework/viewsets.py", line 125, in view
    return self.dispatch(request, *args, **kwargs)
  File "/Users/thulanimoyo/MEGA downloads/new downloads/BIDR_Backend/authentication_service/venv/lib/python3.10/site-packages/rest_framework/views.py", line 515, in dispatch
    response = self.handle_exception(exc)
  File "/Users/thulanimoyo/MEGA downloads/new downloads/BIDR_Backend/authentication_service/venv/lib/python3.10/site-packages/rest_framework/views.py", line 475, in handle_exception
    self.raise_uncaught_exception(exc)
  File "/Users/thulanimoyo/MEGA downloads/new downloads/BIDR_Backend/authentication_service/venv/lib/python3.10/site-packages/rest_framework/views.py", line 486, in raise_uncaught_exception
    raise exc
  File "/Users/thulanimoyo/MEGA downloads/new downloads/BIDR_Backend/authentication_service/venv/lib/python3.10/site-packages/rest_framework/views.py", line 512, in dispatch
    response = handler(request, *args, **kwargs)
  File "/Users/thulanimoyo/MEGA downloads/new downloads/BIDR_Backend/authentication_service/venv/lib/python3.10/site-packages/rest_framework/mixins.py", line 54, in retrieve
    instance = self.get_object()
  File "/Users/thulanimoyo/MEGA downloads/new downloads/BIDR_Backend/authentication_service/venv/lib/python3.10/site-packages/rest_framework/generics.py", line 87, in get_object
    queryset = self.filter_queryset(self.get_queryset())
  File "/Users/thulanimoyo/MEGA downloads/new downloads/BIDR_Backend/authentication_service/seller/views.py", line 99, in get_queryset
    queryset = queryset.filter(
  File "/Users/thulanimoyo/MEGA downloads/new downloads/BIDR_Backend/authentication_service/venv/lib/python3.10/site-packages/django/db/models/query.py", line 1493, in filter
    return self._filter_or_exclude(False, args, kwargs)
  File "/Users/thulanimoyo/MEGA downloads/new downloads/BIDR_Backend/authentication_service/venv/lib/python3.10/site-packages/django/db/models/query.py", line 1511, in _filter_or_exclude
    clone._filter_or_exclude_inplace(negate, args, kwargs)
  File "/Users/thulanimoyo/MEGA downloads/new downloads/BIDR_Backend/authentication_service/venv/lib/python3.10/site-packages/django/db/models/query.py", line 1518, in _filter_or_exclude_inplace
    self._query.add_q(Q(*args, **kwargs))
  File "/Users/thulanimoyo/MEGA downloads/new downloads/BIDR_Backend/authentication_service/venv/lib/python3.10/site-packages/django/db/models/sql/query.py", line 1646, in add_q
    clause, _ = self._add_q(q_object, can_reuse)
  File "/Users/thulanimoyo/MEGA downloads/new downloads/BIDR_Backend/authentication_service/venv/lib/python3.10/site-packages/django/db/models/sql/query.py", line 1678, in _add_q
    child_clause, needed_inner = self.build_filter(
  File "/Users/thulanimoyo/MEGA downloads/new downloads/BIDR_Backend/authentication_service/venv/lib/python3.10/site-packages/django/db/models/sql/query.py", line 1503, in build_filter
    return self._add_q(
  File "/Users/thulanimoyo/MEGA downloads/new downloads/BIDR_Backend/authentication_service/venv/lib/python3.10/site-packages/django/db/models/sql/query.py", line 1678, in _add_q
    child_clause, needed_inner = self.build_filter(
  File "/Users/thulanimoyo/MEGA downloads/new downloads/BIDR_Backend/authentication_service/venv/lib/python3.10/site-packages/django/db/models/sql/query.py", line 1588, in build_filter
    condition = self.build_lookup(lookups, col, value)
  File "/Users/thulanimoyo/MEGA downloads/new downloads/BIDR_Backend/authentication_service/venv/lib/python3.10/site-packages/django/db/models/sql/query.py", line 1415, in build_lookup
    lookup = lookup_class(lhs, rhs)
  File "/Users/thulanimoyo/MEGA downloads/new downloads/BIDR_Backend/authentication_service/venv/lib/python3.10/site-packages/django/db/models/lookups.py", line 38, in __init__
    self.rhs = self.get_prep_lookup()
  File "/Users/thulanimoyo/MEGA downloads/new downloads/BIDR_Backend/authentication_service/venv/lib/python3.10/site-packages/django/db/models/fields/related_lookups.py", line 112, in get_prep_lookup
    self.rhs = target_field.get_prep_value(self.rhs)
  File "/Users/thulanimoyo/MEGA downloads/new downloads/BIDR_Backend/authentication_service/venv/lib/python3.10/site-packages/django/db/models/fields/__init__.py", line 2130, in get_prep_value
    raise e.__class__(
TypeError: Field 'id' expected a number but got <django.contrib.auth.models.AnonymousUser object at 0x11139a740>.
ERROR 2025-08-31 18:27:52,164 basehttp 16207 6192705536 "GET /api/seller/profiles/c97f2da1-810c-4f86-98b4-18b722d5eecb/ HTTP/1.1" 500 187071
WARNING 2025-08-31 18:27:52,174 log 16207 6192705536 Not Found: /api/sellers/c97f2da1-810c-4f86-98b4-18b722d5eecb/
WARNING 2025-08-31 18:27:52,174 basehttp 16207 6192705536 "GET /api/sellers/c97f2da1-810c-4f86-98b4-18b722d5eecb/ HTTP/1.1" 404 8022
ERROR 2025-08-31 18:27:52,199 log 16207 6192705536 Internal Server Error: /api/seller/profiles/c97f2da1-810c-4f86-98b4-18b722d5eecb/
Traceback (most recent call last):
  File "/Users/thulanimoyo/MEGA downloads/new downloads/BIDR_Backend/authentication_service/venv/lib/python3.10/site-packages/django/db/models/fields/__init__.py", line 2128, in get_prep_value
    return int(value)
  File "/Users/thulanimoyo/MEGA downloads/new downloads/BIDR_Backend/authentication_service/venv/lib/python3.10/site-packages/django/contrib/auth/models.py", line 549, in __int__
    raise TypeError(
TypeError: Cannot cast AnonymousUser to int. Are you trying to use it in place of User?

The above exception was the direct cause of the following exception:

Traceback (most recent call last):
  File "/Users/thulanimoyo/MEGA downloads/new downloads/BIDR_Backend/authentication_service/venv/lib/python3.10/site-packages/django/core/handlers/exception.py", line 55, in inner
    response = get_response(request)
  File "/Users/thulanimoyo/MEGA downloads/new downloads/BIDR_Backend/authentication_service/venv/lib/python3.10/site-packages/django/core/handlers/base.py", line 197, in _get_response
    response = wrapped_callback(request, *callback_args, **callback_kwargs)
  File "/Users/thulanimoyo/MEGA downloads/new downloads/BIDR_Backend/authentication_service/venv/lib/python3.10/site-packages/django/views/decorators/csrf.py", line 65, in _view_wrapper
    return view_func(request, *args, **kwargs)
  File "/Users/thulanimoyo/MEGA downloads/new downloads/BIDR_Backend/authentication_service/venv/lib/python3.10/site-packages/rest_framework/viewsets.py", line 125, in view
    return self.dispatch(request, *args, **kwargs)
  File "/Users/thulanimoyo/MEGA downloads/new downloads/BIDR_Backend/authentication_service/venv/lib/python3.10/site-packages/rest_framework/views.py", line 515, in dispatch
    response = self.handle_exception(exc)
  File "/Users/thulanimoyo/MEGA downloads/new downloads/BIDR_Backend/authentication_service/venv/lib/python3.10/site-packages/rest_framework/views.py", line 475, in handle_exception
    self.raise_uncaught_exception(exc)
  File "/Users/thulanimoyo/MEGA downloads/new downloads/BIDR_Backend/authentication_service/venv/lib/python3.10/site-packages/rest_framework/views.py", line 486, in raise_uncaught_exception
    raise exc
  File "/Users/thulanimoyo/MEGA downloads/new downloads/BIDR_Backend/authentication_service/venv/lib/python3.10/site-packages/rest_framework/views.py", line 512, in dispatch
    response = handler(request, *args, **kwargs)
  File "/Users/thulanimoyo/MEGA downloads/new downloads/BIDR_Backend/authentication_service/venv/lib/python3.10/site-packages/rest_framework/mixins.py", line 54, in retrieve
    instance = self.get_object()
  File "/Users/thulanimoyo/MEGA downloads/new downloads/BIDR_Backend/authentication_service/venv/lib/python3.10/site-packages/rest_framework/generics.py", line 87, in get_object
    queryset = self.filter_queryset(self.get_queryset())
  File "/Users/thulanimoyo/MEGA downloads/new downloads/BIDR_Backend/authentication_service/seller/views.py", line 99, in get_queryset
    queryset = queryset.filter(
  File "/Users/thulanimoyo/MEGA downloads/new downloads/BIDR_Backend/authentication_service/venv/lib/python3.10/site-packages/django/db/models/query.py", line 1493, in filter
    return self._filter_or_exclude(False, args, kwargs)
  File "/Users/thulanimoyo/MEGA downloads/new downloads/BIDR_Backend/authentication_service/venv/lib/python3.10/site-packages/django/db/models/query.py", line 1511, in _filter_or_exclude
    clone._filter_or_exclude_inplace(negate, args, kwargs)
  File "/Users/thulanimoyo/MEGA downloads/new downloads/BIDR_Backend/authentication_service/venv/lib/python3.10/site-packages/django/db/models/query.py", line 1518, in _filter_or_exclude_inplace
    self._query.add_q(Q(*args, **kwargs))
  File "/Users/thulanimoyo/MEGA downloads/new downloads/BIDR_Backend/authentication_service/venv/lib/python3.10/site-packages/django/db/models/sql/query.py", line 1646, in add_q
    clause, _ = self._add_q(q_object, can_reuse)
  File "/Users/thulanimoyo/MEGA downloads/new downloads/BIDR_Backend/authentication_service/venv/lib/python3.10/site-packages/django/db/models/sql/query.py", line 1678, in _add_q
    child_clause, needed_inner = self.build_filter(
  File "/Users/thulanimoyo/MEGA downloads/new downloads/BIDR_Backend/authentication_service/venv/lib/python3.10/site-packages/django/db/models/sql/query.py", line 1503, in build_filter
    return self._add_q(
  File "/Users/thulanimoyo/MEGA downloads/new downloads/BIDR_Backend/authentication_service/venv/lib/python3.10/site-packages/django/db/models/sql/query.py", line 1678, in _add_q
    child_clause, needed_inner = self.build_filter(
  File "/Users/thulanimoyo/MEGA downloads/new downloads/BIDR_Backend/authentication_service/venv/lib/python3.10/site-packages/django/db/models/sql/query.py", line 1588, in build_filter
    condition = self.build_lookup(lookups, col, value)
  File "/Users/thulanimoyo/MEGA downloads/new downloads/BIDR_Backend/authentication_service/venv/lib/python3.10/site-packages/django/db/models/sql/query.py", line 1415, in build_lookup
    lookup = lookup_class(lhs, rhs)
  File "/Users/thulanimoyo/MEGA downloads/new downloads/BIDR_Backend/authentication_service/venv/lib/python3.10/site-packages/django/db/models/lookups.py", line 38, in __init__
    self.rhs = self.get_prep_lookup()
  File "/Users/thulanimoyo/MEGA downloads/new downloads/BIDR_Backend/authentication_service/venv/lib/python3.10/site-packages/django/db/models/fields/related_lookups.py", line 112, in get_prep_lookup
    self.rhs = target_field.get_prep_value(self.rhs)
  File "/Users/thulanimoyo/MEGA downloads/new downloads/BIDR_Backend/authentication_service/venv/lib/python3.10/site-packages/django/db/models/fields/__init__.py", line 2130, in get_prep_value
    raise e.__class__(
TypeError: Field 'id' expected a number but got <django.contrib.auth.models.AnonymousUser object at 0x111204d90>.
ERROR 2025-08-31 18:27:52,200 basehttp 16207 6192705536 "GET /api/seller/profiles/c97f2da1-810c-4f86-98b4-18b722d5eecb/ HTTP/1.1" 500 187071
WARNING 2025-08-31 18:27:52,209 log 16207 6192705536 Not Found: /api/sellers/c97f2da1-810c-4f86-98b4-18b722d5eecb/
WARNING 2025-08-31 18:27:52,209 basehttp 16207 6192705536 "GET /api/sellers/c97f2da1-810c-4f86-98b4-18b722d5eecb/ HTTP/1.1" 404 8022
ERROR 2025-08-31 18:27:52,237 log 16207 6192705536 Internal Server Error: /api/seller/profiles/c97f2da1-810c-4f86-98b4-18b722d5eecb/
Traceback (most recent call last):
  File "/Users/thulanimoyo/MEGA downloads/new downloads/BIDR_Backend/authentication_service/venv/lib/python3.10/site-packages/django/db/models/fields/__init__.py", line 2128, in get_prep_value
    return int(value)
  File "/Users/thulanimoyo/MEGA downloads/new downloads/BIDR_Backend/authentication_service/venv/lib/python3.10/site-packages/django/contrib/auth/models.py", line 549, in __int__
    raise TypeError(
TypeError: Cannot cast AnonymousUser to int. Are you trying to use it in place of User?

The above exception was the direct cause of the following exception:

Traceback (most recent call last):
  File "/Users/thulanimoyo/MEGA downloads/new downloads/BIDR_Backend/authentication_service/venv/lib/python3.10/site-packages/django/core/handlers/exception.py", line 55, in inner
    response = get_response(request)
  File "/Users/thulanimoyo/MEGA downloads/new downloads/BIDR_Backend/authentication_service/venv/lib/python3.10/site-packages/django/core/handlers/base.py", line 197, in _get_response
    response = wrapped_callback(request, *callback_args, **callback_kwargs)
  File "/Users/thulanimoyo/MEGA downloads/new downloads/BIDR_Backend/authentication_service/venv/lib/python3.10/site-packages/django/views/decorators/csrf.py", line 65, in _view_wrapper
    return view_func(request, *args, **kwargs)
  File "/Users/thulanimoyo/MEGA downloads/new downloads/BIDR_Backend/authentication_service/venv/lib/python3.10/site-packages/rest_framework/viewsets.py", line 125, in view
    return self.dispatch(request, *args, **kwargs)
  File "/Users/thulanimoyo/MEGA downloads/new downloads/BIDR_Backend/authentication_service/venv/lib/python3.10/site-packages/rest_framework/views.py", line 515, in dispatch
    response = self.handle_exception(exc)
  File "/Users/thulanimoyo/MEGA downloads/new downloads/BIDR_Backend/authentication_service/venv/lib/python3.10/site-packages/rest_framework/views.py", line 475, in handle_exception
    self.raise_uncaught_exception(exc)
  File "/Users/thulanimoyo/MEGA downloads/new downloads/BIDR_Backend/authentication_service/venv/lib/python3.10/site-packages/rest_framework/views.py", line 486, in raise_uncaught_exception
    raise exc
  File "/Users/thulanimoyo/MEGA downloads/new downloads/BIDR_Backend/authentication_service/venv/lib/python3.10/site-packages/rest_framework/views.py", line 512, in dispatch
    response = handler(request, *args, **kwargs)
  File "/Users/thulanimoyo/MEGA downloads/new downloads/BIDR_Backend/authentication_service/venv/lib/python3.10/site-packages/rest_framework/mixins.py", line 54, in retrieve
    instance = self.get_object()
  File "/Users/thulanimoyo/MEGA downloads/new downloads/BIDR_Backend/authentication_service/venv/lib/python3.10/site-packages/rest_framework/generics.py", line 87, in get_object
    queryset = self.filter_queryset(self.get_queryset())
  File "/Users/thulanimoyo/MEGA downloads/new downloads/BIDR_Backend/authentication_service/seller/views.py", line 99, in get_queryset
    queryset = queryset.filter(
  File "/Users/thulanimoyo/MEGA downloads/new downloads/BIDR_Backend/authentication_service/venv/lib/python3.10/site-packages/django/db/models/query.py", line 1493, in filter
    return self._filter_or_exclude(False, args, kwargs)
  File "/Users/thulanimoyo/MEGA downloads/new downloads/BIDR_Backend/authentication_service/venv/lib/python3.10/site-packages/django/db/models/query.py", line 1511, in _filter_or_exclude
    clone._filter_or_exclude_inplace(negate, args, kwargs)
  File "/Users/thulanimoyo/MEGA downloads/new downloads/BIDR_Backend/authentication_service/venv/lib/python3.10/site-packages/django/db/models/query.py", line 1518, in _filter_or_exclude_inplace
    self._query.add_q(Q(*args, **kwargs))
  File "/Users/thulanimoyo/MEGA downloads/new downloads/BIDR_Backend/authentication_service/venv/lib/python3.10/site-packages/django/db/models/sql/query.py", line 1646, in add_q
    clause, _ = self._add_q(q_object, can_reuse)
  File "/Users/thulanimoyo/MEGA downloads/new downloads/BIDR_Backend/authentication_service/venv/lib/python3.10/site-packages/django/db/models/sql/query.py", line 1678, in _add_q
    child_clause, needed_inner = self.build_filter(
  File "/Users/thulanimoyo/MEGA downloads/new downloads/BIDR_Backend/authentication_service/venv/lib/python3.10/site-packages/django/db/models/sql/query.py", line 1503, in build_filter
    return self._add_q(
  File "/Users/thulanimoyo/MEGA downloads/new downloads/BIDR_Backend/authentication_service/venv/lib/python3.10/site-packages/django/db/models/sql/query.py", line 1678, in _add_q
    child_clause, needed_inner = self.build_filter(
  File "/Users/thulanimoyo/MEGA downloads/new downloads/BIDR_Backend/authentication_service/venv/lib/python3.10/site-packages/django/db/models/sql/query.py", line 1588, in build_filter
    condition = self.build_lookup(lookups, col, value)
  File "/Users/thulanimoyo/MEGA downloads/new downloads/BIDR_Backend/authentication_service/venv/lib/python3.10/site-packages/django/db/models/sql/query.py", line 1415, in build_lookup
    lookup = lookup_class(lhs, rhs)
  File "/Users/thulanimoyo/MEGA downloads/new downloads/BIDR_Backend/authentication_service/venv/lib/python3.10/site-packages/django/db/models/lookups.py", line 38, in __init__
    self.rhs = self.get_prep_lookup()
  File "/Users/thulanimoyo/MEGA downloads/new downloads/BIDR_Backend/authentication_service/venv/lib/python3.10/site-packages/django/db/models/fields/related_lookups.py", line 112, in get_prep_lookup
    self.rhs = target_field.get_prep_value(self.rhs)
  File "/Users/thulanimoyo/MEGA downloads/new downloads/BIDR_Backend/authentication_service/venv/lib/python3.10/site-packages/django/db/models/fields/__init__.py", line 2130, in get_prep_value
    raise e.__class__(
TypeError: Field 'id' expected a number but got <django.contrib.auth.models.AnonymousUser object at 0x11106c9a0>.
ERROR 2025-08-31 18:27:52,239 basehttp 16207 6192705536 "GET /api/seller/profiles/c97f2da1-810c-4f86-98b4-18b722d5eecb/ HTTP/1.1" 500 187071
WARNING 2025-08-31 18:27:52,247 log 16207 6192705536 Not Found: /api/sellers/c97f2da1-810c-4f86-98b4-18b722d5eecb/
WARNING 2025-08-31 18:27:52,248 basehttp 16207 6192705536 "GET /api/sellers/c97f2da1-810c-4f86-98b4-18b722d5eecb/ HTTP/1.1" 404 8022
INFO 2025-08-31 18:27:55,086 basehttp 16207 6209531904 "GET /api/seller/profiles/by-auth-user-uid/c97f2da1-810c-4f86-98b4-18b722d5eecb/ HTTP/1.1" 200 1197
ERROR 2025-08-31 18:27:55,107 log 16207 6192705536 Internal Server Error: /api/seller/profiles/c97f2da1-810c-4f86-98b4-18b722d5eecb/
Traceback (most recent call last):
  File "/Users/thulanimoyo/MEGA downloads/new downloads/BIDR_Backend/authentication_service/venv/lib/python3.10/site-packages/django/db/models/fields/__init__.py", line 2128, in get_prep_value
    return int(value)
  File "/Users/thulanimoyo/MEGA downloads/new downloads/BIDR_Backend/authentication_service/venv/lib/python3.10/site-packages/django/contrib/auth/models.py", line 549, in __int__
    raise TypeError(
TypeError: Cannot cast AnonymousUser to int. Are you trying to use it in place of User?

The above exception was the direct cause of the following exception:

Traceback (most recent call last):
  File "/Users/thulanimoyo/MEGA downloads/new downloads/BIDR_Backend/authentication_service/venv/lib/python3.10/site-packages/django/core/handlers/exception.py", line 55, in inner
    response = get_response(request)
  File "/Users/thulanimoyo/MEGA downloads/new downloads/BIDR_Backend/authentication_service/venv/lib/python3.10/site-packages/django/core/handlers/base.py", line 197, in _get_response
    response = wrapped_callback(request, *callback_args, **callback_kwargs)
  File "/Users/thulanimoyo/MEGA downloads/new downloads/BIDR_Backend/authentication_service/venv/lib/python3.10/site-packages/django/views/decorators/csrf.py", line 65, in _view_wrapper
    return view_func(request, *args, **kwargs)
  File "/Users/thulanimoyo/MEGA downloads/new downloads/BIDR_Backend/authentication_service/venv/lib/python3.10/site-packages/rest_framework/viewsets.py", line 125, in view
    return self.dispatch(request, *args, **kwargs)
  File "/Users/thulanimoyo/MEGA downloads/new downloads/BIDR_Backend/authentication_service/venv/lib/python3.10/site-packages/rest_framework/views.py", line 515, in dispatch
    response = self.handle_exception(exc)
  File "/Users/thulanimoyo/MEGA downloads/new downloads/BIDR_Backend/authentication_service/venv/lib/python3.10/site-packages/rest_framework/views.py", line 475, in handle_exception
    self.raise_uncaught_exception(exc)
  File "/Users/thulanimoyo/MEGA downloads/new downloads/BIDR_Backend/authentication_service/venv/lib/python3.10/site-packages/rest_framework/views.py", line 486, in raise_uncaught_exception
    raise exc
  File "/Users/thulanimoyo/MEGA downloads/new downloads/BIDR_Backend/authentication_service/venv/lib/python3.10/site-packages/rest_framework/views.py", line 512, in dispatch
    response = handler(request, *args, **kwargs)
  File "/Users/thulanimoyo/MEGA downloads/new downloads/BIDR_Backend/authentication_service/venv/lib/python3.10/site-packages/rest_framework/mixins.py", line 54, in retrieve
    instance = self.get_object()
  File "/Users/thulanimoyo/MEGA downloads/new downloads/BIDR_Backend/authentication_service/venv/lib/python3.10/site-packages/rest_framework/generics.py", line 87, in get_object
    queryset = self.filter_queryset(self.get_queryset())
  File "/Users/thulanimoyo/MEGA downloads/new downloads/BIDR_Backend/authentication_service/seller/views.py", line 99, in get_queryset
    queryset = queryset.filter(
  File "/Users/thulanimoyo/MEGA downloads/new downloads/BIDR_Backend/authentication_service/venv/lib/python3.10/site-packages/django/db/models/query.py", line 1493, in filter
    return self._filter_or_exclude(False, args, kwargs)
  File "/Users/thulanimoyo/MEGA downloads/new downloads/BIDR_Backend/authentication_service/venv/lib/python3.10/site-packages/django/db/models/query.py", line 1511, in _filter_or_exclude
    clone._filter_or_exclude_inplace(negate, args, kwargs)
  File "/Users/thulanimoyo/MEGA downloads/new downloads/BIDR_Backend/authentication_service/venv/lib/python3.10/site-packages/django/db/models/query.py", line 1518, in _filter_or_exclude_inplace
    self._query.add_q(Q(*args, **kwargs))
  File "/Users/thulanimoyo/MEGA downloads/new downloads/BIDR_Backend/authentication_service/venv/lib/python3.10/site-packages/django/db/models/sql/query.py", line 1646, in add_q
    clause, _ = self._add_q(q_object, can_reuse)
  File "/Users/thulanimoyo/MEGA downloads/new downloads/BIDR_Backend/authentication_service/venv/lib/python3.10/site-packages/django/db/models/sql/query.py", line 1678, in _add_q
    child_clause, needed_inner = self.build_filter(
  File "/Users/thulanimoyo/MEGA downloads/new downloads/BIDR_Backend/authentication_service/venv/lib/python3.10/site-packages/django/db/models/sql/query.py", line 1503, in build_filter
    return self._add_q(
  File "/Users/thulanimoyo/MEGA downloads/new downloads/BIDR_Backend/authentication_service/venv/lib/python3.10/site-packages/django/db/models/sql/query.py", line 1678, in _add_q
    child_clause, needed_inner = self.build_filter(
  File "/Users/thulanimoyo/MEGA downloads/new downloads/BIDR_Backend/authentication_service/venv/lib/python3.10/site-packages/django/db/models/sql/query.py", line 1588, in build_filter
    condition = self.build_lookup(lookups, col, value)
  File "/Users/thulanimoyo/MEGA downloads/new downloads/BIDR_Backend/authentication_service/venv/lib/python3.10/site-packages/django/db/models/sql/query.py", line 1415, in build_lookup
    lookup = lookup_class(lhs, rhs)
  File "/Users/thulanimoyo/MEGA downloads/new downloads/BIDR_Backend/authentication_service/venv/lib/python3.10/site-packages/django/db/models/lookups.py", line 38, in __init__
    self.rhs = self.get_prep_lookup()
  File "/Users/thulanimoyo/MEGA downloads/new downloads/BIDR_Backend/authentication_service/venv/lib/python3.10/site-packages/django/db/models/fields/related_lookups.py", line 112, in get_prep_lookup
    self.rhs = target_field.get_prep_value(self.rhs)
  File "/Users/thulanimoyo/MEGA downloads/new downloads/BIDR_Backend/authentication_service/venv/lib/python3.10/site-packages/django/db/models/fields/__init__.py", line 2130, in get_prep_value
    raise e.__class__(
TypeError: Field 'id' expected a number but got <django.contrib.auth.models.AnonymousUser object at 0x111335c60>.
ERROR 2025-08-31 18:27:55,108 basehttp 16207 6192705536 "GET /api/seller/profiles/c97f2da1-810c-4f86-98b4-18b722d5eecb/ HTTP/1.1" 500 187071
WARNING 2025-08-31 18:27:55,163 log 16207 6192705536 Not Found: /api/sellers/c97f2da1-810c-4f86-98b4-18b722d5eecb/
WARNING 2025-08-31 18:27:55,163 basehttp 16207 6192705536 "GET /api/sellers/c97f2da1-810c-4f86-98b4-18b722d5eecb/ HTTP/1.1" 404 8022
ERROR 2025-08-31 18:27:55,203 log 16207 6192705536 Internal Server Error: /api/seller/profiles/c97f2da1-810c-4f86-98b4-18b722d5eecb/
Traceback (most recent call last):
  File "/Users/thulanimoyo/MEGA downloads/new downloads/BIDR_Backend/authentication_service/venv/lib/python3.10/site-packages/django/db/models/fields/__init__.py", line 2128, in get_prep_value
    return int(value)
  File "/Users/thulanimoyo/MEGA downloads/new downloads/BIDR_Backend/authentication_service/venv/lib/python3.10/site-packages/django/contrib/auth/models.py", line 549, in __int__
    raise TypeError(
TypeError: Cannot cast AnonymousUser to int. Are you trying to use it in place of User?

The above exception was the direct cause of the following exception:

Traceback (most recent call last):
  File "/Users/thulanimoyo/MEGA downloads/new downloads/BIDR_Backend/authentication_service/venv/lib/python3.10/site-packages/django/core/handlers/exception.py", line 55, in inner
    response = get_response(request)
  File "/Users/thulanimoyo/MEGA downloads/new downloads/BIDR_Backend/authentication_service/venv/lib/python3.10/site-packages/django/core/handlers/base.py", line 197, in _get_response
    response = wrapped_callback(request, *callback_args, **callback_kwargs)
  File "/Users/thulanimoyo/MEGA downloads/new downloads/BIDR_Backend/authentication_service/venv/lib/python3.10/site-packages/django/views/decorators/csrf.py", line 65, in _view_wrapper
    return view_func(request, *args, **kwargs)
  File "/Users/thulanimoyo/MEGA downloads/new downloads/BIDR_Backend/authentication_service/venv/lib/python3.10/site-packages/rest_framework/viewsets.py", line 125, in view
    return self.dispatch(request, *args, **kwargs)
  File "/Users/thulanimoyo/MEGA downloads/new downloads/BIDR_Backend/authentication_service/venv/lib/python3.10/site-packages/rest_framework/views.py", line 515, in dispatch
    response = self.handle_exception(exc)
  File "/Users/thulanimoyo/MEGA downloads/new downloads/BIDR_Backend/authentication_service/venv/lib/python3.10/site-packages/rest_framework/views.py", line 475, in handle_exception
    self.raise_uncaught_exception(exc)
  File "/Users/thulanimoyo/MEGA downloads/new downloads/BIDR_Backend/authentication_service/venv/lib/python3.10/site-packages/rest_framework/views.py", line 486, in raise_uncaught_exception
    raise exc
  File "/Users/thulanimoyo/MEGA downloads/new downloads/BIDR_Backend/authentication_service/venv/lib/python3.10/site-packages/rest_framework/views.py", line 512, in dispatch
    response = handler(request, *args, **kwargs)
  File "/Users/thulanimoyo/MEGA downloads/new downloads/BIDR_Backend/authentication_service/venv/lib/python3.10/site-packages/rest_framework/mixins.py", line 54, in retrieve
    instance = self.get_object()
  File "/Users/thulanimoyo/MEGA downloads/new downloads/BIDR_Backend/authentication_service/venv/lib/python3.10/site-packages/rest_framework/generics.py", line 87, in get_object
    queryset = self.filter_queryset(self.get_queryset())
  File "/Users/thulanimoyo/MEGA downloads/new downloads/BIDR_Backend/authentication_service/seller/views.py", line 99, in get_queryset
    queryset = queryset.filter(
  File "/Users/thulanimoyo/MEGA downloads/new downloads/BIDR_Backend/authentication_service/venv/lib/python3.10/site-packages/django/db/models/query.py", line 1493, in filter
    return self._filter_or_exclude(False, args, kwargs)
  File "/Users/thulanimoyo/MEGA downloads/new downloads/BIDR_Backend/authentication_service/venv/lib/python3.10/site-packages/django/db/models/query.py", line 1511, in _filter_or_exclude
    clone._filter_or_exclude_inplace(negate, args, kwargs)
  File "/Users/thulanimoyo/MEGA downloads/new downloads/BIDR_Backend/authentication_service/venv/lib/python3.10/site-packages/django/db/models/query.py", line 1518, in _filter_or_exclude_inplace
    self._query.add_q(Q(*args, **kwargs))
  File "/Users/thulanimoyo/MEGA downloads/new downloads/BIDR_Backend/authentication_service/venv/lib/python3.10/site-packages/django/db/models/sql/query.py", line 1646, in add_q
    clause, _ = self._add_q(q_object, can_reuse)
  File "/Users/thulanimoyo/MEGA downloads/new downloads/BIDR_Backend/authentication_service/venv/lib/python3.10/site-packages/django/db/models/sql/query.py", line 1678, in _add_q
    child_clause, needed_inner = self.build_filter(
  File "/Users/thulanimoyo/MEGA downloads/new downloads/BIDR_Backend/authentication_service/venv/lib/python3.10/site-packages/django/db/models/sql/query.py", line 1503, in build_filter
    return self._add_q(
  File "/Users/thulanimoyo/MEGA downloads/new downloads/BIDR_Backend/authentication_service/venv/lib/python3.10/site-packages/django/db/models/sql/query.py", line 1678, in _add_q
    child_clause, needed_inner = self.build_filter(
  File "/Users/thulanimoyo/MEGA downloads/new downloads/BIDR_Backend/authentication_service/venv/lib/python3.10/site-packages/django/db/models/sql/query.py", line 1588, in build_filter
    condition = self.build_lookup(lookups, col, value)
  File "/Users/thulanimoyo/MEGA downloads/new downloads/BIDR_Backend/authentication_service/venv/lib/python3.10/site-packages/django/db/models/sql/query.py", line 1415, in build_lookup
    lookup = lookup_class(lhs, rhs)
  File "/Users/thulanimoyo/MEGA downloads/new downloads/BIDR_Backend/authentication_service/venv/lib/python3.10/site-packages/django/db/models/lookups.py", line 38, in __init__
    self.rhs = self.get_prep_lookup()
  File "/Users/thulanimoyo/MEGA downloads/new downloads/BIDR_Backend/authentication_service/venv/lib/python3.10/site-packages/django/db/models/fields/related_lookups.py", line 112, in get_prep_lookup
    self.rhs = target_field.get_prep_value(self.rhs)
  File "/Users/thulanimoyo/MEGA downloads/new downloads/BIDR_Backend/authentication_service/venv/lib/python3.10/site-packages/django/db/models/fields/__init__.py", line 2130, in get_prep_value
    raise e.__class__(
TypeError: Field 'id' expected a number but got <django.contrib.auth.models.AnonymousUser object at 0x1113c45b0>.
ERROR 2025-08-31 18:27:55,204 basehttp 16207 6192705536 "GET /api/seller/profiles/c97f2da1-810c-4f86-98b4-18b722d5eecb/ HTTP/1.1" 500 187071
WARNING 2025-08-31 18:27:55,212 log 16207 6192705536 Not Found: /api/sellers/c97f2da1-810c-4f86-98b4-18b722d5eecb/
WARNING 2025-08-31 18:27:55,213 basehttp 16207 6192705536 "GET /api/sellers/c97f2da1-810c-4f86-98b4-18b722d5eecb/ HTTP/1.1" 404 8022
ERROR 2025-08-31 18:27:55,242 log 16207 6192705536 Internal Server Error: /api/seller/profiles/c97f2da1-810c-4f86-98b4-18b722d5eecb/
Traceback (most recent call last):
  File "/Users/thulanimoyo/MEGA downloads/new downloads/BIDR_Backend/authentication_service/venv/lib/python3.10/site-packages/django/db/models/fields/__init__.py", line 2128, in get_prep_value
    return int(value)
  File "/Users/thulanimoyo/MEGA downloads/new downloads/BIDR_Backend/authentication_service/venv/lib/python3.10/site-packages/django/contrib/auth/models.py", line 549, in __int__
    raise TypeError(
TypeError: Cannot cast AnonymousUser to int. Are you trying to use it in place of User?

The above exception was the direct cause of the following exception:

Traceback (most recent call last):
  File "/Users/thulanimoyo/MEGA downloads/new downloads/BIDR_Backend/authentication_service/venv/lib/python3.10/site-packages/django/core/handlers/exception.py", line 55, in inner
    response = get_response(request)
  File "/Users/thulanimoyo/MEGA downloads/new downloads/BIDR_Backend/authentication_service/venv/lib/python3.10/site-packages/django/core/handlers/base.py", line 197, in _get_response
    response = wrapped_callback(request, *callback_args, **callback_kwargs)
  File "/Users/thulanimoyo/MEGA downloads/new downloads/BIDR_Backend/authentication_service/venv/lib/python3.10/site-packages/django/views/decorators/csrf.py", line 65, in _view_wrapper
    return view_func(request, *args, **kwargs)
  File "/Users/thulanimoyo/MEGA downloads/new downloads/BIDR_Backend/authentication_service/venv/lib/python3.10/site-packages/rest_framework/viewsets.py", line 125, in view
    return self.dispatch(request, *args, **kwargs)
  File "/Users/thulanimoyo/MEGA downloads/new downloads/BIDR_Backend/authentication_service/venv/lib/python3.10/site-packages/rest_framework/views.py", line 515, in dispatch
    response = self.handle_exception(exc)
  File "/Users/thulanimoyo/MEGA downloads/new downloads/BIDR_Backend/authentication_service/venv/lib/python3.10/site-packages/rest_framework/views.py", line 475, in handle_exception
    self.raise_uncaught_exception(exc)
  File "/Users/thulanimoyo/MEGA downloads/new downloads/BIDR_Backend/authentication_service/venv/lib/python3.10/site-packages/rest_framework/views.py", line 486, in raise_uncaught_exception
    raise exc
  File "/Users/thulanimoyo/MEGA downloads/new downloads/BIDR_Backend/authentication_service/venv/lib/python3.10/site-packages/rest_framework/views.py", line 512, in dispatch
    response = handler(request, *args, **kwargs)
  File "/Users/thulanimoyo/MEGA downloads/new downloads/BIDR_Backend/authentication_service/venv/lib/python3.10/site-packages/rest_framework/mixins.py", line 54, in retrieve
    instance = self.get_object()
  File "/Users/thulanimoyo/MEGA downloads/new downloads/BIDR_Backend/authentication_service/venv/lib/python3.10/site-packages/rest_framework/generics.py", line 87, in get_object
    queryset = self.filter_queryset(self.get_queryset())
  File "/Users/thulanimoyo/MEGA downloads/new downloads/BIDR_Backend/authentication_service/seller/views.py", line 99, in get_queryset
    queryset = queryset.filter(
  File "/Users/thulanimoyo/MEGA downloads/new downloads/BIDR_Backend/authentication_service/venv/lib/python3.10/site-packages/django/db/models/query.py", line 1493, in filter
    return self._filter_or_exclude(False, args, kwargs)
  File "/Users/thulanimoyo/MEGA downloads/new downloads/BIDR_Backend/authentication_service/venv/lib/python3.10/site-packages/django/db/models/query.py", line 1511, in _filter_or_exclude
    clone._filter_or_exclude_inplace(negate, args, kwargs)
  File "/Users/thulanimoyo/MEGA downloads/new downloads/BIDR_Backend/authentication_service/venv/lib/python3.10/site-packages/django/db/models/query.py", line 1518, in _filter_or_exclude_inplace
    self._query.add_q(Q(*args, **kwargs))
  File "/Users/thulanimoyo/MEGA downloads/new downloads/BIDR_Backend/authentication_service/venv/lib/python3.10/site-packages/django/db/models/sql/query.py", line 1646, in add_q
    clause, _ = self._add_q(q_object, can_reuse)
  File "/Users/thulanimoyo/MEGA downloads/new downloads/BIDR_Backend/authentication_service/venv/lib/python3.10/site-packages/django/db/models/sql/query.py", line 1678, in _add_q
    child_clause, needed_inner = self.build_filter(
  File "/Users/thulanimoyo/MEGA downloads/new downloads/BIDR_Backend/authentication_service/venv/lib/python3.10/site-packages/django/db/models/sql/query.py", line 1503, in build_filter
    return self._add_q(
  File "/Users/thulanimoyo/MEGA downloads/new downloads/BIDR_Backend/authentication_service/venv/lib/python3.10/site-packages/django/db/models/sql/query.py", line 1678, in _add_q
    child_clause, needed_inner = self.build_filter(
  File "/Users/thulanimoyo/MEGA downloads/new downloads/BIDR_Backend/authentication_service/venv/lib/python3.10/site-packages/django/db/models/sql/query.py", line 1588, in build_filter
    condition = self.build_lookup(lookups, col, value)
  File "/Users/thulanimoyo/MEGA downloads/new downloads/BIDR_Backend/authentication_service/venv/lib/python3.10/site-packages/django/db/models/sql/query.py", line 1415, in build_lookup
    lookup = lookup_class(lhs, rhs)
  File "/Users/thulanimoyo/MEGA downloads/new downloads/BIDR_Backend/authentication_service/venv/lib/python3.10/site-packages/django/db/models/lookups.py", line 38, in __init__
    self.rhs = self.get_prep_lookup()
  File "/Users/thulanimoyo/MEGA downloads/new downloads/BIDR_Backend/authentication_service/venv/lib/python3.10/site-packages/django/db/models/fields/related_lookups.py", line 112, in get_prep_lookup
    self.rhs = target_field.get_prep_value(self.rhs)
  File "/Users/thulanimoyo/MEGA downloads/new downloads/BIDR_Backend/authentication_service/venv/lib/python3.10/site-packages/django/db/models/fields/__init__.py", line 2130, in get_prep_value
    raise e.__class__(
TypeError: Field 'id' expected a number but got <django.contrib.auth.models.AnonymousUser object at 0x111381750>.
ERROR 2025-08-31 18:27:55,243 basehttp 16207 6192705536 "GET /api/seller/profiles/c97f2da1-810c-4f86-98b4-18b722d5eecb/ HTTP/1.1" 500 187071
WARNING 2025-08-31 18:27:55,254 log 16207 6192705536 Not Found: /api/sellers/c97f2da1-810c-4f86-98b4-18b722d5eecb/
WARNING 2025-08-31 18:27:55,254 basehttp 16207 6192705536 "GET /api/sellers/c97f2da1-810c-4f86-98b4-18b722d5eecb/ HTTP/1.1" 404 8022
ERROR 2025-08-31 18:27:55,288 log 16207 6192705536 Internal Server Error: /api/seller/profiles/c97f2da1-810c-4f86-98b4-18b722d5eecb/
Traceback (most recent call last):
  File "/Users/thulanimoyo/MEGA downloads/new downloads/BIDR_Backend/authentication_service/venv/lib/python3.10/site-packages/django/db/models/fields/__init__.py", line 2128, in get_prep_value
    return int(value)
  File "/Users/thulanimoyo/MEGA downloads/new downloads/BIDR_Backend/authentication_service/venv/lib/python3.10/site-packages/django/contrib/auth/models.py", line 549, in __int__
    raise TypeError(
TypeError: Cannot cast AnonymousUser to int. Are you trying to use it in place of User?

The above exception was the direct cause of the following exception:

Traceback (most recent call last):
  File "/Users/thulanimoyo/MEGA downloads/new downloads/BIDR_Backend/authentication_service/venv/lib/python3.10/site-packages/django/core/handlers/exception.py", line 55, in inner
    response = get_response(request)
  File "/Users/thulanimoyo/MEGA downloads/new downloads/BIDR_Backend/authentication_service/venv/lib/python3.10/site-packages/django/core/handlers/base.py", line 197, in _get_response
    response = wrapped_callback(request, *callback_args, **callback_kwargs)
  File "/Users/thulanimoyo/MEGA downloads/new downloads/BIDR_Backend/authentication_service/venv/lib/python3.10/site-packages/django/views/decorators/csrf.py", line 65, in _view_wrapper
    return view_func(request, *args, **kwargs)
  File "/Users/thulanimoyo/MEGA downloads/new downloads/BIDR_Backend/authentication_service/venv/lib/python3.10/site-packages/rest_framework/viewsets.py", line 125, in view
    return self.dispatch(request, *args, **kwargs)
  File "/Users/thulanimoyo/MEGA downloads/new downloads/BIDR_Backend/authentication_service/venv/lib/python3.10/site-packages/rest_framework/views.py", line 515, in dispatch
    response = self.handle_exception(exc)
  File "/Users/thulanimoyo/MEGA downloads/new downloads/BIDR_Backend/authentication_service/venv/lib/python3.10/site-packages/rest_framework/views.py", line 475, in handle_exception
    self.raise_uncaught_exception(exc)
  File "/Users/thulanimoyo/MEGA downloads/new downloads/BIDR_Backend/authentication_service/venv/lib/python3.10/site-packages/rest_framework/views.py", line 486, in raise_uncaught_exception
    raise exc
  File "/Users/thulanimoyo/MEGA downloads/new downloads/BIDR_Backend/authentication_service/venv/lib/python3.10/site-packages/rest_framework/views.py", line 512, in dispatch
    response = handler(request, *args, **kwargs)
  File "/Users/thulanimoyo/MEGA downloads/new downloads/BIDR_Backend/authentication_service/venv/lib/python3.10/site-packages/rest_framework/mixins.py", line 54, in retrieve
    instance = self.get_object()
  File "/Users/thulanimoyo/MEGA downloads/new downloads/BIDR_Backend/authentication_service/venv/lib/python3.10/site-packages/rest_framework/generics.py", line 87, in get_object
    queryset = self.filter_queryset(self.get_queryset())
  File "/Users/thulanimoyo/MEGA downloads/new downloads/BIDR_Backend/authentication_service/seller/views.py", line 99, in get_queryset
    queryset = queryset.filter(
  File "/Users/thulanimoyo/MEGA downloads/new downloads/BIDR_Backend/authentication_service/venv/lib/python3.10/site-packages/django/db/models/query.py", line 1493, in filter
    return self._filter_or_exclude(False, args, kwargs)
  File "/Users/thulanimoyo/MEGA downloads/new downloads/BIDR_Backend/authentication_service/venv/lib/python3.10/site-packages/django/db/models/query.py", line 1511, in _filter_or_exclude
    clone._filter_or_exclude_inplace(negate, args, kwargs)
  File "/Users/thulanimoyo/MEGA downloads/new downloads/BIDR_Backend/authentication_service/venv/lib/python3.10/site-packages/django/db/models/query.py", line 1518, in _filter_or_exclude_inplace
    self._query.add_q(Q(*args, **kwargs))
  File "/Users/thulanimoyo/MEGA downloads/new downloads/BIDR_Backend/authentication_service/venv/lib/python3.10/site-packages/django/db/models/sql/query.py", line 1646, in add_q
    clause, _ = self._add_q(q_object, can_reuse)
  File "/Users/thulanimoyo/MEGA downloads/new downloads/BIDR_Backend/authentication_service/venv/lib/python3.10/site-packages/django/db/models/sql/query.py", line 1678, in _add_q
    child_clause, needed_inner = self.build_filter(
  File "/Users/thulanimoyo/MEGA downloads/new downloads/BIDR_Backend/authentication_service/venv/lib/python3.10/site-packages/django/db/models/sql/query.py", line 1503, in build_filter
    return self._add_q(
  File "/Users/thulanimoyo/MEGA downloads/new downloads/BIDR_Backend/authentication_service/venv/lib/python3.10/site-packages/django/db/models/sql/query.py", line 1678, in _add_q
    child_clause, needed_inner = self.build_filter(
  File "/Users/thulanimoyo/MEGA downloads/new downloads/BIDR_Backend/authentication_service/venv/lib/python3.10/site-packages/django/db/models/sql/query.py", line 1588, in build_filter
    condition = self.build_lookup(lookups, col, value)
  File "/Users/thulanimoyo/MEGA downloads/new downloads/BIDR_Backend/authentication_service/venv/lib/python3.10/site-packages/django/db/models/sql/query.py", line 1415, in build_lookup
    lookup = lookup_class(lhs, rhs)
  File "/Users/thulanimoyo/MEGA downloads/new downloads/BIDR_Backend/authentication_service/venv/lib/python3.10/site-packages/django/db/models/lookups.py", line 38, in __init__
    self.rhs = self.get_prep_lookup()
  File "/Users/thulanimoyo/MEGA downloads/new downloads/BIDR_Backend/authentication_service/venv/lib/python3.10/site-packages/django/db/models/fields/related_lookups.py", line 112, in get_prep_lookup
    self.rhs = target_field.get_prep_value(self.rhs)
  File "/Users/thulanimoyo/MEGA downloads/new downloads/BIDR_Backend/authentication_service/venv/lib/python3.10/site-packages/django/db/models/fields/__init__.py", line 2130, in get_prep_value
    raise e.__class__(
TypeError: Field 'id' expected a number but got <django.contrib.auth.models.AnonymousUser object at 0x11106fbe0>.
ERROR 2025-08-31 18:27:55,289 basehttp 16207 6192705536 "GET /api/seller/profiles/c97f2da1-810c-4f86-98b4-18b722d5eecb/ HTTP/1.1" 500 187071
WARNING 2025-08-31 18:27:55,299 log 16207 6192705536 Not Found: /api/sellers/c97f2da1-810c-4f86-98b4-18b722d5eecb/
WARNING 2025-08-31 18:27:55,299 basehttp 16207 6192705536 "GET /api/sellers/c97f2da1-810c-4f86-98b4-18b722d5eecb/ HTTP/1.1" 404 8022
ERROR 2025-08-31 18:27:55,327 log 16207 6192705536 Internal Server Error: /api/seller/profiles/c97f2da1-810c-4f86-98b4-18b722d5eecb/
Traceback (most recent call last):
  File "/Users/thulanimoyo/MEGA downloads/new downloads/BIDR_Backend/authentication_service/venv/lib/python3.10/site-packages/django/db/models/fields/__init__.py", line 2128, in get_prep_value
    return int(value)
  File "/Users/thulanimoyo/MEGA downloads/new downloads/BIDR_Backend/authentication_service/venv/lib/python3.10/site-packages/django/contrib/auth/models.py", line 549, in __int__
    raise TypeError(
TypeError: Cannot cast AnonymousUser to int. Are you trying to use it in place of User?

The above exception was the direct cause of the following exception:

Traceback (most recent call last):
  File "/Users/thulanimoyo/MEGA downloads/new downloads/BIDR_Backend/authentication_service/venv/lib/python3.10/site-packages/django/core/handlers/exception.py", line 55, in inner
    response = get_response(request)
  File "/Users/thulanimoyo/MEGA downloads/new downloads/BIDR_Backend/authentication_service/venv/lib/python3.10/site-packages/django/core/handlers/base.py", line 197, in _get_response
    response = wrapped_callback(request, *callback_args, **callback_kwargs)
  File "/Users/thulanimoyo/MEGA downloads/new downloads/BIDR_Backend/authentication_service/venv/lib/python3.10/site-packages/django/views/decorators/csrf.py", line 65, in _view_wrapper
    return view_func(request, *args, **kwargs)
  File "/Users/thulanimoyo/MEGA downloads/new downloads/BIDR_Backend/authentication_service/venv/lib/python3.10/site-packages/rest_framework/viewsets.py", line 125, in view
    return self.dispatch(request, *args, **kwargs)
  File "/Users/thulanimoyo/MEGA downloads/new downloads/BIDR_Backend/authentication_service/venv/lib/python3.10/site-packages/rest_framework/views.py", line 515, in dispatch
    response = self.handle_exception(exc)
  File "/Users/thulanimoyo/MEGA downloads/new downloads/BIDR_Backend/authentication_service/venv/lib/python3.10/site-packages/rest_framework/views.py", line 475, in handle_exception
    self.raise_uncaught_exception(exc)
  File "/Users/thulanimoyo/MEGA downloads/new downloads/BIDR_Backend/authentication_service/venv/lib/python3.10/site-packages/rest_framework/views.py", line 486, in raise_uncaught_exception
    raise exc
  File "/Users/thulanimoyo/MEGA downloads/new downloads/BIDR_Backend/authentication_service/venv/lib/python3.10/site-packages/rest_framework/views.py", line 512, in dispatch
    response = handler(request, *args, **kwargs)
  File "/Users/thulanimoyo/MEGA downloads/new downloads/BIDR_Backend/authentication_service/venv/lib/python3.10/site-packages/rest_framework/mixins.py", line 54, in retrieve
    instance = self.get_object()
  File "/Users/thulanimoyo/MEGA downloads/new downloads/BIDR_Backend/authentication_service/venv/lib/python3.10/site-packages/rest_framework/generics.py", line 87, in get_object
    queryset = self.filter_queryset(self.get_queryset())
  File "/Users/thulanimoyo/MEGA downloads/new downloads/BIDR_Backend/authentication_service/seller/views.py", line 99, in get_queryset
    queryset = queryset.filter(
  File "/Users/thulanimoyo/MEGA downloads/new downloads/BIDR_Backend/authentication_service/venv/lib/python3.10/site-packages/django/db/models/query.py", line 1493, in filter
    return self._filter_or_exclude(False, args, kwargs)
  File "/Users/thulanimoyo/MEGA downloads/new downloads/BIDR_Backend/authentication_service/venv/lib/python3.10/site-packages/django/db/models/query.py", line 1511, in _filter_or_exclude
    clone._filter_or_exclude_inplace(negate, args, kwargs)
  File "/Users/thulanimoyo/MEGA downloads/new downloads/BIDR_Backend/authentication_service/venv/lib/python3.10/site-packages/django/db/models/query.py", line 1518, in _filter_or_exclude_inplace
    self._query.add_q(Q(*args, **kwargs))
  File "/Users/thulanimoyo/MEGA downloads/new downloads/BIDR_Backend/authentication_service/venv/lib/python3.10/site-packages/django/db/models/sql/query.py", line 1646, in add_q
    clause, _ = self._add_q(q_object, can_reuse)
  File "/Users/thulanimoyo/MEGA downloads/new downloads/BIDR_Backend/authentication_service/venv/lib/python3.10/site-packages/django/db/models/sql/query.py", line 1678, in _add_q
    child_clause, needed_inner = self.build_filter(
  File "/Users/thulanimoyo/MEGA downloads/new downloads/BIDR_Backend/authentication_service/venv/lib/python3.10/site-packages/django/db/models/sql/query.py", line 1503, in build_filter
    return self._add_q(
  File "/Users/thulanimoyo/MEGA downloads/new downloads/BIDR_Backend/authentication_service/venv/lib/python3.10/site-packages/django/db/models/sql/query.py", line 1678, in _add_q
    child_clause, needed_inner = self.build_filter(
  File "/Users/thulanimoyo/MEGA downloads/new downloads/BIDR_Backend/authentication_service/venv/lib/python3.10/site-packages/django/db/models/sql/query.py", line 1588, in build_filter
    condition = self.build_lookup(lookups, col, value)
  File "/Users/thulanimoyo/MEGA downloads/new downloads/BIDR_Backend/authentication_service/venv/lib/python3.10/site-packages/django/db/models/sql/query.py", line 1415, in build_lookup
    lookup = lookup_class(lhs, rhs)
  File "/Users/thulanimoyo/MEGA downloads/new downloads/BIDR_Backend/authentication_service/venv/lib/python3.10/site-packages/django/db/models/lookups.py", line 38, in __init__
    self.rhs = self.get_prep_lookup()
  File "/Users/thulanimoyo/MEGA downloads/new downloads/BIDR_Backend/authentication_service/venv/lib/python3.10/site-packages/django/db/models/fields/related_lookups.py", line 112, in get_prep_lookup
    self.rhs = target_field.get_prep_value(self.rhs)
  File "/Users/thulanimoyo/MEGA downloads/new downloads/BIDR_Backend/authentication_service/venv/lib/python3.10/site-packages/django/db/models/fields/__init__.py", line 2130, in get_prep_value
    raise e.__class__(
TypeError: Field 'id' expected a number but got <django.contrib.auth.models.AnonymousUser object at 0x111380ca0>.
ERROR 2025-08-31 18:27:55,327 basehttp 16207 6192705536 "GET /api/seller/profiles/c97f2da1-810c-4f86-98b4-18b722d5eecb/ HTTP/1.1" 500 187071
WARNING 2025-08-31 18:27:55,336 log 16207 6192705536 Not Found: /api/sellers/c97f2da1-810c-4f86-98b4-18b722d5eecb/
WARNING 2025-08-31 18:27:55,336 basehttp 16207 6192705536 "GET /api/sellers/c97f2da1-810c-4f86-98b4-18b722d5eecb/ HTTP/1.1" 404 8022
ERROR 2025-08-31 18:27:55,365 log 16207 6192705536 Internal Server Error: /api/seller/profiles/c97f2da1-810c-4f86-98b4-18b722d5eecb/
Traceback (most recent call last):
  File "/Users/thulanimoyo/MEGA downloads/new downloads/BIDR_Backend/authentication_service/venv/lib/python3.10/site-packages/django/db/models/fields/__init__.py", line 2128, in get_prep_value
    return int(value)
  File "/Users/thulanimoyo/MEGA downloads/new downloads/BIDR_Backend/authentication_service/venv/lib/python3.10/site-packages/django/contrib/auth/models.py", line 549, in __int__
    raise TypeError(
TypeError: Cannot cast AnonymousUser to int. Are you trying to use it in place of User?

The above exception was the direct cause of the following exception:

Traceback (most recent call last):
  File "/Users/thulanimoyo/MEGA downloads/new downloads/BIDR_Backend/authentication_service/venv/lib/python3.10/site-packages/django/core/handlers/exception.py", line 55, in inner
    response = get_response(request)
  File "/Users/thulanimoyo/MEGA downloads/new downloads/BIDR_Backend/authentication_service/venv/lib/python3.10/site-packages/django/core/handlers/base.py", line 197, in _get_response
    response = wrapped_callback(request, *callback_args, **callback_kwargs)
  File "/Users/thulanimoyo/MEGA downloads/new downloads/BIDR_Backend/authentication_service/venv/lib/python3.10/site-packages/django/views/decorators/csrf.py", line 65, in _view_wrapper
    return view_func(request, *args, **kwargs)
  File "/Users/thulanimoyo/MEGA downloads/new downloads/BIDR_Backend/authentication_service/venv/lib/python3.10/site-packages/rest_framework/viewsets.py", line 125, in view
    return self.dispatch(request, *args, **kwargs)
  File "/Users/thulanimoyo/MEGA downloads/new downloads/BIDR_Backend/authentication_service/venv/lib/python3.10/site-packages/rest_framework/views.py", line 515, in dispatch
    response = self.handle_exception(exc)
  File "/Users/thulanimoyo/MEGA downloads/new downloads/BIDR_Backend/authentication_service/venv/lib/python3.10/site-packages/rest_framework/views.py", line 475, in handle_exception
    self.raise_uncaught_exception(exc)
  File "/Users/thulanimoyo/MEGA downloads/new downloads/BIDR_Backend/authentication_service/venv/lib/python3.10/site-packages/rest_framework/views.py", line 486, in raise_uncaught_exception
    raise exc
  File "/Users/thulanimoyo/MEGA downloads/new downloads/BIDR_Backend/authentication_service/venv/lib/python3.10/site-packages/rest_framework/views.py", line 512, in dispatch
    response = handler(request, *args, **kwargs)
  File "/Users/thulanimoyo/MEGA downloads/new downloads/BIDR_Backend/authentication_service/venv/lib/python3.10/site-packages/rest_framework/mixins.py", line 54, in retrieve
    instance = self.get_object()
  File "/Users/thulanimoyo/MEGA downloads/new downloads/BIDR_Backend/authentication_service/venv/lib/python3.10/site-packages/rest_framework/generics.py", line 87, in get_object
    queryset = self.filter_queryset(self.get_queryset())
  File "/Users/thulanimoyo/MEGA downloads/new downloads/BIDR_Backend/authentication_service/seller/views.py", line 99, in get_queryset
    queryset = queryset.filter(
  File "/Users/thulanimoyo/MEGA downloads/new downloads/BIDR_Backend/authentication_service/venv/lib/python3.10/site-packages/django/db/models/query.py", line 1493, in filter
    return self._filter_or_exclude(False, args, kwargs)
  File "/Users/thulanimoyo/MEGA downloads/new downloads/BIDR_Backend/authentication_service/venv/lib/python3.10/site-packages/django/db/models/query.py", line 1511, in _filter_or_exclude
    clone._filter_or_exclude_inplace(negate, args, kwargs)
  File "/Users/thulanimoyo/MEGA downloads/new downloads/BIDR_Backend/authentication_service/venv/lib/python3.10/site-packages/django/db/models/query.py", line 1518, in _filter_or_exclude_inplace
    self._query.add_q(Q(*args, **kwargs))
  File "/Users/thulanimoyo/MEGA downloads/new downloads/BIDR_Backend/authentication_service/venv/lib/python3.10/site-packages/django/db/models/sql/query.py", line 1646, in add_q
    clause, _ = self._add_q(q_object, can_reuse)
  File "/Users/thulanimoyo/MEGA downloads/new downloads/BIDR_Backend/authentication_service/venv/lib/python3.10/site-packages/django/db/models/sql/query.py", line 1678, in _add_q
    child_clause, needed_inner = self.build_filter(
  File "/Users/thulanimoyo/MEGA downloads/new downloads/BIDR_Backend/authentication_service/venv/lib/python3.10/site-packages/django/db/models/sql/query.py", line 1503, in build_filter
    return self._add_q(
  File "/Users/thulanimoyo/MEGA downloads/new downloads/BIDR_Backend/authentication_service/venv/lib/python3.10/site-packages/django/db/models/sql/query.py", line 1678, in _add_q
    child_clause, needed_inner = self.build_filter(
  File "/Users/thulanimoyo/MEGA downloads/new downloads/BIDR_Backend/authentication_service/venv/lib/python3.10/site-packages/django/db/models/sql/query.py", line 1588, in build_filter
    condition = self.build_lookup(lookups, col, value)
  File "/Users/thulanimoyo/MEGA downloads/new downloads/BIDR_Backend/authentication_service/venv/lib/python3.10/site-packages/django/db/models/sql/query.py", line 1415, in build_lookup
    lookup = lookup_class(lhs, rhs)
  File "/Users/thulanimoyo/MEGA downloads/new downloads/BIDR_Backend/authentication_service/venv/lib/python3.10/site-packages/django/db/models/lookups.py", line 38, in __init__
    self.rhs = self.get_prep_lookup()
  File "/Users/thulanimoyo/MEGA downloads/new downloads/BIDR_Backend/authentication_service/venv/lib/python3.10/site-packages/django/db/models/fields/related_lookups.py", line 112, in get_prep_lookup
    self.rhs = target_field.get_prep_value(self.rhs)
  File "/Users/thulanimoyo/MEGA downloads/new downloads/BIDR_Backend/authentication_service/venv/lib/python3.10/site-packages/django/db/models/fields/__init__.py", line 2130, in get_prep_value
    raise e.__class__(
TypeError: Field 'id' expected a number but got <django.contrib.auth.models.AnonymousUser object at 0x111162ef0>.
ERROR 2025-08-31 18:27:55,366 basehttp 16207 6192705536 "GET /api/seller/profiles/c97f2da1-810c-4f86-98b4-18b722d5eecb/ HTTP/1.1" 500 187071
WARNING 2025-08-31 18:27:55,375 log 16207 6192705536 Not Found: /api/sellers/c97f2da1-810c-4f86-98b4-18b722d5eecb/
WARNING 2025-08-31 18:27:55,376 basehttp 16207 6192705536 "GET /api/sellers/c97f2da1-810c-4f86-98b4-18b722d5eecb/ HTTP/1.1" 404 8022
ERROR 2025-08-31 18:27:55,403 log 16207 6192705536 Internal Server Error: /api/seller/profiles/c97f2da1-810c-4f86-98b4-18b722d5eecb/
Traceback (most recent call last):
  File "/Users/thulanimoyo/MEGA downloads/new downloads/BIDR_Backend/authentication_service/venv/lib/python3.10/site-packages/django/db/models/fields/__init__.py", line 2128, in get_prep_value
    return int(value)
  File "/Users/thulanimoyo/MEGA downloads/new downloads/BIDR_Backend/authentication_service/venv/lib/python3.10/site-packages/django/contrib/auth/models.py", line 549, in __int__
    raise TypeError(
TypeError: Cannot cast AnonymousUser to int. Are you trying to use it in place of User?

The above exception was the direct cause of the following exception:

Traceback (most recent call last):
  File "/Users/thulanimoyo/MEGA downloads/new downloads/BIDR_Backend/authentication_service/venv/lib/python3.10/site-packages/django/core/handlers/exception.py", line 55, in inner
    response = get_response(request)
  File "/Users/thulanimoyo/MEGA downloads/new downloads/BIDR_Backend/authentication_service/venv/lib/python3.10/site-packages/django/core/handlers/base.py", line 197, in _get_response
    response = wrapped_callback(request, *callback_args, **callback_kwargs)
  File "/Users/thulanimoyo/MEGA downloads/new downloads/BIDR_Backend/authentication_service/venv/lib/python3.10/site-packages/django/views/decorators/csrf.py", line 65, in _view_wrapper
    return view_func(request, *args, **kwargs)
  File "/Users/thulanimoyo/MEGA downloads/new downloads/BIDR_Backend/authentication_service/venv/lib/python3.10/site-packages/rest_framework/viewsets.py", line 125, in view
    return self.dispatch(request, *args, **kwargs)
  File "/Users/thulanimoyo/MEGA downloads/new downloads/BIDR_Backend/authentication_service/venv/lib/python3.10/site-packages/rest_framework/views.py", line 515, in dispatch
    response = self.handle_exception(exc)
  File "/Users/thulanimoyo/MEGA downloads/new downloads/BIDR_Backend/authentication_service/venv/lib/python3.10/site-packages/rest_framework/views.py", line 475, in handle_exception
    self.raise_uncaught_exception(exc)
  File "/Users/thulanimoyo/MEGA downloads/new downloads/BIDR_Backend/authentication_service/venv/lib/python3.10/site-packages/rest_framework/views.py", line 486, in raise_uncaught_exception
    raise exc
  File "/Users/thulanimoyo/MEGA downloads/new downloads/BIDR_Backend/authentication_service/venv/lib/python3.10/site-packages/rest_framework/views.py", line 512, in dispatch
    response = handler(request, *args, **kwargs)
  File "/Users/thulanimoyo/MEGA downloads/new downloads/BIDR_Backend/authentication_service/venv/lib/python3.10/site-packages/rest_framework/mixins.py", line 54, in retrieve
    instance = self.get_object()
  File "/Users/thulanimoyo/MEGA downloads/new downloads/BIDR_Backend/authentication_service/venv/lib/python3.10/site-packages/rest_framework/generics.py", line 87, in get_object
    queryset = self.filter_queryset(self.get_queryset())
  File "/Users/thulanimoyo/MEGA downloads/new downloads/BIDR_Backend/authentication_service/seller/views.py", line 99, in get_queryset
    queryset = queryset.filter(
  File "/Users/thulanimoyo/MEGA downloads/new downloads/BIDR_Backend/authentication_service/venv/lib/python3.10/site-packages/django/db/models/query.py", line 1493, in filter
    return self._filter_or_exclude(False, args, kwargs)
  File "/Users/thulanimoyo/MEGA downloads/new downloads/BIDR_Backend/authentication_service/venv/lib/python3.10/site-packages/django/db/models/query.py", line 1511, in _filter_or_exclude
    clone._filter_or_exclude_inplace(negate, args, kwargs)
  File "/Users/thulanimoyo/MEGA downloads/new downloads/BIDR_Backend/authentication_service/venv/lib/python3.10/site-packages/django/db/models/query.py", line 1518, in _filter_or_exclude_inplace
    self._query.add_q(Q(*args, **kwargs))
  File "/Users/thulanimoyo/MEGA downloads/new downloads/BIDR_Backend/authentication_service/venv/lib/python3.10/site-packages/django/db/models/sql/query.py", line 1646, in add_q
    clause, _ = self._add_q(q_object, can_reuse)
  File "/Users/thulanimoyo/MEGA downloads/new downloads/BIDR_Backend/authentication_service/venv/lib/python3.10/site-packages/django/db/models/sql/query.py", line 1678, in _add_q
    child_clause, needed_inner = self.build_filter(
  File "/Users/thulanimoyo/MEGA downloads/new downloads/BIDR_Backend/authentication_service/venv/lib/python3.10/site-packages/django/db/models/sql/query.py", line 1503, in build_filter
    return self._add_q(
  File "/Users/thulanimoyo/MEGA downloads/new downloads/BIDR_Backend/authentication_service/venv/lib/python3.10/site-packages/django/db/models/sql/query.py", line 1678, in _add_q
    child_clause, needed_inner = self.build_filter(
  File "/Users/thulanimoyo/MEGA downloads/new downloads/BIDR_Backend/authentication_service/venv/lib/python3.10/site-packages/django/db/models/sql/query.py", line 1588, in build_filter
    condition = self.build_lookup(lookups, col, value)
  File "/Users/thulanimoyo/MEGA downloads/new downloads/BIDR_Backend/authentication_service/venv/lib/python3.10/site-packages/django/db/models/sql/query.py", line 1415, in build_lookup
    lookup = lookup_class(lhs, rhs)
  File "/Users/thulanimoyo/MEGA downloads/new downloads/BIDR_Backend/authentication_service/venv/lib/python3.10/site-packages/django/db/models/lookups.py", line 38, in __init__
    self.rhs = self.get_prep_lookup()
  File "/Users/thulanimoyo/MEGA downloads/new downloads/BIDR_Backend/authentication_service/venv/lib/python3.10/site-packages/django/db/models/fields/related_lookups.py", line 112, in get_prep_lookup
    self.rhs = target_field.get_prep_value(self.rhs)
  File "/Users/thulanimoyo/MEGA downloads/new downloads/BIDR_Backend/authentication_service/venv/lib/python3.10/site-packages/django/db/models/fields/__init__.py", line 2130, in get_prep_value
    raise e.__class__(
TypeError: Field 'id' expected a number but got <django.contrib.auth.models.AnonymousUser object at 0x1111cb6d0>.
ERROR 2025-08-31 18:27:55,404 basehttp 16207 6192705536 "GET /api/seller/profiles/c97f2da1-810c-4f86-98b4-18b722d5eecb/ HTTP/1.1" 500 187071
WARNING 2025-08-31 18:27:55,413 log 16207 6192705536 Not Found: /api/sellers/c97f2da1-810c-4f86-98b4-18b722d5eecb/
WARNING 2025-08-31 18:27:55,414 basehttp 16207 6192705536 "GET /api/sellers/c97f2da1-810c-4f86-98b4-18b722d5eecb/ HTTP/1.1" 404 8022
ERROR 2025-08-31 18:27:55,442 log 16207 6192705536 Internal Server Error: /api/seller/profiles/c97f2da1-810c-4f86-98b4-18b722d5eecb/
Traceback (most recent call last):
  File "/Users/thulanimoyo/MEGA downloads/new downloads/BIDR_Backend/authentication_service/venv/lib/python3.10/site-packages/django/db/models/fields/__init__.py", line 2128, in get_prep_value
    return int(value)
  File "/Users/thulanimoyo/MEGA downloads/new downloads/BIDR_Backend/authentication_service/venv/lib/python3.10/site-packages/django/contrib/auth/models.py", line 549, in __int__
    raise TypeError(
TypeError: Cannot cast AnonymousUser to int. Are you trying to use it in place of User?

The above exception was the direct cause of the following exception:

Traceback (most recent call last):
  File "/Users/thulanimoyo/MEGA downloads/new downloads/BIDR_Backend/authentication_service/venv/lib/python3.10/site-packages/django/core/handlers/exception.py", line 55, in inner
    response = get_response(request)
  File "/Users/thulanimoyo/MEGA downloads/new downloads/BIDR_Backend/authentication_service/venv/lib/python3.10/site-packages/django/core/handlers/base.py", line 197, in _get_response
    response = wrapped_callback(request, *callback_args, **callback_kwargs)
  File "/Users/thulanimoyo/MEGA downloads/new downloads/BIDR_Backend/authentication_service/venv/lib/python3.10/site-packages/django/views/decorators/csrf.py", line 65, in _view_wrapper
    return view_func(request, *args, **kwargs)
  File "/Users/thulanimoyo/MEGA downloads/new downloads/BIDR_Backend/authentication_service/venv/lib/python3.10/site-packages/rest_framework/viewsets.py", line 125, in view
    return self.dispatch(request, *args, **kwargs)
  File "/Users/thulanimoyo/MEGA downloads/new downloads/BIDR_Backend/authentication_service/venv/lib/python3.10/site-packages/rest_framework/views.py", line 515, in dispatch
    response = self.handle_exception(exc)
  File "/Users/thulanimoyo/MEGA downloads/new downloads/BIDR_Backend/authentication_service/venv/lib/python3.10/site-packages/rest_framework/views.py", line 475, in handle_exception
    self.raise_uncaught_exception(exc)
  File "/Users/thulanimoyo/MEGA downloads/new downloads/BIDR_Backend/authentication_service/venv/lib/python3.10/site-packages/rest_framework/views.py", line 486, in raise_uncaught_exception
    raise exc
  File "/Users/thulanimoyo/MEGA downloads/new downloads/BIDR_Backend/authentication_service/venv/lib/python3.10/site-packages/rest_framework/views.py", line 512, in dispatch
    response = handler(request, *args, **kwargs)
  File "/Users/thulanimoyo/MEGA downloads/new downloads/BIDR_Backend/authentication_service/venv/lib/python3.10/site-packages/rest_framework/mixins.py", line 54, in retrieve
    instance = self.get_object()
  File "/Users/thulanimoyo/MEGA downloads/new downloads/BIDR_Backend/authentication_service/venv/lib/python3.10/site-packages/rest_framework/generics.py", line 87, in get_object
    queryset = self.filter_queryset(self.get_queryset())
  File "/Users/thulanimoyo/MEGA downloads/new downloads/BIDR_Backend/authentication_service/seller/views.py", line 99, in get_queryset
    queryset = queryset.filter(
  File "/Users/thulanimoyo/MEGA downloads/new downloads/BIDR_Backend/authentication_service/venv/lib/python3.10/site-packages/django/db/models/query.py", line 1493, in filter
    return self._filter_or_exclude(False, args, kwargs)
  File "/Users/thulanimoyo/MEGA downloads/new downloads/BIDR_Backend/authentication_service/venv/lib/python3.10/site-packages/django/db/models/query.py", line 1511, in _filter_or_exclude
    clone._filter_or_exclude_inplace(negate, args, kwargs)
  File "/Users/thulanimoyo/MEGA downloads/new downloads/BIDR_Backend/authentication_service/venv/lib/python3.10/site-packages/django/db/models/query.py", line 1518, in _filter_or_exclude_inplace
    self._query.add_q(Q(*args, **kwargs))
  File "/Users/thulanimoyo/MEGA downloads/new downloads/BIDR_Backend/authentication_service/venv/lib/python3.10/site-packages/django/db/models/sql/query.py", line 1646, in add_q
    clause, _ = self._add_q(q_object, can_reuse)
  File "/Users/thulanimoyo/MEGA downloads/new downloads/BIDR_Backend/authentication_service/venv/lib/python3.10/site-packages/django/db/models/sql/query.py", line 1678, in _add_q
    child_clause, needed_inner = self.build_filter(
  File "/Users/thulanimoyo/MEGA downloads/new downloads/BIDR_Backend/authentication_service/venv/lib/python3.10/site-packages/django/db/models/sql/query.py", line 1503, in build_filter
    return self._add_q(
  File "/Users/thulanimoyo/MEGA downloads/new downloads/BIDR_Backend/authentication_service/venv/lib/python3.10/site-packages/django/db/models/sql/query.py", line 1678, in _add_q
    child_clause, needed_inner = self.build_filter(
  File "/Users/thulanimoyo/MEGA downloads/new downloads/BIDR_Backend/authentication_service/venv/lib/python3.10/site-packages/django/db/models/sql/query.py", line 1588, in build_filter
    condition = self.build_lookup(lookups, col, value)
  File "/Users/thulanimoyo/MEGA downloads/new downloads/BIDR_Backend/authentication_service/venv/lib/python3.10/site-packages/django/db/models/sql/query.py", line 1415, in build_lookup
    lookup = lookup_class(lhs, rhs)
  File "/Users/thulanimoyo/MEGA downloads/new downloads/BIDR_Backend/authentication_service/venv/lib/python3.10/site-packages/django/db/models/lookups.py", line 38, in __init__
    self.rhs = self.get_prep_lookup()
  File "/Users/thulanimoyo/MEGA downloads/new downloads/BIDR_Backend/authentication_service/venv/lib/python3.10/site-packages/django/db/models/fields/related_lookups.py", line 112, in get_prep_lookup
    self.rhs = target_field.get_prep_value(self.rhs)
  File "/Users/thulanimoyo/MEGA downloads/new downloads/BIDR_Backend/authentication_service/venv/lib/python3.10/site-packages/django/db/models/fields/__init__.py", line 2130, in get_prep_value
    raise e.__class__(
TypeError: Field 'id' expected a number but got <django.contrib.auth.models.AnonymousUser object at 0x11106e2f0>.
ERROR 2025-08-31 18:27:55,443 basehttp 16207 6192705536 "GET /api/seller/profiles/c97f2da1-810c-4f86-98b4-18b722d5eecb/ HTTP/1.1" 500 187071
WARNING 2025-08-31 18:27:55,451 log 16207 6192705536 Not Found: /api/sellers/c97f2da1-810c-4f86-98b4-18b722d5eecb/
WARNING 2025-08-31 18:27:55,451 basehttp 16207 6192705536 "GET /api/sellers/c97f2da1-810c-4f86-98b4-18b722d5eecb/ HTTP/1.1" 404 8022
ERROR 2025-08-31 18:27:55,476 log 16207 6192705536 Internal Server Error: /api/seller/profiles/c97f2da1-810c-4f86-98b4-18b722d5eecb/
Traceback (most recent call last):
  File "/Users/thulanimoyo/MEGA downloads/new downloads/BIDR_Backend/authentication_service/venv/lib/python3.10/site-packages/django/db/models/fields/__init__.py", line 2128, in get_prep_value
    return int(value)
  File "/Users/thulanimoyo/MEGA downloads/new downloads/BIDR_Backend/authentication_service/venv/lib/python3.10/site-packages/django/contrib/auth/models.py", line 549, in __int__
    raise TypeError(
TypeError: Cannot cast AnonymousUser to int. Are you trying to use it in place of User?

The above exception was the direct cause of the following exception:

Traceback (most recent call last):
  File "/Users/thulanimoyo/MEGA downloads/new downloads/BIDR_Backend/authentication_service/venv/lib/python3.10/site-packages/django/core/handlers/exception.py", line 55, in inner
    response = get_response(request)
  File "/Users/thulanimoyo/MEGA downloads/new downloads/BIDR_Backend/authentication_service/venv/lib/python3.10/site-packages/django/core/handlers/base.py", line 197, in _get_response
    response = wrapped_callback(request, *callback_args, **callback_kwargs)
  File "/Users/thulanimoyo/MEGA downloads/new downloads/BIDR_Backend/authentication_service/venv/lib/python3.10/site-packages/django/views/decorators/csrf.py", line 65, in _view_wrapper
    return view_func(request, *args, **kwargs)
  File "/Users/thulanimoyo/MEGA downloads/new downloads/BIDR_Backend/authentication_service/venv/lib/python3.10/site-packages/rest_framework/viewsets.py", line 125, in view
    return self.dispatch(request, *args, **kwargs)
  File "/Users/thulanimoyo/MEGA downloads/new downloads/BIDR_Backend/authentication_service/venv/lib/python3.10/site-packages/rest_framework/views.py", line 515, in dispatch
    response = self.handle_exception(exc)
  File "/Users/thulanimoyo/MEGA downloads/new downloads/BIDR_Backend/authentication_service/venv/lib/python3.10/site-packages/rest_framework/views.py", line 475, in handle_exception
    self.raise_uncaught_exception(exc)
  File "/Users/thulanimoyo/MEGA downloads/new downloads/BIDR_Backend/authentication_service/venv/lib/python3.10/site-packages/rest_framework/views.py", line 486, in raise_uncaught_exception
    raise exc
  File "/Users/thulanimoyo/MEGA downloads/new downloads/BIDR_Backend/authentication_service/venv/lib/python3.10/site-packages/rest_framework/views.py", line 512, in dispatch
    response = handler(request, *args, **kwargs)
  File "/Users/thulanimoyo/MEGA downloads/new downloads/BIDR_Backend/authentication_service/venv/lib/python3.10/site-packages/rest_framework/mixins.py", line 54, in retrieve
    instance = self.get_object()
  File "/Users/thulanimoyo/MEGA downloads/new downloads/BIDR_Backend/authentication_service/venv/lib/python3.10/site-packages/rest_framework/generics.py", line 87, in get_object
    queryset = self.filter_queryset(self.get_queryset())
  File "/Users/thulanimoyo/MEGA downloads/new downloads/BIDR_Backend/authentication_service/seller/views.py", line 99, in get_queryset
    queryset = queryset.filter(
  File "/Users/thulanimoyo/MEGA downloads/new downloads/BIDR_Backend/authentication_service/venv/lib/python3.10/site-packages/django/db/models/query.py", line 1493, in filter
    return self._filter_or_exclude(False, args, kwargs)
  File "/Users/thulanimoyo/MEGA downloads/new downloads/BIDR_Backend/authentication_service/venv/lib/python3.10/site-packages/django/db/models/query.py", line 1511, in _filter_or_exclude
    clone._filter_or_exclude_inplace(negate, args, kwargs)
  File "/Users/thulanimoyo/MEGA downloads/new downloads/BIDR_Backend/authentication_service/venv/lib/python3.10/site-packages/django/db/models/query.py", line 1518, in _filter_or_exclude_inplace
    self._query.add_q(Q(*args, **kwargs))
  File "/Users/thulanimoyo/MEGA downloads/new downloads/BIDR_Backend/authentication_service/venv/lib/python3.10/site-packages/django/db/models/sql/query.py", line 1646, in add_q
    clause, _ = self._add_q(q_object, can_reuse)
  File "/Users/thulanimoyo/MEGA downloads/new downloads/BIDR_Backend/authentication_service/venv/lib/python3.10/site-packages/django/db/models/sql/query.py", line 1678, in _add_q
    child_clause, needed_inner = self.build_filter(
  File "/Users/thulanimoyo/MEGA downloads/new downloads/BIDR_Backend/authentication_service/venv/lib/python3.10/site-packages/django/db/models/sql/query.py", line 1503, in build_filter
    return self._add_q(
  File "/Users/thulanimoyo/MEGA downloads/new downloads/BIDR_Backend/authentication_service/venv/lib/python3.10/site-packages/django/db/models/sql/query.py", line 1678, in _add_q
    child_clause, needed_inner = self.build_filter(
  File "/Users/thulanimoyo/MEGA downloads/new downloads/BIDR_Backend/authentication_service/venv/lib/python3.10/site-packages/django/db/models/sql/query.py", line 1588, in build_filter
    condition = self.build_lookup(lookups, col, value)
  File "/Users/thulanimoyo/MEGA downloads/new downloads/BIDR_Backend/authentication_service/venv/lib/python3.10/site-packages/django/db/models/sql/query.py", line 1415, in build_lookup
    lookup = lookup_class(lhs, rhs)
  File "/Users/thulanimoyo/MEGA downloads/new downloads/BIDR_Backend/authentication_service/venv/lib/python3.10/site-packages/django/db/models/lookups.py", line 38, in __init__
    self.rhs = self.get_prep_lookup()
  File "/Users/thulanimoyo/MEGA downloads/new downloads/BIDR_Backend/authentication_service/venv/lib/python3.10/site-packages/django/db/models/fields/related_lookups.py", line 112, in get_prep_lookup
    self.rhs = target_field.get_prep_value(self.rhs)
  File "/Users/thulanimoyo/MEGA downloads/new downloads/BIDR_Backend/authentication_service/venv/lib/python3.10/site-packages/django/db/models/fields/__init__.py", line 2130, in get_prep_value
    raise e.__class__(
TypeError: Field 'id' expected a number but got <django.contrib.auth.models.AnonymousUser object at 0x10618ef50>.
ERROR 2025-08-31 18:27:55,477 basehttp 16207 6192705536 "GET /api/seller/profiles/c97f2da1-810c-4f86-98b4-18b722d5eecb/ HTTP/1.1" 500 187071
WARNING 2025-08-31 18:27:55,486 log 16207 6192705536 Not Found: /api/sellers/c97f2da1-810c-4f86-98b4-18b722d5eecb/
WARNING 2025-08-31 18:27:55,486 basehttp 16207 6192705536 "GET /api/sellers/c97f2da1-810c-4f86-98b4-18b722d5eecb/ HTTP/1.1" 404 8022
ERROR 2025-08-31 18:27:55,513 log 16207 6192705536 Internal Server Error: /api/seller/profiles/c97f2da1-810c-4f86-98b4-18b722d5eecb/
Traceback (most recent call last):
  File "/Users/thulanimoyo/MEGA downloads/new downloads/BIDR_Backend/authentication_service/venv/lib/python3.10/site-packages/django/db/models/fields/__init__.py", line 2128, in get_prep_value
    return int(value)
  File "/Users/thulanimoyo/MEGA downloads/new downloads/BIDR_Backend/authentication_service/venv/lib/python3.10/site-packages/django/contrib/auth/models.py", line 549, in __int__
    raise TypeError(
TypeError: Cannot cast AnonymousUser to int. Are you trying to use it in place of User?

The above exception was the direct cause of the following exception:

Traceback (most recent call last):
  File "/Users/thulanimoyo/MEGA downloads/new downloads/BIDR_Backend/authentication_service/venv/lib/python3.10/site-packages/django/core/handlers/exception.py", line 55, in inner
    response = get_response(request)
  File "/Users/thulanimoyo/MEGA downloads/new downloads/BIDR_Backend/authentication_service/venv/lib/python3.10/site-packages/django/core/handlers/base.py", line 197, in _get_response
    response = wrapped_callback(request, *callback_args, **callback_kwargs)
  File "/Users/thulanimoyo/MEGA downloads/new downloads/BIDR_Backend/authentication_service/venv/lib/python3.10/site-packages/django/views/decorators/csrf.py", line 65, in _view_wrapper
    return view_func(request, *args, **kwargs)
  File "/Users/thulanimoyo/MEGA downloads/new downloads/BIDR_Backend/authentication_service/venv/lib/python3.10/site-packages/rest_framework/viewsets.py", line 125, in view
    return self.dispatch(request, *args, **kwargs)
  File "/Users/thulanimoyo/MEGA downloads/new downloads/BIDR_Backend/authentication_service/venv/lib/python3.10/site-packages/rest_framework/views.py", line 515, in dispatch
    response = self.handle_exception(exc)
  File "/Users/thulanimoyo/MEGA downloads/new downloads/BIDR_Backend/authentication_service/venv/lib/python3.10/site-packages/rest_framework/views.py", line 475, in handle_exception
    self.raise_uncaught_exception(exc)
  File "/Users/thulanimoyo/MEGA downloads/new downloads/BIDR_Backend/authentication_service/venv/lib/python3.10/site-packages/rest_framework/views.py", line 486, in raise_uncaught_exception
    raise exc
  File "/Users/thulanimoyo/MEGA downloads/new downloads/BIDR_Backend/authentication_service/venv/lib/python3.10/site-packages/rest_framework/views.py", line 512, in dispatch
    response = handler(request, *args, **kwargs)
  File "/Users/thulanimoyo/MEGA downloads/new downloads/BIDR_Backend/authentication_service/venv/lib/python3.10/site-packages/rest_framework/mixins.py", line 54, in retrieve
    instance = self.get_object()
  File "/Users/thulanimoyo/MEGA downloads/new downloads/BIDR_Backend/authentication_service/venv/lib/python3.10/site-packages/rest_framework/generics.py", line 87, in get_object
    queryset = self.filter_queryset(self.get_queryset())
  File "/Users/thulanimoyo/MEGA downloads/new downloads/BIDR_Backend/authentication_service/seller/views.py", line 99, in get_queryset
    queryset = queryset.filter(
  File "/Users/thulanimoyo/MEGA downloads/new downloads/BIDR_Backend/authentication_service/venv/lib/python3.10/site-packages/django/db/models/query.py", line 1493, in filter
    return self._filter_or_exclude(False, args, kwargs)
  File "/Users/thulanimoyo/MEGA downloads/new downloads/BIDR_Backend/authentication_service/venv/lib/python3.10/site-packages/django/db/models/query.py", line 1511, in _filter_or_exclude
    clone._filter_or_exclude_inplace(negate, args, kwargs)
  File "/Users/thulanimoyo/MEGA downloads/new downloads/BIDR_Backend/authentication_service/venv/lib/python3.10/site-packages/django/db/models/query.py", line 1518, in _filter_or_exclude_inplace
    self._query.add_q(Q(*args, **kwargs))
  File "/Users/thulanimoyo/MEGA downloads/new downloads/BIDR_Backend/authentication_service/venv/lib/python3.10/site-packages/django/db/models/sql/query.py", line 1646, in add_q
    clause, _ = self._add_q(q_object, can_reuse)
  File "/Users/thulanimoyo/MEGA downloads/new downloads/BIDR_Backend/authentication_service/venv/lib/python3.10/site-packages/django/db/models/sql/query.py", line 1678, in _add_q
    child_clause, needed_inner = self.build_filter(
  File "/Users/thulanimoyo/MEGA downloads/new downloads/BIDR_Backend/authentication_service/venv/lib/python3.10/site-packages/django/db/models/sql/query.py", line 1503, in build_filter
    return self._add_q(
  File "/Users/thulanimoyo/MEGA downloads/new downloads/BIDR_Backend/authentication_service/venv/lib/python3.10/site-packages/django/db/models/sql/query.py", line 1678, in _add_q
    child_clause, needed_inner = self.build_filter(
  File "/Users/thulanimoyo/MEGA downloads/new downloads/BIDR_Backend/authentication_service/venv/lib/python3.10/site-packages/django/db/models/sql/query.py", line 1588, in build_filter
    condition = self.build_lookup(lookups, col, value)
  File "/Users/thulanimoyo/MEGA downloads/new downloads/BIDR_Backend/authentication_service/venv/lib/python3.10/site-packages/django/db/models/sql/query.py", line 1415, in build_lookup
    lookup = lookup_class(lhs, rhs)
  File "/Users/thulanimoyo/MEGA downloads/new downloads/BIDR_Backend/authentication_service/venv/lib/python3.10/site-packages/django/db/models/lookups.py", line 38, in __init__
    self.rhs = self.get_prep_lookup()
  File "/Users/thulanimoyo/MEGA downloads/new downloads/BIDR_Backend/authentication_service/venv/lib/python3.10/site-packages/django/db/models/fields/related_lookups.py", line 112, in get_prep_lookup
    self.rhs = target_field.get_prep_value(self.rhs)
  File "/Users/thulanimoyo/MEGA downloads/new downloads/BIDR_Backend/authentication_service/venv/lib/python3.10/site-packages/django/db/models/fields/__init__.py", line 2130, in get_prep_value
    raise e.__class__(
TypeError: Field 'id' expected a number but got <django.contrib.auth.models.AnonymousUser object at 0x111380460>.
ERROR 2025-08-31 18:27:55,513 basehttp 16207 6192705536 "GET /api/seller/profiles/c97f2da1-810c-4f86-98b4-18b722d5eecb/ HTTP/1.1" 500 187071
WARNING 2025-08-31 18:27:55,522 log 16207 6192705536 Not Found: /api/sellers/c97f2da1-810c-4f86-98b4-18b722d5eecb/
WARNING 2025-08-31 18:27:55,522 basehttp 16207 6192705536 "GET /api/sellers/c97f2da1-810c-4f86-98b4-18b722d5eecb/ HTTP/1.1" 404 8022
ERROR 2025-08-31 18:27:55,550 log 16207 6192705536 Internal Server Error: /api/seller/profiles/c97f2da1-810c-4f86-98b4-18b722d5eecb/
Traceback (most recent call last):
  File "/Users/thulanimoyo/MEGA downloads/new downloads/BIDR_Backend/authentication_service/venv/lib/python3.10/site-packages/django/db/models/fields/__init__.py", line 2128, in get_prep_value
    return int(value)
  File "/Users/thulanimoyo/MEGA downloads/new downloads/BIDR_Backend/authentication_service/venv/lib/python3.10/site-packages/django/contrib/auth/models.py", line 549, in __int__
    raise TypeError(
TypeError: Cannot cast AnonymousUser to int. Are you trying to use it in place of User?

The above exception was the direct cause of the following exception:

Traceback (most recent call last):
  File "/Users/thulanimoyo/MEGA downloads/new downloads/BIDR_Backend/authentication_service/venv/lib/python3.10/site-packages/django/core/handlers/exception.py", line 55, in inner
    response = get_response(request)
  File "/Users/thulanimoyo/MEGA downloads/new downloads/BIDR_Backend/authentication_service/venv/lib/python3.10/site-packages/django/core/handlers/base.py", line 197, in _get_response
    response = wrapped_callback(request, *callback_args, **callback_kwargs)
  File "/Users/thulanimoyo/MEGA downloads/new downloads/BIDR_Backend/authentication_service/venv/lib/python3.10/site-packages/django/views/decorators/csrf.py", line 65, in _view_wrapper
    return view_func(request, *args, **kwargs)
  File "/Users/thulanimoyo/MEGA downloads/new downloads/BIDR_Backend/authentication_service/venv/lib/python3.10/site-packages/rest_framework/viewsets.py", line 125, in view
    return self.dispatch(request, *args, **kwargs)
  File "/Users/thulanimoyo/MEGA downloads/new downloads/BIDR_Backend/authentication_service/venv/lib/python3.10/site-packages/rest_framework/views.py", line 515, in dispatch
    response = self.handle_exception(exc)
  File "/Users/thulanimoyo/MEGA downloads/new downloads/BIDR_Backend/authentication_service/venv/lib/python3.10/site-packages/rest_framework/views.py", line 475, in handle_exception
    self.raise_uncaught_exception(exc)
  File "/Users/thulanimoyo/MEGA downloads/new downloads/BIDR_Backend/authentication_service/venv/lib/python3.10/site-packages/rest_framework/views.py", line 486, in raise_uncaught_exception
    raise exc
  File "/Users/thulanimoyo/MEGA downloads/new downloads/BIDR_Backend/authentication_service/venv/lib/python3.10/site-packages/rest_framework/views.py", line 512, in dispatch
    response = handler(request, *args, **kwargs)
  File "/Users/thulanimoyo/MEGA downloads/new downloads/BIDR_Backend/authentication_service/venv/lib/python3.10/site-packages/rest_framework/mixins.py", line 54, in retrieve
    instance = self.get_object()
  File "/Users/thulanimoyo/MEGA downloads/new downloads/BIDR_Backend/authentication_service/venv/lib/python3.10/site-packages/rest_framework/generics.py", line 87, in get_object
    queryset = self.filter_queryset(self.get_queryset())
  File "/Users/thulanimoyo/MEGA downloads/new downloads/BIDR_Backend/authentication_service/seller/views.py", line 99, in get_queryset
    queryset = queryset.filter(
  File "/Users/thulanimoyo/MEGA downloads/new downloads/BIDR_Backend/authentication_service/venv/lib/python3.10/site-packages/django/db/models/query.py", line 1493, in filter
    return self._filter_or_exclude(False, args, kwargs)
  File "/Users/thulanimoyo/MEGA downloads/new downloads/BIDR_Backend/authentication_service/venv/lib/python3.10/site-packages/django/db/models/query.py", line 1511, in _filter_or_exclude
    clone._filter_or_exclude_inplace(negate, args, kwargs)
  File "/Users/thulanimoyo/MEGA downloads/new downloads/BIDR_Backend/authentication_service/venv/lib/python3.10/site-packages/django/db/models/query.py", line 1518, in _filter_or_exclude_inplace
    self._query.add_q(Q(*args, **kwargs))
  File "/Users/thulanimoyo/MEGA downloads/new downloads/BIDR_Backend/authentication_service/venv/lib/python3.10/site-packages/django/db/models/sql/query.py", line 1646, in add_q
    clause, _ = self._add_q(q_object, can_reuse)
  File "/Users/thulanimoyo/MEGA downloads/new downloads/BIDR_Backend/authentication_service/venv/lib/python3.10/site-packages/django/db/models/sql/query.py", line 1678, in _add_q
    child_clause, needed_inner = self.build_filter(
  File "/Users/thulanimoyo/MEGA downloads/new downloads/BIDR_Backend/authentication_service/venv/lib/python3.10/site-packages/django/db/models/sql/query.py", line 1503, in build_filter
    return self._add_q(
  File "/Users/thulanimoyo/MEGA downloads/new downloads/BIDR_Backend/authentication_service/venv/lib/python3.10/site-packages/django/db/models/sql/query.py", line 1678, in _add_q
    child_clause, needed_inner = self.build_filter(
  File "/Users/thulanimoyo/MEGA downloads/new downloads/BIDR_Backend/authentication_service/venv/lib/python3.10/site-packages/django/db/models/sql/query.py", line 1588, in build_filter
    condition = self.build_lookup(lookups, col, value)
  File "/Users/thulanimoyo/MEGA downloads/new downloads/BIDR_Backend/authentication_service/venv/lib/python3.10/site-packages/django/db/models/sql/query.py", line 1415, in build_lookup
    lookup = lookup_class(lhs, rhs)
  File "/Users/thulanimoyo/MEGA downloads/new downloads/BIDR_Backend/authentication_service/venv/lib/python3.10/site-packages/django/db/models/lookups.py", line 38, in __init__
    self.rhs = self.get_prep_lookup()
  File "/Users/thulanimoyo/MEGA downloads/new downloads/BIDR_Backend/authentication_service/venv/lib/python3.10/site-packages/django/db/models/fields/related_lookups.py", line 112, in get_prep_lookup
    self.rhs = target_field.get_prep_value(self.rhs)
  File "/Users/thulanimoyo/MEGA downloads/new downloads/BIDR_Backend/authentication_service/venv/lib/python3.10/site-packages/django/db/models/fields/__init__.py", line 2130, in get_prep_value
    raise e.__class__(
TypeError: Field 'id' expected a number but got <django.contrib.auth.models.AnonymousUser object at 0x11136bd60>.
ERROR 2025-08-31 18:27:55,551 basehttp 16207 6192705536 "GET /api/seller/profiles/c97f2da1-810c-4f86-98b4-18b722d5eecb/ HTTP/1.1" 500 187071
WARNING 2025-08-31 18:27:55,561 log 16207 6192705536 Not Found: /api/sellers/c97f2da1-810c-4f86-98b4-18b722d5eecb/
WARNING 2025-08-31 18:27:55,561 basehttp 16207 6192705536 "GET /api/sellers/c97f2da1-810c-4f86-98b4-18b722d5eecb/ HTTP/1.1" 404 8022
ERROR 2025-08-31 18:27:55,608 log 16207 6192705536 Internal Server Error: /api/seller/profiles/c97f2da1-810c-4f86-98b4-18b722d5eecb/
Traceback (most recent call last):
  File "/Users/thulanimoyo/MEGA downloads/new downloads/BIDR_Backend/authentication_service/venv/lib/python3.10/site-packages/django/db/models/fields/__init__.py", line 2128, in get_prep_value
    return int(value)
  File "/Users/thulanimoyo/MEGA downloads/new downloads/BIDR_Backend/authentication_service/venv/lib/python3.10/site-packages/django/contrib/auth/models.py", line 549, in __int__
    raise TypeError(
TypeError: Cannot cast AnonymousUser to int. Are you trying to use it in place of User?

The above exception was the direct cause of the following exception:

Traceback (most recent call last):
  File "/Users/thulanimoyo/MEGA downloads/new downloads/BIDR_Backend/authentication_service/venv/lib/python3.10/site-packages/django/core/handlers/exception.py", line 55, in inner
    response = get_response(request)
  File "/Users/thulanimoyo/MEGA downloads/new downloads/BIDR_Backend/authentication_service/venv/lib/python3.10/site-packages/django/core/handlers/base.py", line 197, in _get_response
    response = wrapped_callback(request, *callback_args, **callback_kwargs)
  File "/Users/thulanimoyo/MEGA downloads/new downloads/BIDR_Backend/authentication_service/venv/lib/python3.10/site-packages/django/views/decorators/csrf.py", line 65, in _view_wrapper
    return view_func(request, *args, **kwargs)
  File "/Users/thulanimoyo/MEGA downloads/new downloads/BIDR_Backend/authentication_service/venv/lib/python3.10/site-packages/rest_framework/viewsets.py", line 125, in view
    return self.dispatch(request, *args, **kwargs)
  File "/Users/thulanimoyo/MEGA downloads/new downloads/BIDR_Backend/authentication_service/venv/lib/python3.10/site-packages/rest_framework/views.py", line 515, in dispatch
    response = self.handle_exception(exc)
  File "/Users/thulanimoyo/MEGA downloads/new downloads/BIDR_Backend/authentication_service/venv/lib/python3.10/site-packages/rest_framework/views.py", line 475, in handle_exception
    self.raise_uncaught_exception(exc)
  File "/Users/thulanimoyo/MEGA downloads/new downloads/BIDR_Backend/authentication_service/venv/lib/python3.10/site-packages/rest_framework/views.py", line 486, in raise_uncaught_exception
    raise exc
  File "/Users/thulanimoyo/MEGA downloads/new downloads/BIDR_Backend/authentication_service/venv/lib/python3.10/site-packages/rest_framework/views.py", line 512, in dispatch
    response = handler(request, *args, **kwargs)
  File "/Users/thulanimoyo/MEGA downloads/new downloads/BIDR_Backend/authentication_service/venv/lib/python3.10/site-packages/rest_framework/mixins.py", line 54, in retrieve
    instance = self.get_object()
  File "/Users/thulanimoyo/MEGA downloads/new downloads/BIDR_Backend/authentication_service/venv/lib/python3.10/site-packages/rest_framework/generics.py", line 87, in get_object
    queryset = self.filter_queryset(self.get_queryset())
  File "/Users/thulanimoyo/MEGA downloads/new downloads/BIDR_Backend/authentication_service/seller/views.py", line 99, in get_queryset
    queryset = queryset.filter(
  File "/Users/thulanimoyo/MEGA downloads/new downloads/BIDR_Backend/authentication_service/venv/lib/python3.10/site-packages/django/db/models/query.py", line 1493, in filter
    return self._filter_or_exclude(False, args, kwargs)
  File "/Users/thulanimoyo/MEGA downloads/new downloads/BIDR_Backend/authentication_service/venv/lib/python3.10/site-packages/django/db/models/query.py", line 1511, in _filter_or_exclude
    clone._filter_or_exclude_inplace(negate, args, kwargs)
  File "/Users/thulanimoyo/MEGA downloads/new downloads/BIDR_Backend/authentication_service/venv/lib/python3.10/site-packages/django/db/models/query.py", line 1518, in _filter_or_exclude_inplace
    self._query.add_q(Q(*args, **kwargs))
  File "/Users/thulanimoyo/MEGA downloads/new downloads/BIDR_Backend/authentication_service/venv/lib/python3.10/site-packages/django/db/models/sql/query.py", line 1646, in add_q
    clause, _ = self._add_q(q_object, can_reuse)
  File "/Users/thulanimoyo/MEGA downloads/new downloads/BIDR_Backend/authentication_service/venv/lib/python3.10/site-packages/django/db/models/sql/query.py", line 1678, in _add_q
    child_clause, needed_inner = self.build_filter(
  File "/Users/thulanimoyo/MEGA downloads/new downloads/BIDR_Backend/authentication_service/venv/lib/python3.10/site-packages/django/db/models/sql/query.py", line 1503, in build_filter
    return self._add_q(
  File "/Users/thulanimoyo/MEGA downloads/new downloads/BIDR_Backend/authentication_service/venv/lib/python3.10/site-packages/django/db/models/sql/query.py", line 1678, in _add_q
    child_clause, needed_inner = self.build_filter(
  File "/Users/thulanimoyo/MEGA downloads/new downloads/BIDR_Backend/authentication_service/venv/lib/python3.10/site-packages/django/db/models/sql/query.py", line 1588, in build_filter
    condition = self.build_lookup(lookups, col, value)
  File "/Users/thulanimoyo/MEGA downloads/new downloads/BIDR_Backend/authentication_service/venv/lib/python3.10/site-packages/django/db/models/sql/query.py", line 1415, in build_lookup
    lookup = lookup_class(lhs, rhs)
  File "/Users/thulanimoyo/MEGA downloads/new downloads/BIDR_Backend/authentication_service/venv/lib/python3.10/site-packages/django/db/models/lookups.py", line 38, in __init__
    self.rhs = self.get_prep_lookup()
  File "/Users/thulanimoyo/MEGA downloads/new downloads/BIDR_Backend/authentication_service/venv/lib/python3.10/site-packages/django/db/models/fields/related_lookups.py", line 112, in get_prep_lookup
    self.rhs = target_field.get_prep_value(self.rhs)
  File "/Users/thulanimoyo/MEGA downloads/new downloads/BIDR_Backend/authentication_service/venv/lib/python3.10/site-packages/django/db/models/fields/__init__.py", line 2130, in get_prep_value
    raise e.__class__(
TypeError: Field 'id' expected a number but got <django.contrib.auth.models.AnonymousUser object at 0x111381e70>.
ERROR 2025-08-31 18:27:55,610 basehttp 16207 6192705536 "GET /api/seller/profiles/c97f2da1-810c-4f86-98b4-18b722d5eecb/ HTTP/1.1" 500 187071
WARNING 2025-08-31 18:27:55,625 log 16207 6192705536 Not Found: /api/sellers/c97f2da1-810c-4f86-98b4-18b722d5eecb/
WARNING 2025-08-31 18:27:55,626 basehttp 16207 6192705536 "GET /api/sellers/c97f2da1-810c-4f86-98b4-18b722d5eecb/ HTTP/1.1" 404 8022
ERROR 2025-08-31 18:27:55,661 log 16207 6192705536 Internal Server Error: /api/seller/profiles/c97f2da1-810c-4f86-98b4-18b722d5eecb/
Traceback (most recent call last):
  File "/Users/thulanimoyo/MEGA downloads/new downloads/BIDR_Backend/authentication_service/venv/lib/python3.10/site-packages/django/db/models/fields/__init__.py", line 2128, in get_prep_value
    return int(value)
  File "/Users/thulanimoyo/MEGA downloads/new downloads/BIDR_Backend/authentication_service/venv/lib/python3.10/site-packages/django/contrib/auth/models.py", line 549, in __int__
    raise TypeError(
TypeError: Cannot cast AnonymousUser to int. Are you trying to use it in place of User?

The above exception was the direct cause of the following exception:

Traceback (most recent call last):
  File "/Users/thulanimoyo/MEGA downloads/new downloads/BIDR_Backend/authentication_service/venv/lib/python3.10/site-packages/django/core/handlers/exception.py", line 55, in inner
    response = get_response(request)
  File "/Users/thulanimoyo/MEGA downloads/new downloads/BIDR_Backend/authentication_service/venv/lib/python3.10/site-packages/django/core/handlers/base.py", line 197, in _get_response
    response = wrapped_callback(request, *callback_args, **callback_kwargs)
  File "/Users/thulanimoyo/MEGA downloads/new downloads/BIDR_Backend/authentication_service/venv/lib/python3.10/site-packages/django/views/decorators/csrf.py", line 65, in _view_wrapper
    return view_func(request, *args, **kwargs)
  File "/Users/thulanimoyo/MEGA downloads/new downloads/BIDR_Backend/authentication_service/venv/lib/python3.10/site-packages/rest_framework/viewsets.py", line 125, in view
    return self.dispatch(request, *args, **kwargs)
  File "/Users/thulanimoyo/MEGA downloads/new downloads/BIDR_Backend/authentication_service/venv/lib/python3.10/site-packages/rest_framework/views.py", line 515, in dispatch
    response = self.handle_exception(exc)
  File "/Users/thulanimoyo/MEGA downloads/new downloads/BIDR_Backend/authentication_service/venv/lib/python3.10/site-packages/rest_framework/views.py", line 475, in handle_exception
    self.raise_uncaught_exception(exc)
  File "/Users/thulanimoyo/MEGA downloads/new downloads/BIDR_Backend/authentication_service/venv/lib/python3.10/site-packages/rest_framework/views.py", line 486, in raise_uncaught_exception
    raise exc
  File "/Users/thulanimoyo/MEGA downloads/new downloads/BIDR_Backend/authentication_service/venv/lib/python3.10/site-packages/rest_framework/views.py", line 512, in dispatch
    response = handler(request, *args, **kwargs)
  File "/Users/thulanimoyo/MEGA downloads/new downloads/BIDR_Backend/authentication_service/venv/lib/python3.10/site-packages/rest_framework/mixins.py", line 54, in retrieve
    instance = self.get_object()
  File "/Users/thulanimoyo/MEGA downloads/new downloads/BIDR_Backend/authentication_service/venv/lib/python3.10/site-packages/rest_framework/generics.py", line 87, in get_object
    queryset = self.filter_queryset(self.get_queryset())
  File "/Users/thulanimoyo/MEGA downloads/new downloads/BIDR_Backend/authentication_service/seller/views.py", line 99, in get_queryset
    queryset = queryset.filter(
  File "/Users/thulanimoyo/MEGA downloads/new downloads/BIDR_Backend/authentication_service/venv/lib/python3.10/site-packages/django/db/models/query.py", line 1493, in filter
    return self._filter_or_exclude(False, args, kwargs)
  File "/Users/thulanimoyo/MEGA downloads/new downloads/BIDR_Backend/authentication_service/venv/lib/python3.10/site-packages/django/db/models/query.py", line 1511, in _filter_or_exclude
    clone._filter_or_exclude_inplace(negate, args, kwargs)
  File "/Users/thulanimoyo/MEGA downloads/new downloads/BIDR_Backend/authentication_service/venv/lib/python3.10/site-packages/django/db/models/query.py", line 1518, in _filter_or_exclude_inplace
    self._query.add_q(Q(*args, **kwargs))
  File "/Users/thulanimoyo/MEGA downloads/new downloads/BIDR_Backend/authentication_service/venv/lib/python3.10/site-packages/django/db/models/sql/query.py", line 1646, in add_q
    clause, _ = self._add_q(q_object, can_reuse)
  File "/Users/thulanimoyo/MEGA downloads/new downloads/BIDR_Backend/authentication_service/venv/lib/python3.10/site-packages/django/db/models/sql/query.py", line 1678, in _add_q
    child_clause, needed_inner = self.build_filter(
  File "/Users/thulanimoyo/MEGA downloads/new downloads/BIDR_Backend/authentication_service/venv/lib/python3.10/site-packages/django/db/models/sql/query.py", line 1503, in build_filter
    return self._add_q(
  File "/Users/thulanimoyo/MEGA downloads/new downloads/BIDR_Backend/authentication_service/venv/lib/python3.10/site-packages/django/db/models/sql/query.py", line 1678, in _add_q
    child_clause, needed_inner = self.build_filter(
  File "/Users/thulanimoyo/MEGA downloads/new downloads/BIDR_Backend/authentication_service/venv/lib/python3.10/site-packages/django/db/models/sql/query.py", line 1588, in build_filter
    condition = self.build_lookup(lookups, col, value)
  File "/Users/thulanimoyo/MEGA downloads/new downloads/BIDR_Backend/authentication_service/venv/lib/python3.10/site-packages/django/db/models/sql/query.py", line 1415, in build_lookup
    lookup = lookup_class(lhs, rhs)
  File "/Users/thulanimoyo/MEGA downloads/new downloads/BIDR_Backend/authentication_service/venv/lib/python3.10/site-packages/django/db/models/lookups.py", line 38, in __init__
    self.rhs = self.get_prep_lookup()
  File "/Users/thulanimoyo/MEGA downloads/new downloads/BIDR_Backend/authentication_service/venv/lib/python3.10/site-packages/django/db/models/fields/related_lookups.py", line 112, in get_prep_lookup
    self.rhs = target_field.get_prep_value(self.rhs)
  File "/Users/thulanimoyo/MEGA downloads/new downloads/BIDR_Backend/authentication_service/venv/lib/python3.10/site-packages/django/db/models/fields/__init__.py", line 2130, in get_prep_value
    raise e.__class__(
TypeError: Field 'id' expected a number but got <django.contrib.auth.models.AnonymousUser object at 0x111161e70>.
ERROR 2025-08-31 18:27:55,662 basehttp 16207 6192705536 "GET /api/seller/profiles/c97f2da1-810c-4f86-98b4-18b722d5eecb/ HTTP/1.1" 500 187071
WARNING 2025-08-31 18:27:55,673 log 16207 6192705536 Not Found: /api/sellers/c97f2da1-810c-4f86-98b4-18b722d5eecb/
WARNING 2025-08-31 18:27:55,673 basehttp 16207 6192705536 "GET /api/sellers/c97f2da1-810c-4f86-98b4-18b722d5eecb/ HTTP/1.1" 404 8022
ERROR 2025-08-31 18:27:55,711 log 16207 6192705536 Internal Server Error: /api/seller/profiles/c97f2da1-810c-4f86-98b4-18b722d5eecb/
Traceback (most recent call last):
  File "/Users/thulanimoyo/MEGA downloads/new downloads/BIDR_Backend/authentication_service/venv/lib/python3.10/site-packages/django/db/models/fields/__init__.py", line 2128, in get_prep_value
    return int(value)
  File "/Users/thulanimoyo/MEGA downloads/new downloads/BIDR_Backend/authentication_service/venv/lib/python3.10/site-packages/django/contrib/auth/models.py", line 549, in __int__
    raise TypeError(
TypeError: Cannot cast AnonymousUser to int. Are you trying to use it in place of User?

The above exception was the direct cause of the following exception:

Traceback (most recent call last):
  File "/Users/thulanimoyo/MEGA downloads/new downloads/BIDR_Backend/authentication_service/venv/lib/python3.10/site-packages/django/core/handlers/exception.py", line 55, in inner
    response = get_response(request)
  File "/Users/thulanimoyo/MEGA downloads/new downloads/BIDR_Backend/authentication_service/venv/lib/python3.10/site-packages/django/core/handlers/base.py", line 197, in _get_response
    response = wrapped_callback(request, *callback_args, **callback_kwargs)
  File "/Users/thulanimoyo/MEGA downloads/new downloads/BIDR_Backend/authentication_service/venv/lib/python3.10/site-packages/django/views/decorators/csrf.py", line 65, in _view_wrapper
    return view_func(request, *args, **kwargs)
  File "/Users/thulanimoyo/MEGA downloads/new downloads/BIDR_Backend/authentication_service/venv/lib/python3.10/site-packages/rest_framework/viewsets.py", line 125, in view
    return self.dispatch(request, *args, **kwargs)
  File "/Users/thulanimoyo/MEGA downloads/new downloads/BIDR_Backend/authentication_service/venv/lib/python3.10/site-packages/rest_framework/views.py", line 515, in dispatch
    response = self.handle_exception(exc)
  File "/Users/thulanimoyo/MEGA downloads/new downloads/BIDR_Backend/authentication_service/venv/lib/python3.10/site-packages/rest_framework/views.py", line 475, in handle_exception
    self.raise_uncaught_exception(exc)
  File "/Users/thulanimoyo/MEGA downloads/new downloads/BIDR_Backend/authentication_service/venv/lib/python3.10/site-packages/rest_framework/views.py", line 486, in raise_uncaught_exception
    raise exc
  File "/Users/thulanimoyo/MEGA downloads/new downloads/BIDR_Backend/authentication_service/venv/lib/python3.10/site-packages/rest_framework/views.py", line 512, in dispatch
    response = handler(request, *args, **kwargs)
  File "/Users/thulanimoyo/MEGA downloads/new downloads/BIDR_Backend/authentication_service/venv/lib/python3.10/site-packages/rest_framework/mixins.py", line 54, in retrieve
    instance = self.get_object()
  File "/Users/thulanimoyo/MEGA downloads/new downloads/BIDR_Backend/authentication_service/venv/lib/python3.10/site-packages/rest_framework/generics.py", line 87, in get_object
    queryset = self.filter_queryset(self.get_queryset())
  File "/Users/thulanimoyo/MEGA downloads/new downloads/BIDR_Backend/authentication_service/seller/views.py", line 99, in get_queryset
    queryset = queryset.filter(
  File "/Users/thulanimoyo/MEGA downloads/new downloads/BIDR_Backend/authentication_service/venv/lib/python3.10/site-packages/django/db/models/query.py", line 1493, in filter
    return self._filter_or_exclude(False, args, kwargs)
  File "/Users/thulanimoyo/MEGA downloads/new downloads/BIDR_Backend/authentication_service/venv/lib/python3.10/site-packages/django/db/models/query.py", line 1511, in _filter_or_exclude
    clone._filter_or_exclude_inplace(negate, args, kwargs)
  File "/Users/thulanimoyo/MEGA downloads/new downloads/BIDR_Backend/authentication_service/venv/lib/python3.10/site-packages/django/db/models/query.py", line 1518, in _filter_or_exclude_inplace
    self._query.add_q(Q(*args, **kwargs))
  File "/Users/thulanimoyo/MEGA downloads/new downloads/BIDR_Backend/authentication_service/venv/lib/python3.10/site-packages/django/db/models/sql/query.py", line 1646, in add_q
    clause, _ = self._add_q(q_object, can_reuse)
  File "/Users/thulanimoyo/MEGA downloads/new downloads/BIDR_Backend/authentication_service/venv/lib/python3.10/site-packages/django/db/models/sql/query.py", line 1678, in _add_q
    child_clause, needed_inner = self.build_filter(
  File "/Users/thulanimoyo/MEGA downloads/new downloads/BIDR_Backend/authentication_service/venv/lib/python3.10/site-packages/django/db/models/sql/query.py", line 1503, in build_filter
    return self._add_q(
  File "/Users/thulanimoyo/MEGA downloads/new downloads/BIDR_Backend/authentication_service/venv/lib/python3.10/site-packages/django/db/models/sql/query.py", line 1678, in _add_q
    child_clause, needed_inner = self.build_filter(
  File "/Users/thulanimoyo/MEGA downloads/new downloads/BIDR_Backend/authentication_service/venv/lib/python3.10/site-packages/django/db/models/sql/query.py", line 1588, in build_filter
    condition = self.build_lookup(lookups, col, value)
  File "/Users/thulanimoyo/MEGA downloads/new downloads/BIDR_Backend/authentication_service/venv/lib/python3.10/site-packages/django/db/models/sql/query.py", line 1415, in build_lookup
    lookup = lookup_class(lhs, rhs)
  File "/Users/thulanimoyo/MEGA downloads/new downloads/BIDR_Backend/authentication_service/venv/lib/python3.10/site-packages/django/db/models/lookups.py", line 38, in __init__
    self.rhs = self.get_prep_lookup()
  File "/Users/thulanimoyo/MEGA downloads/new downloads/BIDR_Backend/authentication_service/venv/lib/python3.10/site-packages/django/db/models/fields/related_lookups.py", line 112, in get_prep_lookup
    self.rhs = target_field.get_prep_value(self.rhs)
  File "/Users/thulanimoyo/MEGA downloads/new downloads/BIDR_Backend/authentication_service/venv/lib/python3.10/site-packages/django/db/models/fields/__init__.py", line 2130, in get_prep_value
    raise e.__class__(
TypeError: Field 'id' expected a number but got <django.contrib.auth.models.AnonymousUser object at 0x11106fdf0>.
ERROR 2025-08-31 18:27:55,712 basehttp 16207 6192705536 "GET /api/seller/profiles/c97f2da1-810c-4f86-98b4-18b722d5eecb/ HTTP/1.1" 500 187071
WARNING 2025-08-31 18:27:55,721 log 16207 6192705536 Not Found: /api/sellers/c97f2da1-810c-4f86-98b4-18b722d5eecb/
WARNING 2025-08-31 18:27:55,721 basehttp 16207 6192705536 "GET /api/sellers/c97f2da1-810c-4f86-98b4-18b722d5eecb/ HTTP/1.1" 404 8022
ERROR 2025-08-31 18:27:55,745 log 16207 6192705536 Internal Server Error: /api/seller/profiles/c97f2da1-810c-4f86-98b4-18b722d5eecb/
Traceback (most recent call last):
  File "/Users/thulanimoyo/MEGA downloads/new downloads/BIDR_Backend/authentication_service/venv/lib/python3.10/site-packages/django/db/models/fields/__init__.py", line 2128, in get_prep_value
    return int(value)
  File "/Users/thulanimoyo/MEGA downloads/new downloads/BIDR_Backend/authentication_service/venv/lib/python3.10/site-packages/django/contrib/auth/models.py", line 549, in __int__
    raise TypeError(
TypeError: Cannot cast AnonymousUser to int. Are you trying to use it in place of User?

The above exception was the direct cause of the following exception:

Traceback (most recent call last):
  File "/Users/thulanimoyo/MEGA downloads/new downloads/BIDR_Backend/authentication_service/venv/lib/python3.10/site-packages/django/core/handlers/exception.py", line 55, in inner
    response = get_response(request)
  File "/Users/thulanimoyo/MEGA downloads/new downloads/BIDR_Backend/authentication_service/venv/lib/python3.10/site-packages/django/core/handlers/base.py", line 197, in _get_response
    response = wrapped_callback(request, *callback_args, **callback_kwargs)
  File "/Users/thulanimoyo/MEGA downloads/new downloads/BIDR_Backend/authentication_service/venv/lib/python3.10/site-packages/django/views/decorators/csrf.py", line 65, in _view_wrapper
    return view_func(request, *args, **kwargs)
  File "/Users/thulanimoyo/MEGA downloads/new downloads/BIDR_Backend/authentication_service/venv/lib/python3.10/site-packages/rest_framework/viewsets.py", line 125, in view
    return self.dispatch(request, *args, **kwargs)
  File "/Users/thulanimoyo/MEGA downloads/new downloads/BIDR_Backend/authentication_service/venv/lib/python3.10/site-packages/rest_framework/views.py", line 515, in dispatch
    response = self.handle_exception(exc)
  File "/Users/thulanimoyo/MEGA downloads/new downloads/BIDR_Backend/authentication_service/venv/lib/python3.10/site-packages/rest_framework/views.py", line 475, in handle_exception
    self.raise_uncaught_exception(exc)
  File "/Users/thulanimoyo/MEGA downloads/new downloads/BIDR_Backend/authentication_service/venv/lib/python3.10/site-packages/rest_framework/views.py", line 486, in raise_uncaught_exception
    raise exc
  File "/Users/thulanimoyo/MEGA downloads/new downloads/BIDR_Backend/authentication_service/venv/lib/python3.10/site-packages/rest_framework/views.py", line 512, in dispatch
    response = handler(request, *args, **kwargs)
  File "/Users/thulanimoyo/MEGA downloads/new downloads/BIDR_Backend/authentication_service/venv/lib/python3.10/site-packages/rest_framework/mixins.py", line 54, in retrieve
    instance = self.get_object()
  File "/Users/thulanimoyo/MEGA downloads/new downloads/BIDR_Backend/authentication_service/venv/lib/python3.10/site-packages/rest_framework/generics.py", line 87, in get_object
    queryset = self.filter_queryset(self.get_queryset())
  File "/Users/thulanimoyo/MEGA downloads/new downloads/BIDR_Backend/authentication_service/seller/views.py", line 99, in get_queryset
    queryset = queryset.filter(
  File "/Users/thulanimoyo/MEGA downloads/new downloads/BIDR_Backend/authentication_service/venv/lib/python3.10/site-packages/django/db/models/query.py", line 1493, in filter
    return self._filter_or_exclude(False, args, kwargs)
  File "/Users/thulanimoyo/MEGA downloads/new downloads/BIDR_Backend/authentication_service/venv/lib/python3.10/site-packages/django/db/models/query.py", line 1511, in _filter_or_exclude
    clone._filter_or_exclude_inplace(negate, args, kwargs)
  File "/Users/thulanimoyo/MEGA downloads/new downloads/BIDR_Backend/authentication_service/venv/lib/python3.10/site-packages/django/db/models/query.py", line 1518, in _filter_or_exclude_inplace
    self._query.add_q(Q(*args, **kwargs))
  File "/Users/thulanimoyo/MEGA downloads/new downloads/BIDR_Backend/authentication_service/venv/lib/python3.10/site-packages/django/db/models/sql/query.py", line 1646, in add_q
    clause, _ = self._add_q(q_object, can_reuse)
  File "/Users/thulanimoyo/MEGA downloads/new downloads/BIDR_Backend/authentication_service/venv/lib/python3.10/site-packages/django/db/models/sql/query.py", line 1678, in _add_q
    child_clause, needed_inner = self.build_filter(
  File "/Users/thulanimoyo/MEGA downloads/new downloads/BIDR_Backend/authentication_service/venv/lib/python3.10/site-packages/django/db/models/sql/query.py", line 1503, in build_filter
    return self._add_q(
  File "/Users/thulanimoyo/MEGA downloads/new downloads/BIDR_Backend/authentication_service/venv/lib/python3.10/site-packages/django/db/models/sql/query.py", line 1678, in _add_q
    child_clause, needed_inner = self.build_filter(
  File "/Users/thulanimoyo/MEGA downloads/new downloads/BIDR_Backend/authentication_service/venv/lib/python3.10/site-packages/django/db/models/sql/query.py", line 1588, in build_filter
    condition = self.build_lookup(lookups, col, value)
  File "/Users/thulanimoyo/MEGA downloads/new downloads/BIDR_Backend/authentication_service/venv/lib/python3.10/site-packages/django/db/models/sql/query.py", line 1415, in build_lookup
    lookup = lookup_class(lhs, rhs)
  File "/Users/thulanimoyo/MEGA downloads/new downloads/BIDR_Backend/authentication_service/venv/lib/python3.10/site-packages/django/db/models/lookups.py", line 38, in __init__
    self.rhs = self.get_prep_lookup()
  File "/Users/thulanimoyo/MEGA downloads/new downloads/BIDR_Backend/authentication_service/venv/lib/python3.10/site-packages/django/db/models/fields/related_lookups.py", line 112, in get_prep_lookup
    self.rhs = target_field.get_prep_value(self.rhs)
  File "/Users/thulanimoyo/MEGA downloads/new downloads/BIDR_Backend/authentication_service/venv/lib/python3.10/site-packages/django/db/models/fields/__init__.py", line 2130, in get_prep_value
    raise e.__class__(
TypeError: Field 'id' expected a number but got <django.contrib.auth.models.AnonymousUser object at 0x111335600>.
ERROR 2025-08-31 18:27:55,746 basehttp 16207 6192705536 "GET /api/seller/profiles/c97f2da1-810c-4f86-98b4-18b722d5eecb/ HTTP/1.1" 500 187071
WARNING 2025-08-31 18:27:55,755 log 16207 6192705536 Not Found: /api/sellers/c97f2da1-810c-4f86-98b4-18b722d5eecb/
WARNING 2025-08-31 18:27:55,755 basehttp 16207 6192705536 "GET /api/sellers/c97f2da1-810c-4f86-98b4-18b722d5eecb/ HTTP/1.1" 404 8022
ERROR 2025-08-31 18:27:55,783 log 16207 6192705536 Internal Server Error: /api/seller/profiles/c97f2da1-810c-4f86-98b4-18b722d5eecb/
Traceback (most recent call last):
  File "/Users/thulanimoyo/MEGA downloads/new downloads/BIDR_Backend/authentication_service/venv/lib/python3.10/site-packages/django/db/models/fields/__init__.py", line 2128, in get_prep_value
    return int(value)
  File "/Users/thulanimoyo/MEGA downloads/new downloads/BIDR_Backend/authentication_service/venv/lib/python3.10/site-packages/django/contrib/auth/models.py", line 549, in __int__
    raise TypeError(
TypeError: Cannot cast AnonymousUser to int. Are you trying to use it in place of User?

The above exception was the direct cause of the following exception:

Traceback (most recent call last):
  File "/Users/thulanimoyo/MEGA downloads/new downloads/BIDR_Backend/authentication_service/venv/lib/python3.10/site-packages/django/core/handlers/exception.py", line 55, in inner
    response = get_response(request)
  File "/Users/thulanimoyo/MEGA downloads/new downloads/BIDR_Backend/authentication_service/venv/lib/python3.10/site-packages/django/core/handlers/base.py", line 197, in _get_response
    response = wrapped_callback(request, *callback_args, **callback_kwargs)
  File "/Users/thulanimoyo/MEGA downloads/new downloads/BIDR_Backend/authentication_service/venv/lib/python3.10/site-packages/django/views/decorators/csrf.py", line 65, in _view_wrapper
    return view_func(request, *args, **kwargs)
  File "/Users/thulanimoyo/MEGA downloads/new downloads/BIDR_Backend/authentication_service/venv/lib/python3.10/site-packages/rest_framework/viewsets.py", line 125, in view
    return self.dispatch(request, *args, **kwargs)
  File "/Users/thulanimoyo/MEGA downloads/new downloads/BIDR_Backend/authentication_service/venv/lib/python3.10/site-packages/rest_framework/views.py", line 515, in dispatch
    response = self.handle_exception(exc)
  File "/Users/thulanimoyo/MEGA downloads/new downloads/BIDR_Backend/authentication_service/venv/lib/python3.10/site-packages/rest_framework/views.py", line 475, in handle_exception
    self.raise_uncaught_exception(exc)
  File "/Users/thulanimoyo/MEGA downloads/new downloads/BIDR_Backend/authentication_service/venv/lib/python3.10/site-packages/rest_framework/views.py", line 486, in raise_uncaught_exception
    raise exc
  File "/Users/thulanimoyo/MEGA downloads/new downloads/BIDR_Backend/authentication_service/venv/lib/python3.10/site-packages/rest_framework/views.py", line 512, in dispatch
    response = handler(request, *args, **kwargs)
  File "/Users/thulanimoyo/MEGA downloads/new downloads/BIDR_Backend/authentication_service/venv/lib/python3.10/site-packages/rest_framework/mixins.py", line 54, in retrieve
    instance = self.get_object()
  File "/Users/thulanimoyo/MEGA downloads/new downloads/BIDR_Backend/authentication_service/venv/lib/python3.10/site-packages/rest_framework/generics.py", line 87, in get_object
    queryset = self.filter_queryset(self.get_queryset())
  File "/Users/thulanimoyo/MEGA downloads/new downloads/BIDR_Backend/authentication_service/seller/views.py", line 99, in get_queryset
    queryset = queryset.filter(
  File "/Users/thulanimoyo/MEGA downloads/new downloads/BIDR_Backend/authentication_service/venv/lib/python3.10/site-packages/django/db/models/query.py", line 1493, in filter
    return self._filter_or_exclude(False, args, kwargs)
  File "/Users/thulanimoyo/MEGA downloads/new downloads/BIDR_Backend/authentication_service/venv/lib/python3.10/site-packages/django/db/models/query.py", line 1511, in _filter_or_exclude
    clone._filter_or_exclude_inplace(negate, args, kwargs)
  File "/Users/thulanimoyo/MEGA downloads/new downloads/BIDR_Backend/authentication_service/venv/lib/python3.10/site-packages/django/db/models/query.py", line 1518, in _filter_or_exclude_inplace
    self._query.add_q(Q(*args, **kwargs))
  File "/Users/thulanimoyo/MEGA downloads/new downloads/BIDR_Backend/authentication_service/venv/lib/python3.10/site-packages/django/db/models/sql/query.py", line 1646, in add_q
    clause, _ = self._add_q(q_object, can_reuse)
  File "/Users/thulanimoyo/MEGA downloads/new downloads/BIDR_Backend/authentication_service/venv/lib/python3.10/site-packages/django/db/models/sql/query.py", line 1678, in _add_q
    child_clause, needed_inner = self.build_filter(
  File "/Users/thulanimoyo/MEGA downloads/new downloads/BIDR_Backend/authentication_service/venv/lib/python3.10/site-packages/django/db/models/sql/query.py", line 1503, in build_filter
    return self._add_q(
  File "/Users/thulanimoyo/MEGA downloads/new downloads/BIDR_Backend/authentication_service/venv/lib/python3.10/site-packages/django/db/models/sql/query.py", line 1678, in _add_q
    child_clause, needed_inner = self.build_filter(
  File "/Users/thulanimoyo/MEGA downloads/new downloads/BIDR_Backend/authentication_service/venv/lib/python3.10/site-packages/django/db/models/sql/query.py", line 1588, in build_filter
    condition = self.build_lookup(lookups, col, value)
  File "/Users/thulanimoyo/MEGA downloads/new downloads/BIDR_Backend/authentication_service/venv/lib/python3.10/site-packages/django/db/models/sql/query.py", line 1415, in build_lookup
    lookup = lookup_class(lhs, rhs)
  File "/Users/thulanimoyo/MEGA downloads/new downloads/BIDR_Backend/authentication_service/venv/lib/python3.10/site-packages/django/db/models/lookups.py", line 38, in __init__
    self.rhs = self.get_prep_lookup()
  File "/Users/thulanimoyo/MEGA downloads/new downloads/BIDR_Backend/authentication_service/venv/lib/python3.10/site-packages/django/db/models/fields/related_lookups.py", line 112, in get_prep_lookup
    self.rhs = target_field.get_prep_value(self.rhs)
  File "/Users/thulanimoyo/MEGA downloads/new downloads/BIDR_Backend/authentication_service/venv/lib/python3.10/site-packages/django/db/models/fields/__init__.py", line 2130, in get_prep_value
    raise e.__class__(
TypeError: Field 'id' expected a number but got <django.contrib.auth.models.AnonymousUser object at 0x11139abf0>.
ERROR 2025-08-31 18:27:55,784 basehttp 16207 6192705536 "GET /api/seller/profiles/c97f2da1-810c-4f86-98b4-18b722d5eecb/ HTTP/1.1" 500 187071
WARNING 2025-08-31 18:27:55,793 log 16207 6192705536 Not Found: /api/sellers/c97f2da1-810c-4f86-98b4-18b722d5eecb/
WARNING 2025-08-31 18:27:55,793 basehttp 16207 6192705536 "GET /api/sellers/c97f2da1-810c-4f86-98b4-18b722d5eecb/ HTTP/1.1" 404 8022
ERROR 2025-08-31 18:27:55,819 log 16207 6192705536 Internal Server Error: /api/seller/profiles/c97f2da1-810c-4f86-98b4-18b722d5eecb/
Traceback (most recent call last):
  File "/Users/thulanimoyo/MEGA downloads/new downloads/BIDR_Backend/authentication_service/venv/lib/python3.10/site-packages/django/db/models/fields/__init__.py", line 2128, in get_prep_value
    return int(value)
  File "/Users/thulanimoyo/MEGA downloads/new downloads/BIDR_Backend/authentication_service/venv/lib/python3.10/site-packages/django/contrib/auth/models.py", line 549, in __int__
    raise TypeError(
TypeError: Cannot cast AnonymousUser to int. Are you trying to use it in place of User?

The above exception was the direct cause of the following exception:

Traceback (most recent call last):
  File "/Users/thulanimoyo/MEGA downloads/new downloads/BIDR_Backend/authentication_service/venv/lib/python3.10/site-packages/django/core/handlers/exception.py", line 55, in inner
    response = get_response(request)
  File "/Users/thulanimoyo/MEGA downloads/new downloads/BIDR_Backend/authentication_service/venv/lib/python3.10/site-packages/django/core/handlers/base.py", line 197, in _get_response
    response = wrapped_callback(request, *callback_args, **callback_kwargs)
  File "/Users/thulanimoyo/MEGA downloads/new downloads/BIDR_Backend/authentication_service/venv/lib/python3.10/site-packages/django/views/decorators/csrf.py", line 65, in _view_wrapper
    return view_func(request, *args, **kwargs)
  File "/Users/thulanimoyo/MEGA downloads/new downloads/BIDR_Backend/authentication_service/venv/lib/python3.10/site-packages/rest_framework/viewsets.py", line 125, in view
    return self.dispatch(request, *args, **kwargs)
  File "/Users/thulanimoyo/MEGA downloads/new downloads/BIDR_Backend/authentication_service/venv/lib/python3.10/site-packages/rest_framework/views.py", line 515, in dispatch
    response = self.handle_exception(exc)
  File "/Users/thulanimoyo/MEGA downloads/new downloads/BIDR_Backend/authentication_service/venv/lib/python3.10/site-packages/rest_framework/views.py", line 475, in handle_exception
    self.raise_uncaught_exception(exc)
  File "/Users/thulanimoyo/MEGA downloads/new downloads/BIDR_Backend/authentication_service/venv/lib/python3.10/site-packages/rest_framework/views.py", line 486, in raise_uncaught_exception
    raise exc
  File "/Users/thulanimoyo/MEGA downloads/new downloads/BIDR_Backend/authentication_service/venv/lib/python3.10/site-packages/rest_framework/views.py", line 512, in dispatch
    response = handler(request, *args, **kwargs)
  File "/Users/thulanimoyo/MEGA downloads/new downloads/BIDR_Backend/authentication_service/venv/lib/python3.10/site-packages/rest_framework/mixins.py", line 54, in retrieve
    instance = self.get_object()
  File "/Users/thulanimoyo/MEGA downloads/new downloads/BIDR_Backend/authentication_service/venv/lib/python3.10/site-packages/rest_framework/generics.py", line 87, in get_object
    queryset = self.filter_queryset(self.get_queryset())
  File "/Users/thulanimoyo/MEGA downloads/new downloads/BIDR_Backend/authentication_service/seller/views.py", line 99, in get_queryset
    queryset = queryset.filter(
  File "/Users/thulanimoyo/MEGA downloads/new downloads/BIDR_Backend/authentication_service/venv/lib/python3.10/site-packages/django/db/models/query.py", line 1493, in filter
    return self._filter_or_exclude(False, args, kwargs)
  File "/Users/thulanimoyo/MEGA downloads/new downloads/BIDR_Backend/authentication_service/venv/lib/python3.10/site-packages/django/db/models/query.py", line 1511, in _filter_or_exclude
    clone._filter_or_exclude_inplace(negate, args, kwargs)
  File "/Users/thulanimoyo/MEGA downloads/new downloads/BIDR_Backend/authentication_service/venv/lib/python3.10/site-packages/django/db/models/query.py", line 1518, in _filter_or_exclude_inplace
    self._query.add_q(Q(*args, **kwargs))
  File "/Users/thulanimoyo/MEGA downloads/new downloads/BIDR_Backend/authentication_service/venv/lib/python3.10/site-packages/django/db/models/sql/query.py", line 1646, in add_q
    clause, _ = self._add_q(q_object, can_reuse)
  File "/Users/thulanimoyo/MEGA downloads/new downloads/BIDR_Backend/authentication_service/venv/lib/python3.10/site-packages/django/db/models/sql/query.py", line 1678, in _add_q
    child_clause, needed_inner = self.build_filter(
  File "/Users/thulanimoyo/MEGA downloads/new downloads/BIDR_Backend/authentication_service/venv/lib/python3.10/site-packages/django/db/models/sql/query.py", line 1503, in build_filter
    return self._add_q(
  File "/Users/thulanimoyo/MEGA downloads/new downloads/BIDR_Backend/authentication_service/venv/lib/python3.10/site-packages/django/db/models/sql/query.py", line 1678, in _add_q
    child_clause, needed_inner = self.build_filter(
  File "/Users/thulanimoyo/MEGA downloads/new downloads/BIDR_Backend/authentication_service/venv/lib/python3.10/site-packages/django/db/models/sql/query.py", line 1588, in build_filter
    condition = self.build_lookup(lookups, col, value)
  File "/Users/thulanimoyo/MEGA downloads/new downloads/BIDR_Backend/authentication_service/venv/lib/python3.10/site-packages/django/db/models/sql/query.py", line 1415, in build_lookup
    lookup = lookup_class(lhs, rhs)
  File "/Users/thulanimoyo/MEGA downloads/new downloads/BIDR_Backend/authentication_service/venv/lib/python3.10/site-packages/django/db/models/lookups.py", line 38, in __init__
    self.rhs = self.get_prep_lookup()
  File "/Users/thulanimoyo/MEGA downloads/new downloads/BIDR_Backend/authentication_service/venv/lib/python3.10/site-packages/django/db/models/fields/related_lookups.py", line 112, in get_prep_lookup
    self.rhs = target_field.get_prep_value(self.rhs)
  File "/Users/thulanimoyo/MEGA downloads/new downloads/BIDR_Backend/authentication_service/venv/lib/python3.10/site-packages/django/db/models/fields/__init__.py", line 2130, in get_prep_value
    raise e.__class__(
TypeError: Field 'id' expected a number but got <django.contrib.auth.models.AnonymousUser object at 0x11138c8e0>.
ERROR 2025-08-31 18:27:55,820 basehttp 16207 6192705536 "GET /api/seller/profiles/c97f2da1-810c-4f86-98b4-18b722d5eecb/ HTTP/1.1" 500 187071
WARNING 2025-08-31 18:27:55,830 log 16207 6192705536 Not Found: /api/sellers/c97f2da1-810c-4f86-98b4-18b722d5eecb/
WARNING 2025-08-31 18:27:55,830 basehttp 16207 6192705536 "GET /api/sellers/c97f2da1-810c-4f86-98b4-18b722d5eecb/ HTTP/1.1" 404 8022
ERROR 2025-08-31 18:27:55,866 log 16207 6192705536 Internal Server Error: /api/seller/profiles/c97f2da1-810c-4f86-98b4-18b722d5eecb/
Traceback (most recent call last):
  File "/Users/thulanimoyo/MEGA downloads/new downloads/BIDR_Backend/authentication_service/venv/lib/python3.10/site-packages/django/db/models/fields/__init__.py", line 2128, in get_prep_value
    return int(value)
  File "/Users/thulanimoyo/MEGA downloads/new downloads/BIDR_Backend/authentication_service/venv/lib/python3.10/site-packages/django/contrib/auth/models.py", line 549, in __int__
    raise TypeError(
TypeError: Cannot cast AnonymousUser to int. Are you trying to use it in place of User?

The above exception was the direct cause of the following exception:

Traceback (most recent call last):
  File "/Users/thulanimoyo/MEGA downloads/new downloads/BIDR_Backend/authentication_service/venv/lib/python3.10/site-packages/django/core/handlers/exception.py", line 55, in inner
    response = get_response(request)
  File "/Users/thulanimoyo/MEGA downloads/new downloads/BIDR_Backend/authentication_service/venv/lib/python3.10/site-packages/django/core/handlers/base.py", line 197, in _get_response
    response = wrapped_callback(request, *callback_args, **callback_kwargs)
  File "/Users/thulanimoyo/MEGA downloads/new downloads/BIDR_Backend/authentication_service/venv/lib/python3.10/site-packages/django/views/decorators/csrf.py", line 65, in _view_wrapper
    return view_func(request, *args, **kwargs)
  File "/Users/thulanimoyo/MEGA downloads/new downloads/BIDR_Backend/authentication_service/venv/lib/python3.10/site-packages/rest_framework/viewsets.py", line 125, in view
    return self.dispatch(request, *args, **kwargs)
  File "/Users/thulanimoyo/MEGA downloads/new downloads/BIDR_Backend/authentication_service/venv/lib/python3.10/site-packages/rest_framework/views.py", line 515, in dispatch
    response = self.handle_exception(exc)
  File "/Users/thulanimoyo/MEGA downloads/new downloads/BIDR_Backend/authentication_service/venv/lib/python3.10/site-packages/rest_framework/views.py", line 475, in handle_exception
    self.raise_uncaught_exception(exc)
  File "/Users/thulanimoyo/MEGA downloads/new downloads/BIDR_Backend/authentication_service/venv/lib/python3.10/site-packages/rest_framework/views.py", line 486, in raise_uncaught_exception
    raise exc
  File "/Users/thulanimoyo/MEGA downloads/new downloads/BIDR_Backend/authentication_service/venv/lib/python3.10/site-packages/rest_framework/views.py", line 512, in dispatch
    response = handler(request, *args, **kwargs)
  File "/Users/thulanimoyo/MEGA downloads/new downloads/BIDR_Backend/authentication_service/venv/lib/python3.10/site-packages/rest_framework/mixins.py", line 54, in retrieve
    instance = self.get_object()
  File "/Users/thulanimoyo/MEGA downloads/new downloads/BIDR_Backend/authentication_service/venv/lib/python3.10/site-packages/rest_framework/generics.py", line 87, in get_object
    queryset = self.filter_queryset(self.get_queryset())
  File "/Users/thulanimoyo/MEGA downloads/new downloads/BIDR_Backend/authentication_service/seller/views.py", line 99, in get_queryset
    queryset = queryset.filter(
  File "/Users/thulanimoyo/MEGA downloads/new downloads/BIDR_Backend/authentication_service/venv/lib/python3.10/site-packages/django/db/models/query.py", line 1493, in filter
    return self._filter_or_exclude(False, args, kwargs)
  File "/Users/thulanimoyo/MEGA downloads/new downloads/BIDR_Backend/authentication_service/venv/lib/python3.10/site-packages/django/db/models/query.py", line 1511, in _filter_or_exclude
    clone._filter_or_exclude_inplace(negate, args, kwargs)
  File "/Users/thulanimoyo/MEGA downloads/new downloads/BIDR_Backend/authentication_service/venv/lib/python3.10/site-packages/django/db/models/query.py", line 1518, in _filter_or_exclude_inplace
    self._query.add_q(Q(*args, **kwargs))
  File "/Users/thulanimoyo/MEGA downloads/new downloads/BIDR_Backend/authentication_service/venv/lib/python3.10/site-packages/django/db/models/sql/query.py", line 1646, in add_q
    clause, _ = self._add_q(q_object, can_reuse)
  File "/Users/thulanimoyo/MEGA downloads/new downloads/BIDR_Backend/authentication_service/venv/lib/python3.10/site-packages/django/db/models/sql/query.py", line 1678, in _add_q
    child_clause, needed_inner = self.build_filter(
  File "/Users/thulanimoyo/MEGA downloads/new downloads/BIDR_Backend/authentication_service/venv/lib/python3.10/site-packages/django/db/models/sql/query.py", line 1503, in build_filter
    return self._add_q(
  File "/Users/thulanimoyo/MEGA downloads/new downloads/BIDR_Backend/authentication_service/venv/lib/python3.10/site-packages/django/db/models/sql/query.py", line 1678, in _add_q
    child_clause, needed_inner = self.build_filter(
  File "/Users/thulanimoyo/MEGA downloads/new downloads/BIDR_Backend/authentication_service/venv/lib/python3.10/site-packages/django/db/models/sql/query.py", line 1588, in build_filter
    condition = self.build_lookup(lookups, col, value)
  File "/Users/thulanimoyo/MEGA downloads/new downloads/BIDR_Backend/authentication_service/venv/lib/python3.10/site-packages/django/db/models/sql/query.py", line 1415, in build_lookup
    lookup = lookup_class(lhs, rhs)
  File "/Users/thulanimoyo/MEGA downloads/new downloads/BIDR_Backend/authentication_service/venv/lib/python3.10/site-packages/django/db/models/lookups.py", line 38, in __init__
    self.rhs = self.get_prep_lookup()
  File "/Users/thulanimoyo/MEGA downloads/new downloads/BIDR_Backend/authentication_service/venv/lib/python3.10/site-packages/django/db/models/fields/related_lookups.py", line 112, in get_prep_lookup
    self.rhs = target_field.get_prep_value(self.rhs)
  File "/Users/thulanimoyo/MEGA downloads/new downloads/BIDR_Backend/authentication_service/venv/lib/python3.10/site-packages/django/db/models/fields/__init__.py", line 2130, in get_prep_value
    raise e.__class__(
TypeError: Field 'id' expected a number but got <django.contrib.auth.models.AnonymousUser object at 0x111160340>.
ERROR 2025-08-31 18:27:55,868 basehttp 16207 6192705536 "GET /api/seller/profiles/c97f2da1-810c-4f86-98b4-18b722d5eecb/ HTTP/1.1" 500 187071
WARNING 2025-08-31 18:27:55,877 log 16207 6192705536 Not Found: /api/sellers/c97f2da1-810c-4f86-98b4-18b722d5eecb/
WARNING 2025-08-31 18:27:55,878 basehttp 16207 6192705536 "GET /api/sellers/c97f2da1-810c-4f86-98b4-18b722d5eecb/ HTTP/1.1" 404 8022
ERROR 2025-08-31 18:28:05,802 log 16207 6192705536 Internal Server Error: /api/seller/profiles/c97f2da1-810c-4f86-98b4-18b722d5eecb/
Traceback (most recent call last):
  File "/Users/thulanimoyo/MEGA downloads/new downloads/BIDR_Backend/authentication_service/venv/lib/python3.10/site-packages/django/db/models/fields/__init__.py", line 2128, in get_prep_value
    return int(value)
  File "/Users/thulanimoyo/MEGA downloads/new downloads/BIDR_Backend/authentication_service/venv/lib/python3.10/site-packages/django/contrib/auth/models.py", line 549, in __int__
    raise TypeError(
TypeError: Cannot cast AnonymousUser to int. Are you trying to use it in place of User?

The above exception was the direct cause of the following exception:

Traceback (most recent call last):
  File "/Users/thulanimoyo/MEGA downloads/new downloads/BIDR_Backend/authentication_service/venv/lib/python3.10/site-packages/django/core/handlers/exception.py", line 55, in inner
    response = get_response(request)
  File "/Users/thulanimoyo/MEGA downloads/new downloads/BIDR_Backend/authentication_service/venv/lib/python3.10/site-packages/django/core/handlers/base.py", line 197, in _get_response
    response = wrapped_callback(request, *callback_args, **callback_kwargs)
  File "/Users/thulanimoyo/MEGA downloads/new downloads/BIDR_Backend/authentication_service/venv/lib/python3.10/site-packages/django/views/decorators/csrf.py", line 65, in _view_wrapper
    return view_func(request, *args, **kwargs)
  File "/Users/thulanimoyo/MEGA downloads/new downloads/BIDR_Backend/authentication_service/venv/lib/python3.10/site-packages/rest_framework/viewsets.py", line 125, in view
    return self.dispatch(request, *args, **kwargs)
  File "/Users/thulanimoyo/MEGA downloads/new downloads/BIDR_Backend/authentication_service/venv/lib/python3.10/site-packages/rest_framework/views.py", line 515, in dispatch
    response = self.handle_exception(exc)
  File "/Users/thulanimoyo/MEGA downloads/new downloads/BIDR_Backend/authentication_service/venv/lib/python3.10/site-packages/rest_framework/views.py", line 475, in handle_exception
    self.raise_uncaught_exception(exc)
  File "/Users/thulanimoyo/MEGA downloads/new downloads/BIDR_Backend/authentication_service/venv/lib/python3.10/site-packages/rest_framework/views.py", line 486, in raise_uncaught_exception
    raise exc
  File "/Users/thulanimoyo/MEGA downloads/new downloads/BIDR_Backend/authentication_service/venv/lib/python3.10/site-packages/rest_framework/views.py", line 512, in dispatch
    response = handler(request, *args, **kwargs)
  File "/Users/thulanimoyo/MEGA downloads/new downloads/BIDR_Backend/authentication_service/venv/lib/python3.10/site-packages/rest_framework/mixins.py", line 54, in retrieve
    instance = self.get_object()
  File "/Users/thulanimoyo/MEGA downloads/new downloads/BIDR_Backend/authentication_service/venv/lib/python3.10/site-packages/rest_framework/generics.py", line 87, in get_object
    queryset = self.filter_queryset(self.get_queryset())
  File "/Users/thulanimoyo/MEGA downloads/new downloads/BIDR_Backend/authentication_service/seller/views.py", line 99, in get_queryset
    queryset = queryset.filter(
  File "/Users/thulanimoyo/MEGA downloads/new downloads/BIDR_Backend/authentication_service/venv/lib/python3.10/site-packages/django/db/models/query.py", line 1493, in filter
    return self._filter_or_exclude(False, args, kwargs)
  File "/Users/thulanimoyo/MEGA downloads/new downloads/BIDR_Backend/authentication_service/venv/lib/python3.10/site-packages/django/db/models/query.py", line 1511, in _filter_or_exclude
    clone._filter_or_exclude_inplace(negate, args, kwargs)
  File "/Users/thulanimoyo/MEGA downloads/new downloads/BIDR_Backend/authentication_service/venv/lib/python3.10/site-packages/django/db/models/query.py", line 1518, in _filter_or_exclude_inplace
    self._query.add_q(Q(*args, **kwargs))
  File "/Users/thulanimoyo/MEGA downloads/new downloads/BIDR_Backend/authentication_service/venv/lib/python3.10/site-packages/django/db/models/sql/query.py", line 1646, in add_q
    clause, _ = self._add_q(q_object, can_reuse)
  File "/Users/thulanimoyo/MEGA downloads/new downloads/BIDR_Backend/authentication_service/venv/lib/python3.10/site-packages/django/db/models/sql/query.py", line 1678, in _add_q
    child_clause, needed_inner = self.build_filter(
  File "/Users/thulanimoyo/MEGA downloads/new downloads/BIDR_Backend/authentication_service/venv/lib/python3.10/site-packages/django/db/models/sql/query.py", line 1503, in build_filter
    return self._add_q(
  File "/Users/thulanimoyo/MEGA downloads/new downloads/BIDR_Backend/authentication_service/venv/lib/python3.10/site-packages/django/db/models/sql/query.py", line 1678, in _add_q
    child_clause, needed_inner = self.build_filter(
  File "/Users/thulanimoyo/MEGA downloads/new downloads/BIDR_Backend/authentication_service/venv/lib/python3.10/site-packages/django/db/models/sql/query.py", line 1588, in build_filter
    condition = self.build_lookup(lookups, col, value)
  File "/Users/thulanimoyo/MEGA downloads/new downloads/BIDR_Backend/authentication_service/venv/lib/python3.10/site-packages/django/db/models/sql/query.py", line 1415, in build_lookup
    lookup = lookup_class(lhs, rhs)
  File "/Users/thulanimoyo/MEGA downloads/new downloads/BIDR_Backend/authentication_service/venv/lib/python3.10/site-packages/django/db/models/lookups.py", line 38, in __init__
    self.rhs = self.get_prep_lookup()
  File "/Users/thulanimoyo/MEGA downloads/new downloads/BIDR_Backend/authentication_service/venv/lib/python3.10/site-packages/django/db/models/fields/related_lookups.py", line 112, in get_prep_lookup
    self.rhs = target_field.get_prep_value(self.rhs)
  File "/Users/thulanimoyo/MEGA downloads/new downloads/BIDR_Backend/authentication_service/venv/lib/python3.10/site-packages/django/db/models/fields/__init__.py", line 2130, in get_prep_value
    raise e.__class__(
TypeError: Field 'id' expected a number but got <django.contrib.auth.models.AnonymousUser object at 0x11139a470>.
ERROR 2025-08-31 18:28:05,804 basehttp 16207 6192705536 "GET /api/seller/profiles/c97f2da1-810c-4f86-98b4-18b722d5eecb/ HTTP/1.1" 500 189605
WARNING 2025-08-31 18:28:05,862 log 16207 6192705536 Not Found: /favicon.ico
WARNING 2025-08-31 18:28:05,862 basehttp 16207 6192705536 "GET /favicon.ico HTTP/1.1" 404 7908
ERROR 2025-08-31 18:30:05,962 log 16207 6192705536 Internal Server Error: /api/seller/profiles/c97f2da1-810c-4f86-98b4-18b722d5eecb/
Traceback (most recent call last):
  File "/Users/thulanimoyo/MEGA downloads/new downloads/BIDR_Backend/authentication_service/venv/lib/python3.10/site-packages/django/db/models/fields/__init__.py", line 2128, in get_prep_value
    return int(value)
  File "/Users/thulanimoyo/MEGA downloads/new downloads/BIDR_Backend/authentication_service/venv/lib/python3.10/site-packages/django/contrib/auth/models.py", line 549, in __int__
    raise TypeError(
TypeError: Cannot cast AnonymousUser to int. Are you trying to use it in place of User?

The above exception was the direct cause of the following exception:

Traceback (most recent call last):
  File "/Users/thulanimoyo/MEGA downloads/new downloads/BIDR_Backend/authentication_service/venv/lib/python3.10/site-packages/django/core/handlers/exception.py", line 55, in inner
    response = get_response(request)
  File "/Users/thulanimoyo/MEGA downloads/new downloads/BIDR_Backend/authentication_service/venv/lib/python3.10/site-packages/django/core/handlers/base.py", line 197, in _get_response
    response = wrapped_callback(request, *callback_args, **callback_kwargs)
  File "/Users/thulanimoyo/MEGA downloads/new downloads/BIDR_Backend/authentication_service/venv/lib/python3.10/site-packages/django/views/decorators/csrf.py", line 65, in _view_wrapper
    return view_func(request, *args, **kwargs)
  File "/Users/thulanimoyo/MEGA downloads/new downloads/BIDR_Backend/authentication_service/venv/lib/python3.10/site-packages/rest_framework/viewsets.py", line 125, in view
    return self.dispatch(request, *args, **kwargs)
  File "/Users/thulanimoyo/MEGA downloads/new downloads/BIDR_Backend/authentication_service/venv/lib/python3.10/site-packages/rest_framework/views.py", line 515, in dispatch
    response = self.handle_exception(exc)
  File "/Users/thulanimoyo/MEGA downloads/new downloads/BIDR_Backend/authentication_service/venv/lib/python3.10/site-packages/rest_framework/views.py", line 475, in handle_exception
    self.raise_uncaught_exception(exc)
  File "/Users/thulanimoyo/MEGA downloads/new downloads/BIDR_Backend/authentication_service/venv/lib/python3.10/site-packages/rest_framework/views.py", line 486, in raise_uncaught_exception
    raise exc
  File "/Users/thulanimoyo/MEGA downloads/new downloads/BIDR_Backend/authentication_service/venv/lib/python3.10/site-packages/rest_framework/views.py", line 512, in dispatch
    response = handler(request, *args, **kwargs)
  File "/Users/thulanimoyo/MEGA downloads/new downloads/BIDR_Backend/authentication_service/venv/lib/python3.10/site-packages/rest_framework/mixins.py", line 54, in retrieve
    instance = self.get_object()
  File "/Users/thulanimoyo/MEGA downloads/new downloads/BIDR_Backend/authentication_service/venv/lib/python3.10/site-packages/rest_framework/generics.py", line 87, in get_object
    queryset = self.filter_queryset(self.get_queryset())
  File "/Users/thulanimoyo/MEGA downloads/new downloads/BIDR_Backend/authentication_service/seller/views.py", line 99, in get_queryset
    queryset = queryset.filter(
  File "/Users/thulanimoyo/MEGA downloads/new downloads/BIDR_Backend/authentication_service/venv/lib/python3.10/site-packages/django/db/models/query.py", line 1493, in filter
    return self._filter_or_exclude(False, args, kwargs)
  File "/Users/thulanimoyo/MEGA downloads/new downloads/BIDR_Backend/authentication_service/venv/lib/python3.10/site-packages/django/db/models/query.py", line 1511, in _filter_or_exclude
    clone._filter_or_exclude_inplace(negate, args, kwargs)
  File "/Users/thulanimoyo/MEGA downloads/new downloads/BIDR_Backend/authentication_service/venv/lib/python3.10/site-packages/django/db/models/query.py", line 1518, in _filter_or_exclude_inplace
    self._query.add_q(Q(*args, **kwargs))
  File "/Users/thulanimoyo/MEGA downloads/new downloads/BIDR_Backend/authentication_service/venv/lib/python3.10/site-packages/django/db/models/sql/query.py", line 1646, in add_q
    clause, _ = self._add_q(q_object, can_reuse)
  File "/Users/thulanimoyo/MEGA downloads/new downloads/BIDR_Backend/authentication_service/venv/lib/python3.10/site-packages/django/db/models/sql/query.py", line 1678, in _add_q
    child_clause, needed_inner = self.build_filter(
  File "/Users/thulanimoyo/MEGA downloads/new downloads/BIDR_Backend/authentication_service/venv/lib/python3.10/site-packages/django/db/models/sql/query.py", line 1503, in build_filter
    return self._add_q(
  File "/Users/thulanimoyo/MEGA downloads/new downloads/BIDR_Backend/authentication_service/venv/lib/python3.10/site-packages/django/db/models/sql/query.py", line 1678, in _add_q
    child_clause, needed_inner = self.build_filter(
  File "/Users/thulanimoyo/MEGA downloads/new downloads/BIDR_Backend/authentication_service/venv/lib/python3.10/site-packages/django/db/models/sql/query.py", line 1588, in build_filter
    condition = self.build_lookup(lookups, col, value)
  File "/Users/thulanimoyo/MEGA downloads/new downloads/BIDR_Backend/authentication_service/venv/lib/python3.10/site-packages/django/db/models/sql/query.py", line 1415, in build_lookup
    lookup = lookup_class(lhs, rhs)
  File "/Users/thulanimoyo/MEGA downloads/new downloads/BIDR_Backend/authentication_service/venv/lib/python3.10/site-packages/django/db/models/lookups.py", line 38, in __init__
    self.rhs = self.get_prep_lookup()
  File "/Users/thulanimoyo/MEGA downloads/new downloads/BIDR_Backend/authentication_service/venv/lib/python3.10/site-packages/django/db/models/fields/related_lookups.py", line 112, in get_prep_lookup
    self.rhs = target_field.get_prep_value(self.rhs)
  File "/Users/thulanimoyo/MEGA downloads/new downloads/BIDR_Backend/authentication_service/venv/lib/python3.10/site-packages/django/db/models/fields/__init__.py", line 2130, in get_prep_value
    raise e.__class__(
TypeError: Field 'id' expected a number but got <django.contrib.auth.models.AnonymousUser object at 0x111399e10>.
ERROR 2025-08-31 18:30:05,965 basehttp 16207 6192705536 "GET /api/seller/profiles/c97f2da1-810c-4f86-98b4-18b722d5eecb/ HTTP/1.1" 500 189593
ERROR 2025-08-31 18:30:07,523 log 16207 6192705536 Internal Server Error: /api/seller/profiles/c97f2da1-810c-4f86-98b4-18b722d5eecb/
Traceback (most recent call last):
  File "/Users/thulanimoyo/MEGA downloads/new downloads/BIDR_Backend/authentication_service/venv/lib/python3.10/site-packages/django/db/models/fields/__init__.py", line 2128, in get_prep_value
    return int(value)
  File "/Users/thulanimoyo/MEGA downloads/new downloads/BIDR_Backend/authentication_service/venv/lib/python3.10/site-packages/django/contrib/auth/models.py", line 549, in __int__
    raise TypeError(
TypeError: Cannot cast AnonymousUser to int. Are you trying to use it in place of User?

The above exception was the direct cause of the following exception:

Traceback (most recent call last):
  File "/Users/thulanimoyo/MEGA downloads/new downloads/BIDR_Backend/authentication_service/venv/lib/python3.10/site-packages/django/core/handlers/exception.py", line 55, in inner
    response = get_response(request)
  File "/Users/thulanimoyo/MEGA downloads/new downloads/BIDR_Backend/authentication_service/venv/lib/python3.10/site-packages/django/core/handlers/base.py", line 197, in _get_response
    response = wrapped_callback(request, *callback_args, **callback_kwargs)
  File "/Users/thulanimoyo/MEGA downloads/new downloads/BIDR_Backend/authentication_service/venv/lib/python3.10/site-packages/django/views/decorators/csrf.py", line 65, in _view_wrapper
    return view_func(request, *args, **kwargs)
  File "/Users/thulanimoyo/MEGA downloads/new downloads/BIDR_Backend/authentication_service/venv/lib/python3.10/site-packages/rest_framework/viewsets.py", line 125, in view
    return self.dispatch(request, *args, **kwargs)
  File "/Users/thulanimoyo/MEGA downloads/new downloads/BIDR_Backend/authentication_service/venv/lib/python3.10/site-packages/rest_framework/views.py", line 515, in dispatch
    response = self.handle_exception(exc)
  File "/Users/thulanimoyo/MEGA downloads/new downloads/BIDR_Backend/authentication_service/venv/lib/python3.10/site-packages/rest_framework/views.py", line 475, in handle_exception
    self.raise_uncaught_exception(exc)
  File "/Users/thulanimoyo/MEGA downloads/new downloads/BIDR_Backend/authentication_service/venv/lib/python3.10/site-packages/rest_framework/views.py", line 486, in raise_uncaught_exception
    raise exc
  File "/Users/thulanimoyo/MEGA downloads/new downloads/BIDR_Backend/authentication_service/venv/lib/python3.10/site-packages/rest_framework/views.py", line 512, in dispatch
    response = handler(request, *args, **kwargs)
  File "/Users/thulanimoyo/MEGA downloads/new downloads/BIDR_Backend/authentication_service/venv/lib/python3.10/site-packages/rest_framework/mixins.py", line 54, in retrieve
    instance = self.get_object()
  File "/Users/thulanimoyo/MEGA downloads/new downloads/BIDR_Backend/authentication_service/venv/lib/python3.10/site-packages/rest_framework/generics.py", line 87, in get_object
    queryset = self.filter_queryset(self.get_queryset())
  File "/Users/thulanimoyo/MEGA downloads/new downloads/BIDR_Backend/authentication_service/seller/views.py", line 99, in get_queryset
    queryset = queryset.filter(
  File "/Users/thulanimoyo/MEGA downloads/new downloads/BIDR_Backend/authentication_service/venv/lib/python3.10/site-packages/django/db/models/query.py", line 1493, in filter
    return self._filter_or_exclude(False, args, kwargs)
  File "/Users/thulanimoyo/MEGA downloads/new downloads/BIDR_Backend/authentication_service/venv/lib/python3.10/site-packages/django/db/models/query.py", line 1511, in _filter_or_exclude
    clone._filter_or_exclude_inplace(negate, args, kwargs)
  File "/Users/thulanimoyo/MEGA downloads/new downloads/BIDR_Backend/authentication_service/venv/lib/python3.10/site-packages/django/db/models/query.py", line 1518, in _filter_or_exclude_inplace
    self._query.add_q(Q(*args, **kwargs))
  File "/Users/thulanimoyo/MEGA downloads/new downloads/BIDR_Backend/authentication_service/venv/lib/python3.10/site-packages/django/db/models/sql/query.py", line 1646, in add_q
    clause, _ = self._add_q(q_object, can_reuse)
  File "/Users/thulanimoyo/MEGA downloads/new downloads/BIDR_Backend/authentication_service/venv/lib/python3.10/site-packages/django/db/models/sql/query.py", line 1678, in _add_q
    child_clause, needed_inner = self.build_filter(
  File "/Users/thulanimoyo/MEGA downloads/new downloads/BIDR_Backend/authentication_service/venv/lib/python3.10/site-packages/django/db/models/sql/query.py", line 1503, in build_filter
    return self._add_q(
  File "/Users/thulanimoyo/MEGA downloads/new downloads/BIDR_Backend/authentication_service/venv/lib/python3.10/site-packages/django/db/models/sql/query.py", line 1678, in _add_q
    child_clause, needed_inner = self.build_filter(
  File "/Users/thulanimoyo/MEGA downloads/new downloads/BIDR_Backend/authentication_service/venv/lib/python3.10/site-packages/django/db/models/sql/query.py", line 1588, in build_filter
    condition = self.build_lookup(lookups, col, value)
  File "/Users/thulanimoyo/MEGA downloads/new downloads/BIDR_Backend/authentication_service/venv/lib/python3.10/site-packages/django/db/models/sql/query.py", line 1415, in build_lookup
    lookup = lookup_class(lhs, rhs)
  File "/Users/thulanimoyo/MEGA downloads/new downloads/BIDR_Backend/authentication_service/venv/lib/python3.10/site-packages/django/db/models/lookups.py", line 38, in __init__
    self.rhs = self.get_prep_lookup()
  File "/Users/thulanimoyo/MEGA downloads/new downloads/BIDR_Backend/authentication_service/venv/lib/python3.10/site-packages/django/db/models/fields/related_lookups.py", line 112, in get_prep_lookup
    self.rhs = target_field.get_prep_value(self.rhs)
  File "/Users/thulanimoyo/MEGA downloads/new downloads/BIDR_Backend/authentication_service/venv/lib/python3.10/site-packages/django/db/models/fields/__init__.py", line 2130, in get_prep_value
    raise e.__class__(
TypeError: Field 'id' expected a number but got <django.contrib.auth.models.AnonymousUser object at 0x111161720>.
ERROR 2025-08-31 18:30:07,525 basehttp 16207 6192705536 "GET /api/seller/profiles/c97f2da1-810c-4f86-98b4-18b722d5eecb/ HTTP/1.1" 500 189593
ERROR 2025-08-31 18:30:08,218 log 16207 6192705536 Internal Server Error: /api/seller/profiles/c97f2da1-810c-4f86-98b4-18b722d5eecb/
Traceback (most recent call last):
  File "/Users/thulanimoyo/MEGA downloads/new downloads/BIDR_Backend/authentication_service/venv/lib/python3.10/site-packages/django/db/models/fields/__init__.py", line 2128, in get_prep_value
    return int(value)
  File "/Users/thulanimoyo/MEGA downloads/new downloads/BIDR_Backend/authentication_service/venv/lib/python3.10/site-packages/django/contrib/auth/models.py", line 549, in __int__
    raise TypeError(
TypeError: Cannot cast AnonymousUser to int. Are you trying to use it in place of User?

The above exception was the direct cause of the following exception:

Traceback (most recent call last):
  File "/Users/thulanimoyo/MEGA downloads/new downloads/BIDR_Backend/authentication_service/venv/lib/python3.10/site-packages/django/core/handlers/exception.py", line 55, in inner
    response = get_response(request)
  File "/Users/thulanimoyo/MEGA downloads/new downloads/BIDR_Backend/authentication_service/venv/lib/python3.10/site-packages/django/core/handlers/base.py", line 197, in _get_response
    response = wrapped_callback(request, *callback_args, **callback_kwargs)
  File "/Users/thulanimoyo/MEGA downloads/new downloads/BIDR_Backend/authentication_service/venv/lib/python3.10/site-packages/django/views/decorators/csrf.py", line 65, in _view_wrapper
    return view_func(request, *args, **kwargs)
  File "/Users/thulanimoyo/MEGA downloads/new downloads/BIDR_Backend/authentication_service/venv/lib/python3.10/site-packages/rest_framework/viewsets.py", line 125, in view
    return self.dispatch(request, *args, **kwargs)
  File "/Users/thulanimoyo/MEGA downloads/new downloads/BIDR_Backend/authentication_service/venv/lib/python3.10/site-packages/rest_framework/views.py", line 515, in dispatch
    response = self.handle_exception(exc)
  File "/Users/thulanimoyo/MEGA downloads/new downloads/BIDR_Backend/authentication_service/venv/lib/python3.10/site-packages/rest_framework/views.py", line 475, in handle_exception
    self.raise_uncaught_exception(exc)
  File "/Users/thulanimoyo/MEGA downloads/new downloads/BIDR_Backend/authentication_service/venv/lib/python3.10/site-packages/rest_framework/views.py", line 486, in raise_uncaught_exception
    raise exc
  File "/Users/thulanimoyo/MEGA downloads/new downloads/BIDR_Backend/authentication_service/venv/lib/python3.10/site-packages/rest_framework/views.py", line 512, in dispatch
    response = handler(request, *args, **kwargs)
  File "/Users/thulanimoyo/MEGA downloads/new downloads/BIDR_Backend/authentication_service/venv/lib/python3.10/site-packages/rest_framework/mixins.py", line 54, in retrieve
    instance = self.get_object()
  File "/Users/thulanimoyo/MEGA downloads/new downloads/BIDR_Backend/authentication_service/venv/lib/python3.10/site-packages/rest_framework/generics.py", line 87, in get_object
    queryset = self.filter_queryset(self.get_queryset())
  File "/Users/thulanimoyo/MEGA downloads/new downloads/BIDR_Backend/authentication_service/seller/views.py", line 99, in get_queryset
    queryset = queryset.filter(
  File "/Users/thulanimoyo/MEGA downloads/new downloads/BIDR_Backend/authentication_service/venv/lib/python3.10/site-packages/django/db/models/query.py", line 1493, in filter
    return self._filter_or_exclude(False, args, kwargs)
  File "/Users/thulanimoyo/MEGA downloads/new downloads/BIDR_Backend/authentication_service/venv/lib/python3.10/site-packages/django/db/models/query.py", line 1511, in _filter_or_exclude
    clone._filter_or_exclude_inplace(negate, args, kwargs)
  File "/Users/thulanimoyo/MEGA downloads/new downloads/BIDR_Backend/authentication_service/venv/lib/python3.10/site-packages/django/db/models/query.py", line 1518, in _filter_or_exclude_inplace
    self._query.add_q(Q(*args, **kwargs))
  File "/Users/thulanimoyo/MEGA downloads/new downloads/BIDR_Backend/authentication_service/venv/lib/python3.10/site-packages/django/db/models/sql/query.py", line 1646, in add_q
    clause, _ = self._add_q(q_object, can_reuse)
  File "/Users/thulanimoyo/MEGA downloads/new downloads/BIDR_Backend/authentication_service/venv/lib/python3.10/site-packages/django/db/models/sql/query.py", line 1678, in _add_q
    child_clause, needed_inner = self.build_filter(
  File "/Users/thulanimoyo/MEGA downloads/new downloads/BIDR_Backend/authentication_service/venv/lib/python3.10/site-packages/django/db/models/sql/query.py", line 1503, in build_filter
    return self._add_q(
  File "/Users/thulanimoyo/MEGA downloads/new downloads/BIDR_Backend/authentication_service/venv/lib/python3.10/site-packages/django/db/models/sql/query.py", line 1678, in _add_q
    child_clause, needed_inner = self.build_filter(
  File "/Users/thulanimoyo/MEGA downloads/new downloads/BIDR_Backend/authentication_service/venv/lib/python3.10/site-packages/django/db/models/sql/query.py", line 1588, in build_filter
    condition = self.build_lookup(lookups, col, value)
  File "/Users/thulanimoyo/MEGA downloads/new downloads/BIDR_Backend/authentication_service/venv/lib/python3.10/site-packages/django/db/models/sql/query.py", line 1415, in build_lookup
    lookup = lookup_class(lhs, rhs)
  File "/Users/thulanimoyo/MEGA downloads/new downloads/BIDR_Backend/authentication_service/venv/lib/python3.10/site-packages/django/db/models/lookups.py", line 38, in __init__
    self.rhs = self.get_prep_lookup()
  File "/Users/thulanimoyo/MEGA downloads/new downloads/BIDR_Backend/authentication_service/venv/lib/python3.10/site-packages/django/db/models/fields/related_lookups.py", line 112, in get_prep_lookup
    self.rhs = target_field.get_prep_value(self.rhs)
  File "/Users/thulanimoyo/MEGA downloads/new downloads/BIDR_Backend/authentication_service/venv/lib/python3.10/site-packages/django/db/models/fields/__init__.py", line 2130, in get_prep_value
    raise e.__class__(
TypeError: Field 'id' expected a number but got <django.contrib.auth.models.AnonymousUser object at 0x106078a30>.
ERROR 2025-08-31 18:30:08,219 basehttp 16207 6192705536 "GET /api/seller/profiles/c97f2da1-810c-4f86-98b4-18b722d5eecb/ HTTP/1.1" 500 189593
INFO 2025-08-31 18:30:47,609 basehttp 16207 6209531904 "GET /api/seller/profiles/by-auth-user-uid/c97f2da1-810c-4f86-98b4-18b722d5eecb/ HTTP/1.1" 200 1197
INFO 2025-08-31 18:30:47,610 basehttp 16207 6243184640 "GET /api/seller/profiles/by-auth-user-uid/c97f2da1-810c-4f86-98b4-18b722d5eecb/ HTTP/1.1" 200 1197
INFO 2025-08-31 18:31:59,065 basehttp 16207 6209531904 "GET /api/seller/profiles/by-auth-user-uid/c97f2da1-810c-4f86-98b4-18b722d5eecb/ HTTP/1.1" 200 1197
INFO 2025-08-31 18:32:05,045 basehttp 16207 6209531904 "GET /api/seller/profiles/by-auth-user-uid/c97f2da1-810c-4f86-98b4-18b722d5eecb/ HTTP/1.1" 200 1197
INFO 2025-08-31 18:32:57,399 basehttp 16207 6209531904 "GET /api/seller/profiles/by-auth-user-uid/c97f2da1-810c-4f86-98b4-18b722d5eecb/ HTTP/1.1" 200 1197
INFO 2025-08-31 18:32:58,433 basehttp 16207 6209531904 "GET /api/seller/profiles/by-auth-user-uid/c97f2da1-810c-4f86-98b4-18b722d5eecb/ HTTP/1.1" 200 1197
WARNING 2025-08-31 18:33:16,872 log 16207 6192705536 Not Found: /api/sellers/c97f2da1-810c-4f86-98b4-18b722d5eecb/
WARNING 2025-08-31 18:33:16,873 basehttp 16207 6192705536 "GET /api/sellers/c97f2da1-810c-4f86-98b4-18b722d5eecb/ HTTP/1.1" 404 8022
ERROR 2025-08-31 18:33:23,753 log 16207 6192705536 Internal Server Error: /api/seller/profiles/c97f2da1-810c-4f86-98b4-18b722d5eecb/
Traceback (most recent call last):
  File "/Users/thulanimoyo/MEGA downloads/new downloads/BIDR_Backend/authentication_service/venv/lib/python3.10/site-packages/django/db/models/fields/__init__.py", line 2128, in get_prep_value
    return int(value)
  File "/Users/thulanimoyo/MEGA downloads/new downloads/BIDR_Backend/authentication_service/venv/lib/python3.10/site-packages/django/contrib/auth/models.py", line 549, in __int__
    raise TypeError(
TypeError: Cannot cast AnonymousUser to int. Are you trying to use it in place of User?

The above exception was the direct cause of the following exception:

Traceback (most recent call last):
  File "/Users/thulanimoyo/MEGA downloads/new downloads/BIDR_Backend/authentication_service/venv/lib/python3.10/site-packages/django/core/handlers/exception.py", line 55, in inner
    response = get_response(request)
  File "/Users/thulanimoyo/MEGA downloads/new downloads/BIDR_Backend/authentication_service/venv/lib/python3.10/site-packages/django/core/handlers/base.py", line 197, in _get_response
    response = wrapped_callback(request, *callback_args, **callback_kwargs)
  File "/Users/thulanimoyo/MEGA downloads/new downloads/BIDR_Backend/authentication_service/venv/lib/python3.10/site-packages/django/views/decorators/csrf.py", line 65, in _view_wrapper
    return view_func(request, *args, **kwargs)
  File "/Users/thulanimoyo/MEGA downloads/new downloads/BIDR_Backend/authentication_service/venv/lib/python3.10/site-packages/rest_framework/viewsets.py", line 125, in view
    return self.dispatch(request, *args, **kwargs)
  File "/Users/thulanimoyo/MEGA downloads/new downloads/BIDR_Backend/authentication_service/venv/lib/python3.10/site-packages/rest_framework/views.py", line 515, in dispatch
    response = self.handle_exception(exc)
  File "/Users/thulanimoyo/MEGA downloads/new downloads/BIDR_Backend/authentication_service/venv/lib/python3.10/site-packages/rest_framework/views.py", line 475, in handle_exception
    self.raise_uncaught_exception(exc)
  File "/Users/thulanimoyo/MEGA downloads/new downloads/BIDR_Backend/authentication_service/venv/lib/python3.10/site-packages/rest_framework/views.py", line 486, in raise_uncaught_exception
    raise exc
  File "/Users/thulanimoyo/MEGA downloads/new downloads/BIDR_Backend/authentication_service/venv/lib/python3.10/site-packages/rest_framework/views.py", line 512, in dispatch
    response = handler(request, *args, **kwargs)
  File "/Users/thulanimoyo/MEGA downloads/new downloads/BIDR_Backend/authentication_service/venv/lib/python3.10/site-packages/rest_framework/mixins.py", line 54, in retrieve
    instance = self.get_object()
  File "/Users/thulanimoyo/MEGA downloads/new downloads/BIDR_Backend/authentication_service/venv/lib/python3.10/site-packages/rest_framework/generics.py", line 87, in get_object
    queryset = self.filter_queryset(self.get_queryset())
  File "/Users/thulanimoyo/MEGA downloads/new downloads/BIDR_Backend/authentication_service/seller/views.py", line 99, in get_queryset
    queryset = queryset.filter(
  File "/Users/thulanimoyo/MEGA downloads/new downloads/BIDR_Backend/authentication_service/venv/lib/python3.10/site-packages/django/db/models/query.py", line 1493, in filter
    return self._filter_or_exclude(False, args, kwargs)
  File "/Users/thulanimoyo/MEGA downloads/new downloads/BIDR_Backend/authentication_service/venv/lib/python3.10/site-packages/django/db/models/query.py", line 1511, in _filter_or_exclude
    clone._filter_or_exclude_inplace(negate, args, kwargs)
  File "/Users/thulanimoyo/MEGA downloads/new downloads/BIDR_Backend/authentication_service/venv/lib/python3.10/site-packages/django/db/models/query.py", line 1518, in _filter_or_exclude_inplace
    self._query.add_q(Q(*args, **kwargs))
  File "/Users/thulanimoyo/MEGA downloads/new downloads/BIDR_Backend/authentication_service/venv/lib/python3.10/site-packages/django/db/models/sql/query.py", line 1646, in add_q
    clause, _ = self._add_q(q_object, can_reuse)
  File "/Users/thulanimoyo/MEGA downloads/new downloads/BIDR_Backend/authentication_service/venv/lib/python3.10/site-packages/django/db/models/sql/query.py", line 1678, in _add_q
    child_clause, needed_inner = self.build_filter(
  File "/Users/thulanimoyo/MEGA downloads/new downloads/BIDR_Backend/authentication_service/venv/lib/python3.10/site-packages/django/db/models/sql/query.py", line 1503, in build_filter
    return self._add_q(
  File "/Users/thulanimoyo/MEGA downloads/new downloads/BIDR_Backend/authentication_service/venv/lib/python3.10/site-packages/django/db/models/sql/query.py", line 1678, in _add_q
    child_clause, needed_inner = self.build_filter(
  File "/Users/thulanimoyo/MEGA downloads/new downloads/BIDR_Backend/authentication_service/venv/lib/python3.10/site-packages/django/db/models/sql/query.py", line 1588, in build_filter
    condition = self.build_lookup(lookups, col, value)
  File "/Users/thulanimoyo/MEGA downloads/new downloads/BIDR_Backend/authentication_service/venv/lib/python3.10/site-packages/django/db/models/sql/query.py", line 1415, in build_lookup
    lookup = lookup_class(lhs, rhs)
  File "/Users/thulanimoyo/MEGA downloads/new downloads/BIDR_Backend/authentication_service/venv/lib/python3.10/site-packages/django/db/models/lookups.py", line 38, in __init__
    self.rhs = self.get_prep_lookup()
  File "/Users/thulanimoyo/MEGA downloads/new downloads/BIDR_Backend/authentication_service/venv/lib/python3.10/site-packages/django/db/models/fields/related_lookups.py", line 112, in get_prep_lookup
    self.rhs = target_field.get_prep_value(self.rhs)
  File "/Users/thulanimoyo/MEGA downloads/new downloads/BIDR_Backend/authentication_service/venv/lib/python3.10/site-packages/django/db/models/fields/__init__.py", line 2130, in get_prep_value
    raise e.__class__(
TypeError: Field 'id' expected a number but got <django.contrib.auth.models.AnonymousUser object at 0x111160f70>.
ERROR 2025-08-31 18:33:23,754 basehttp 16207 6192705536 "GET /api/seller/profiles/c97f2da1-810c-4f86-98b4-18b722d5eecb/ HTTP/1.1" 500 189593
ERROR 2025-08-31 18:33:24,527 log 16207 6192705536 Internal Server Error: /api/seller/profiles/c97f2da1-810c-4f86-98b4-18b722d5eecb/
Traceback (most recent call last):
  File "/Users/thulanimoyo/MEGA downloads/new downloads/BIDR_Backend/authentication_service/venv/lib/python3.10/site-packages/django/db/models/fields/__init__.py", line 2128, in get_prep_value
    return int(value)
  File "/Users/thulanimoyo/MEGA downloads/new downloads/BIDR_Backend/authentication_service/venv/lib/python3.10/site-packages/django/contrib/auth/models.py", line 549, in __int__
    raise TypeError(
TypeError: Cannot cast AnonymousUser to int. Are you trying to use it in place of User?

The above exception was the direct cause of the following exception:

Traceback (most recent call last):
  File "/Users/thulanimoyo/MEGA downloads/new downloads/BIDR_Backend/authentication_service/venv/lib/python3.10/site-packages/django/core/handlers/exception.py", line 55, in inner
    response = get_response(request)
  File "/Users/thulanimoyo/MEGA downloads/new downloads/BIDR_Backend/authentication_service/venv/lib/python3.10/site-packages/django/core/handlers/base.py", line 197, in _get_response
    response = wrapped_callback(request, *callback_args, **callback_kwargs)
  File "/Users/thulanimoyo/MEGA downloads/new downloads/BIDR_Backend/authentication_service/venv/lib/python3.10/site-packages/django/views/decorators/csrf.py", line 65, in _view_wrapper
    return view_func(request, *args, **kwargs)
  File "/Users/thulanimoyo/MEGA downloads/new downloads/BIDR_Backend/authentication_service/venv/lib/python3.10/site-packages/rest_framework/viewsets.py", line 125, in view
    return self.dispatch(request, *args, **kwargs)
  File "/Users/thulanimoyo/MEGA downloads/new downloads/BIDR_Backend/authentication_service/venv/lib/python3.10/site-packages/rest_framework/views.py", line 515, in dispatch
    response = self.handle_exception(exc)
  File "/Users/thulanimoyo/MEGA downloads/new downloads/BIDR_Backend/authentication_service/venv/lib/python3.10/site-packages/rest_framework/views.py", line 475, in handle_exception
    self.raise_uncaught_exception(exc)
  File "/Users/thulanimoyo/MEGA downloads/new downloads/BIDR_Backend/authentication_service/venv/lib/python3.10/site-packages/rest_framework/views.py", line 486, in raise_uncaught_exception
    raise exc
  File "/Users/thulanimoyo/MEGA downloads/new downloads/BIDR_Backend/authentication_service/venv/lib/python3.10/site-packages/rest_framework/views.py", line 512, in dispatch
    response = handler(request, *args, **kwargs)
  File "/Users/thulanimoyo/MEGA downloads/new downloads/BIDR_Backend/authentication_service/venv/lib/python3.10/site-packages/rest_framework/mixins.py", line 54, in retrieve
    instance = self.get_object()
  File "/Users/thulanimoyo/MEGA downloads/new downloads/BIDR_Backend/authentication_service/venv/lib/python3.10/site-packages/rest_framework/generics.py", line 87, in get_object
    queryset = self.filter_queryset(self.get_queryset())
  File "/Users/thulanimoyo/MEGA downloads/new downloads/BIDR_Backend/authentication_service/seller/views.py", line 99, in get_queryset
    queryset = queryset.filter(
  File "/Users/thulanimoyo/MEGA downloads/new downloads/BIDR_Backend/authentication_service/venv/lib/python3.10/site-packages/django/db/models/query.py", line 1493, in filter
    return self._filter_or_exclude(False, args, kwargs)
  File "/Users/thulanimoyo/MEGA downloads/new downloads/BIDR_Backend/authentication_service/venv/lib/python3.10/site-packages/django/db/models/query.py", line 1511, in _filter_or_exclude
    clone._filter_or_exclude_inplace(negate, args, kwargs)
  File "/Users/thulanimoyo/MEGA downloads/new downloads/BIDR_Backend/authentication_service/venv/lib/python3.10/site-packages/django/db/models/query.py", line 1518, in _filter_or_exclude_inplace
    self._query.add_q(Q(*args, **kwargs))
  File "/Users/thulanimoyo/MEGA downloads/new downloads/BIDR_Backend/authentication_service/venv/lib/python3.10/site-packages/django/db/models/sql/query.py", line 1646, in add_q
    clause, _ = self._add_q(q_object, can_reuse)
  File "/Users/thulanimoyo/MEGA downloads/new downloads/BIDR_Backend/authentication_service/venv/lib/python3.10/site-packages/django/db/models/sql/query.py", line 1678, in _add_q
    child_clause, needed_inner = self.build_filter(
  File "/Users/thulanimoyo/MEGA downloads/new downloads/BIDR_Backend/authentication_service/venv/lib/python3.10/site-packages/django/db/models/sql/query.py", line 1503, in build_filter
    return self._add_q(
  File "/Users/thulanimoyo/MEGA downloads/new downloads/BIDR_Backend/authentication_service/venv/lib/python3.10/site-packages/django/db/models/sql/query.py", line 1678, in _add_q
    child_clause, needed_inner = self.build_filter(
  File "/Users/thulanimoyo/MEGA downloads/new downloads/BIDR_Backend/authentication_service/venv/lib/python3.10/site-packages/django/db/models/sql/query.py", line 1588, in build_filter
    condition = self.build_lookup(lookups, col, value)
  File "/Users/thulanimoyo/MEGA downloads/new downloads/BIDR_Backend/authentication_service/venv/lib/python3.10/site-packages/django/db/models/sql/query.py", line 1415, in build_lookup
    lookup = lookup_class(lhs, rhs)
  File "/Users/thulanimoyo/MEGA downloads/new downloads/BIDR_Backend/authentication_service/venv/lib/python3.10/site-packages/django/db/models/lookups.py", line 38, in __init__
    self.rhs = self.get_prep_lookup()
  File "/Users/thulanimoyo/MEGA downloads/new downloads/BIDR_Backend/authentication_service/venv/lib/python3.10/site-packages/django/db/models/fields/related_lookups.py", line 112, in get_prep_lookup
    self.rhs = target_field.get_prep_value(self.rhs)
  File "/Users/thulanimoyo/MEGA downloads/new downloads/BIDR_Backend/authentication_service/venv/lib/python3.10/site-packages/django/db/models/fields/__init__.py", line 2130, in get_prep_value
    raise e.__class__(
TypeError: Field 'id' expected a number but got <django.contrib.auth.models.AnonymousUser object at 0x111335a20>.
ERROR 2025-08-31 18:33:24,528 basehttp 16207 6192705536 "GET /api/seller/profiles/c97f2da1-810c-4f86-98b4-18b722d5eecb/ HTTP/1.1" 500 189593
ERROR 2025-08-31 18:33:25,023 log 16207 6192705536 Internal Server Error: /api/seller/profiles/c97f2da1-810c-4f86-98b4-18b722d5eecb/
Traceback (most recent call last):
  File "/Users/thulanimoyo/MEGA downloads/new downloads/BIDR_Backend/authentication_service/venv/lib/python3.10/site-packages/django/db/models/fields/__init__.py", line 2128, in get_prep_value
    return int(value)
  File "/Users/thulanimoyo/MEGA downloads/new downloads/BIDR_Backend/authentication_service/venv/lib/python3.10/site-packages/django/contrib/auth/models.py", line 549, in __int__
    raise TypeError(
TypeError: Cannot cast AnonymousUser to int. Are you trying to use it in place of User?

The above exception was the direct cause of the following exception:

Traceback (most recent call last):
  File "/Users/thulanimoyo/MEGA downloads/new downloads/BIDR_Backend/authentication_service/venv/lib/python3.10/site-packages/django/core/handlers/exception.py", line 55, in inner
    response = get_response(request)
  File "/Users/thulanimoyo/MEGA downloads/new downloads/BIDR_Backend/authentication_service/venv/lib/python3.10/site-packages/django/core/handlers/base.py", line 197, in _get_response
    response = wrapped_callback(request, *callback_args, **callback_kwargs)
  File "/Users/thulanimoyo/MEGA downloads/new downloads/BIDR_Backend/authentication_service/venv/lib/python3.10/site-packages/django/views/decorators/csrf.py", line 65, in _view_wrapper
    return view_func(request, *args, **kwargs)
  File "/Users/thulanimoyo/MEGA downloads/new downloads/BIDR_Backend/authentication_service/venv/lib/python3.10/site-packages/rest_framework/viewsets.py", line 125, in view
    return self.dispatch(request, *args, **kwargs)
  File "/Users/thulanimoyo/MEGA downloads/new downloads/BIDR_Backend/authentication_service/venv/lib/python3.10/site-packages/rest_framework/views.py", line 515, in dispatch
    response = self.handle_exception(exc)
  File "/Users/thulanimoyo/MEGA downloads/new downloads/BIDR_Backend/authentication_service/venv/lib/python3.10/site-packages/rest_framework/views.py", line 475, in handle_exception
    self.raise_uncaught_exception(exc)
  File "/Users/thulanimoyo/MEGA downloads/new downloads/BIDR_Backend/authentication_service/venv/lib/python3.10/site-packages/rest_framework/views.py", line 486, in raise_uncaught_exception
    raise exc
  File "/Users/thulanimoyo/MEGA downloads/new downloads/BIDR_Backend/authentication_service/venv/lib/python3.10/site-packages/rest_framework/views.py", line 512, in dispatch
    response = handler(request, *args, **kwargs)
  File "/Users/thulanimoyo/MEGA downloads/new downloads/BIDR_Backend/authentication_service/venv/lib/python3.10/site-packages/rest_framework/mixins.py", line 54, in retrieve
    instance = self.get_object()
  File "/Users/thulanimoyo/MEGA downloads/new downloads/BIDR_Backend/authentication_service/venv/lib/python3.10/site-packages/rest_framework/generics.py", line 87, in get_object
    queryset = self.filter_queryset(self.get_queryset())
  File "/Users/thulanimoyo/MEGA downloads/new downloads/BIDR_Backend/authentication_service/seller/views.py", line 99, in get_queryset
    queryset = queryset.filter(
  File "/Users/thulanimoyo/MEGA downloads/new downloads/BIDR_Backend/authentication_service/venv/lib/python3.10/site-packages/django/db/models/query.py", line 1493, in filter
    return self._filter_or_exclude(False, args, kwargs)
  File "/Users/thulanimoyo/MEGA downloads/new downloads/BIDR_Backend/authentication_service/venv/lib/python3.10/site-packages/django/db/models/query.py", line 1511, in _filter_or_exclude
    clone._filter_or_exclude_inplace(negate, args, kwargs)
  File "/Users/thulanimoyo/MEGA downloads/new downloads/BIDR_Backend/authentication_service/venv/lib/python3.10/site-packages/django/db/models/query.py", line 1518, in _filter_or_exclude_inplace
    self._query.add_q(Q(*args, **kwargs))
  File "/Users/thulanimoyo/MEGA downloads/new downloads/BIDR_Backend/authentication_service/venv/lib/python3.10/site-packages/django/db/models/sql/query.py", line 1646, in add_q
    clause, _ = self._add_q(q_object, can_reuse)
  File "/Users/thulanimoyo/MEGA downloads/new downloads/BIDR_Backend/authentication_service/venv/lib/python3.10/site-packages/django/db/models/sql/query.py", line 1678, in _add_q
    child_clause, needed_inner = self.build_filter(
  File "/Users/thulanimoyo/MEGA downloads/new downloads/BIDR_Backend/authentication_service/venv/lib/python3.10/site-packages/django/db/models/sql/query.py", line 1503, in build_filter
    return self._add_q(
  File "/Users/thulanimoyo/MEGA downloads/new downloads/BIDR_Backend/authentication_service/venv/lib/python3.10/site-packages/django/db/models/sql/query.py", line 1678, in _add_q
    child_clause, needed_inner = self.build_filter(
  File "/Users/thulanimoyo/MEGA downloads/new downloads/BIDR_Backend/authentication_service/venv/lib/python3.10/site-packages/django/db/models/sql/query.py", line 1588, in build_filter
    condition = self.build_lookup(lookups, col, value)
  File "/Users/thulanimoyo/MEGA downloads/new downloads/BIDR_Backend/authentication_service/venv/lib/python3.10/site-packages/django/db/models/sql/query.py", line 1415, in build_lookup
    lookup = lookup_class(lhs, rhs)
  File "/Users/thulanimoyo/MEGA downloads/new downloads/BIDR_Backend/authentication_service/venv/lib/python3.10/site-packages/django/db/models/lookups.py", line 38, in __init__
    self.rhs = self.get_prep_lookup()
  File "/Users/thulanimoyo/MEGA downloads/new downloads/BIDR_Backend/authentication_service/venv/lib/python3.10/site-packages/django/db/models/fields/related_lookups.py", line 112, in get_prep_lookup
    self.rhs = target_field.get_prep_value(self.rhs)
  File "/Users/thulanimoyo/MEGA downloads/new downloads/BIDR_Backend/authentication_service/venv/lib/python3.10/site-packages/django/db/models/fields/__init__.py", line 2130, in get_prep_value
    raise e.__class__(
TypeError: Field 'id' expected a number but got <django.contrib.auth.models.AnonymousUser object at 0x111241060>.
ERROR 2025-08-31 18:33:25,023 basehttp 16207 6192705536 "GET /api/seller/profiles/c97f2da1-810c-4f86-98b4-18b722d5eecb/ HTTP/1.1" 500 189593
ERROR 2025-08-31 18:33:25,309 log 16207 6192705536 Internal Server Error: /api/seller/profiles/c97f2da1-810c-4f86-98b4-18b722d5eecb/
Traceback (most recent call last):
  File "/Users/thulanimoyo/MEGA downloads/new downloads/BIDR_Backend/authentication_service/venv/lib/python3.10/site-packages/django/db/models/fields/__init__.py", line 2128, in get_prep_value
    return int(value)
  File "/Users/thulanimoyo/MEGA downloads/new downloads/BIDR_Backend/authentication_service/venv/lib/python3.10/site-packages/django/contrib/auth/models.py", line 549, in __int__
    raise TypeError(
TypeError: Cannot cast AnonymousUser to int. Are you trying to use it in place of User?

The above exception was the direct cause of the following exception:

Traceback (most recent call last):
  File "/Users/thulanimoyo/MEGA downloads/new downloads/BIDR_Backend/authentication_service/venv/lib/python3.10/site-packages/django/core/handlers/exception.py", line 55, in inner
    response = get_response(request)
  File "/Users/thulanimoyo/MEGA downloads/new downloads/BIDR_Backend/authentication_service/venv/lib/python3.10/site-packages/django/core/handlers/base.py", line 197, in _get_response
    response = wrapped_callback(request, *callback_args, **callback_kwargs)
  File "/Users/thulanimoyo/MEGA downloads/new downloads/BIDR_Backend/authentication_service/venv/lib/python3.10/site-packages/django/views/decorators/csrf.py", line 65, in _view_wrapper
    return view_func(request, *args, **kwargs)
  File "/Users/thulanimoyo/MEGA downloads/new downloads/BIDR_Backend/authentication_service/venv/lib/python3.10/site-packages/rest_framework/viewsets.py", line 125, in view
    return self.dispatch(request, *args, **kwargs)
  File "/Users/thulanimoyo/MEGA downloads/new downloads/BIDR_Backend/authentication_service/venv/lib/python3.10/site-packages/rest_framework/views.py", line 515, in dispatch
    response = self.handle_exception(exc)
  File "/Users/thulanimoyo/MEGA downloads/new downloads/BIDR_Backend/authentication_service/venv/lib/python3.10/site-packages/rest_framework/views.py", line 475, in handle_exception
    self.raise_uncaught_exception(exc)
  File "/Users/thulanimoyo/MEGA downloads/new downloads/BIDR_Backend/authentication_service/venv/lib/python3.10/site-packages/rest_framework/views.py", line 486, in raise_uncaught_exception
    raise exc
  File "/Users/thulanimoyo/MEGA downloads/new downloads/BIDR_Backend/authentication_service/venv/lib/python3.10/site-packages/rest_framework/views.py", line 512, in dispatch
    response = handler(request, *args, **kwargs)
  File "/Users/thulanimoyo/MEGA downloads/new downloads/BIDR_Backend/authentication_service/venv/lib/python3.10/site-packages/rest_framework/mixins.py", line 54, in retrieve
    instance = self.get_object()
  File "/Users/thulanimoyo/MEGA downloads/new downloads/BIDR_Backend/authentication_service/venv/lib/python3.10/site-packages/rest_framework/generics.py", line 87, in get_object
    queryset = self.filter_queryset(self.get_queryset())
  File "/Users/thulanimoyo/MEGA downloads/new downloads/BIDR_Backend/authentication_service/seller/views.py", line 99, in get_queryset
    queryset = queryset.filter(
  File "/Users/thulanimoyo/MEGA downloads/new downloads/BIDR_Backend/authentication_service/venv/lib/python3.10/site-packages/django/db/models/query.py", line 1493, in filter
    return self._filter_or_exclude(False, args, kwargs)
  File "/Users/thulanimoyo/MEGA downloads/new downloads/BIDR_Backend/authentication_service/venv/lib/python3.10/site-packages/django/db/models/query.py", line 1511, in _filter_or_exclude
    clone._filter_or_exclude_inplace(negate, args, kwargs)
  File "/Users/thulanimoyo/MEGA downloads/new downloads/BIDR_Backend/authentication_service/venv/lib/python3.10/site-packages/django/db/models/query.py", line 1518, in _filter_or_exclude_inplace
    self._query.add_q(Q(*args, **kwargs))
  File "/Users/thulanimoyo/MEGA downloads/new downloads/BIDR_Backend/authentication_service/venv/lib/python3.10/site-packages/django/db/models/sql/query.py", line 1646, in add_q
    clause, _ = self._add_q(q_object, can_reuse)
  File "/Users/thulanimoyo/MEGA downloads/new downloads/BIDR_Backend/authentication_service/venv/lib/python3.10/site-packages/django/db/models/sql/query.py", line 1678, in _add_q
    child_clause, needed_inner = self.build_filter(
  File "/Users/thulanimoyo/MEGA downloads/new downloads/BIDR_Backend/authentication_service/venv/lib/python3.10/site-packages/django/db/models/sql/query.py", line 1503, in build_filter
    return self._add_q(
  File "/Users/thulanimoyo/MEGA downloads/new downloads/BIDR_Backend/authentication_service/venv/lib/python3.10/site-packages/django/db/models/sql/query.py", line 1678, in _add_q
    child_clause, needed_inner = self.build_filter(
  File "/Users/thulanimoyo/MEGA downloads/new downloads/BIDR_Backend/authentication_service/venv/lib/python3.10/site-packages/django/db/models/sql/query.py", line 1588, in build_filter
    condition = self.build_lookup(lookups, col, value)
  File "/Users/thulanimoyo/MEGA downloads/new downloads/BIDR_Backend/authentication_service/venv/lib/python3.10/site-packages/django/db/models/sql/query.py", line 1415, in build_lookup
    lookup = lookup_class(lhs, rhs)
  File "/Users/thulanimoyo/MEGA downloads/new downloads/BIDR_Backend/authentication_service/venv/lib/python3.10/site-packages/django/db/models/lookups.py", line 38, in __init__
    self.rhs = self.get_prep_lookup()
  File "/Users/thulanimoyo/MEGA downloads/new downloads/BIDR_Backend/authentication_service/venv/lib/python3.10/site-packages/django/db/models/fields/related_lookups.py", line 112, in get_prep_lookup
    self.rhs = target_field.get_prep_value(self.rhs)
  File "/Users/thulanimoyo/MEGA downloads/new downloads/BIDR_Backend/authentication_service/venv/lib/python3.10/site-packages/django/db/models/fields/__init__.py", line 2130, in get_prep_value
    raise e.__class__(
TypeError: Field 'id' expected a number but got <django.contrib.auth.models.AnonymousUser object at 0x106158bb0>.
ERROR 2025-08-31 18:33:25,310 basehttp 16207 6192705536 "GET /api/seller/profiles/c97f2da1-810c-4f86-98b4-18b722d5eecb/ HTTP/1.1" 500 189593
ERROR 2025-08-31 18:33:25,834 log 16207 6192705536 Internal Server Error: /api/seller/profiles/c97f2da1-810c-4f86-98b4-18b722d5eecb/
Traceback (most recent call last):
  File "/Users/thulanimoyo/MEGA downloads/new downloads/BIDR_Backend/authentication_service/venv/lib/python3.10/site-packages/django/db/models/fields/__init__.py", line 2128, in get_prep_value
    return int(value)
  File "/Users/thulanimoyo/MEGA downloads/new downloads/BIDR_Backend/authentication_service/venv/lib/python3.10/site-packages/django/contrib/auth/models.py", line 549, in __int__
    raise TypeError(
TypeError: Cannot cast AnonymousUser to int. Are you trying to use it in place of User?

The above exception was the direct cause of the following exception:

Traceback (most recent call last):
  File "/Users/thulanimoyo/MEGA downloads/new downloads/BIDR_Backend/authentication_service/venv/lib/python3.10/site-packages/django/core/handlers/exception.py", line 55, in inner
    response = get_response(request)
  File "/Users/thulanimoyo/MEGA downloads/new downloads/BIDR_Backend/authentication_service/venv/lib/python3.10/site-packages/django/core/handlers/base.py", line 197, in _get_response
    response = wrapped_callback(request, *callback_args, **callback_kwargs)
  File "/Users/thulanimoyo/MEGA downloads/new downloads/BIDR_Backend/authentication_service/venv/lib/python3.10/site-packages/django/views/decorators/csrf.py", line 65, in _view_wrapper
    return view_func(request, *args, **kwargs)
  File "/Users/thulanimoyo/MEGA downloads/new downloads/BIDR_Backend/authentication_service/venv/lib/python3.10/site-packages/rest_framework/viewsets.py", line 125, in view
    return self.dispatch(request, *args, **kwargs)
  File "/Users/thulanimoyo/MEGA downloads/new downloads/BIDR_Backend/authentication_service/venv/lib/python3.10/site-packages/rest_framework/views.py", line 515, in dispatch
    response = self.handle_exception(exc)
  File "/Users/thulanimoyo/MEGA downloads/new downloads/BIDR_Backend/authentication_service/venv/lib/python3.10/site-packages/rest_framework/views.py", line 475, in handle_exception
    self.raise_uncaught_exception(exc)
  File "/Users/thulanimoyo/MEGA downloads/new downloads/BIDR_Backend/authentication_service/venv/lib/python3.10/site-packages/rest_framework/views.py", line 486, in raise_uncaught_exception
    raise exc
  File "/Users/thulanimoyo/MEGA downloads/new downloads/BIDR_Backend/authentication_service/venv/lib/python3.10/site-packages/rest_framework/views.py", line 512, in dispatch
    response = handler(request, *args, **kwargs)
  File "/Users/thulanimoyo/MEGA downloads/new downloads/BIDR_Backend/authentication_service/venv/lib/python3.10/site-packages/rest_framework/mixins.py", line 54, in retrieve
    instance = self.get_object()
  File "/Users/thulanimoyo/MEGA downloads/new downloads/BIDR_Backend/authentication_service/venv/lib/python3.10/site-packages/rest_framework/generics.py", line 87, in get_object
    queryset = self.filter_queryset(self.get_queryset())
  File "/Users/thulanimoyo/MEGA downloads/new downloads/BIDR_Backend/authentication_service/seller/views.py", line 99, in get_queryset
    queryset = queryset.filter(
  File "/Users/thulanimoyo/MEGA downloads/new downloads/BIDR_Backend/authentication_service/venv/lib/python3.10/site-packages/django/db/models/query.py", line 1493, in filter
    return self._filter_or_exclude(False, args, kwargs)
  File "/Users/thulanimoyo/MEGA downloads/new downloads/BIDR_Backend/authentication_service/venv/lib/python3.10/site-packages/django/db/models/query.py", line 1511, in _filter_or_exclude
    clone._filter_or_exclude_inplace(negate, args, kwargs)
  File "/Users/thulanimoyo/MEGA downloads/new downloads/BIDR_Backend/authentication_service/venv/lib/python3.10/site-packages/django/db/models/query.py", line 1518, in _filter_or_exclude_inplace
    self._query.add_q(Q(*args, **kwargs))
  File "/Users/thulanimoyo/MEGA downloads/new downloads/BIDR_Backend/authentication_service/venv/lib/python3.10/site-packages/django/db/models/sql/query.py", line 1646, in add_q
    clause, _ = self._add_q(q_object, can_reuse)
  File "/Users/thulanimoyo/MEGA downloads/new downloads/BIDR_Backend/authentication_service/venv/lib/python3.10/site-packages/django/db/models/sql/query.py", line 1678, in _add_q
    child_clause, needed_inner = self.build_filter(
  File "/Users/thulanimoyo/MEGA downloads/new downloads/BIDR_Backend/authentication_service/venv/lib/python3.10/site-packages/django/db/models/sql/query.py", line 1503, in build_filter
    return self._add_q(
  File "/Users/thulanimoyo/MEGA downloads/new downloads/BIDR_Backend/authentication_service/venv/lib/python3.10/site-packages/django/db/models/sql/query.py", line 1678, in _add_q
    child_clause, needed_inner = self.build_filter(
  File "/Users/thulanimoyo/MEGA downloads/new downloads/BIDR_Backend/authentication_service/venv/lib/python3.10/site-packages/django/db/models/sql/query.py", line 1588, in build_filter
    condition = self.build_lookup(lookups, col, value)
  File "/Users/thulanimoyo/MEGA downloads/new downloads/BIDR_Backend/authentication_service/venv/lib/python3.10/site-packages/django/db/models/sql/query.py", line 1415, in build_lookup
    lookup = lookup_class(lhs, rhs)
  File "/Users/thulanimoyo/MEGA downloads/new downloads/BIDR_Backend/authentication_service/venv/lib/python3.10/site-packages/django/db/models/lookups.py", line 38, in __init__
    self.rhs = self.get_prep_lookup()
  File "/Users/thulanimoyo/MEGA downloads/new downloads/BIDR_Backend/authentication_service/venv/lib/python3.10/site-packages/django/db/models/fields/related_lookups.py", line 112, in get_prep_lookup
    self.rhs = target_field.get_prep_value(self.rhs)
  File "/Users/thulanimoyo/MEGA downloads/new downloads/BIDR_Backend/authentication_service/venv/lib/python3.10/site-packages/django/db/models/fields/__init__.py", line 2130, in get_prep_value
    raise e.__class__(
TypeError: Field 'id' expected a number but got <django.contrib.auth.models.AnonymousUser object at 0x1061c1cf0>.
ERROR 2025-08-31 18:33:25,835 basehttp 16207 6192705536 "GET /api/seller/profiles/c97f2da1-810c-4f86-98b4-18b722d5eecb/ HTTP/1.1" 500 189593
ERROR 2025-08-31 18:33:26,307 log 16207 6192705536 Internal Server Error: /api/seller/profiles/c97f2da1-810c-4f86-98b4-18b722d5eecb/
Traceback (most recent call last):
  File "/Users/thulanimoyo/MEGA downloads/new downloads/BIDR_Backend/authentication_service/venv/lib/python3.10/site-packages/django/db/models/fields/__init__.py", line 2128, in get_prep_value
    return int(value)
  File "/Users/thulanimoyo/MEGA downloads/new downloads/BIDR_Backend/authentication_service/venv/lib/python3.10/site-packages/django/contrib/auth/models.py", line 549, in __int__
    raise TypeError(
TypeError: Cannot cast AnonymousUser to int. Are you trying to use it in place of User?

The above exception was the direct cause of the following exception:

Traceback (most recent call last):
  File "/Users/thulanimoyo/MEGA downloads/new downloads/BIDR_Backend/authentication_service/venv/lib/python3.10/site-packages/django/core/handlers/exception.py", line 55, in inner
    response = get_response(request)
  File "/Users/thulanimoyo/MEGA downloads/new downloads/BIDR_Backend/authentication_service/venv/lib/python3.10/site-packages/django/core/handlers/base.py", line 197, in _get_response
    response = wrapped_callback(request, *callback_args, **callback_kwargs)
  File "/Users/thulanimoyo/MEGA downloads/new downloads/BIDR_Backend/authentication_service/venv/lib/python3.10/site-packages/django/views/decorators/csrf.py", line 65, in _view_wrapper
    return view_func(request, *args, **kwargs)
  File "/Users/thulanimoyo/MEGA downloads/new downloads/BIDR_Backend/authentication_service/venv/lib/python3.10/site-packages/rest_framework/viewsets.py", line 125, in view
    return self.dispatch(request, *args, **kwargs)
  File "/Users/thulanimoyo/MEGA downloads/new downloads/BIDR_Backend/authentication_service/venv/lib/python3.10/site-packages/rest_framework/views.py", line 515, in dispatch
    response = self.handle_exception(exc)
  File "/Users/thulanimoyo/MEGA downloads/new downloads/BIDR_Backend/authentication_service/venv/lib/python3.10/site-packages/rest_framework/views.py", line 475, in handle_exception
    self.raise_uncaught_exception(exc)
  File "/Users/thulanimoyo/MEGA downloads/new downloads/BIDR_Backend/authentication_service/venv/lib/python3.10/site-packages/rest_framework/views.py", line 486, in raise_uncaught_exception
    raise exc
  File "/Users/thulanimoyo/MEGA downloads/new downloads/BIDR_Backend/authentication_service/venv/lib/python3.10/site-packages/rest_framework/views.py", line 512, in dispatch
    response = handler(request, *args, **kwargs)
  File "/Users/thulanimoyo/MEGA downloads/new downloads/BIDR_Backend/authentication_service/venv/lib/python3.10/site-packages/rest_framework/mixins.py", line 54, in retrieve
    instance = self.get_object()
  File "/Users/thulanimoyo/MEGA downloads/new downloads/BIDR_Backend/authentication_service/venv/lib/python3.10/site-packages/rest_framework/generics.py", line 87, in get_object
    queryset = self.filter_queryset(self.get_queryset())
  File "/Users/thulanimoyo/MEGA downloads/new downloads/BIDR_Backend/authentication_service/seller/views.py", line 99, in get_queryset
    queryset = queryset.filter(
  File "/Users/thulanimoyo/MEGA downloads/new downloads/BIDR_Backend/authentication_service/venv/lib/python3.10/site-packages/django/db/models/query.py", line 1493, in filter
    return self._filter_or_exclude(False, args, kwargs)
  File "/Users/thulanimoyo/MEGA downloads/new downloads/BIDR_Backend/authentication_service/venv/lib/python3.10/site-packages/django/db/models/query.py", line 1511, in _filter_or_exclude
    clone._filter_or_exclude_inplace(negate, args, kwargs)
  File "/Users/thulanimoyo/MEGA downloads/new downloads/BIDR_Backend/authentication_service/venv/lib/python3.10/site-packages/django/db/models/query.py", line 1518, in _filter_or_exclude_inplace
    self._query.add_q(Q(*args, **kwargs))
  File "/Users/thulanimoyo/MEGA downloads/new downloads/BIDR_Backend/authentication_service/venv/lib/python3.10/site-packages/django/db/models/sql/query.py", line 1646, in add_q
    clause, _ = self._add_q(q_object, can_reuse)
  File "/Users/thulanimoyo/MEGA downloads/new downloads/BIDR_Backend/authentication_service/venv/lib/python3.10/site-packages/django/db/models/sql/query.py", line 1678, in _add_q
    child_clause, needed_inner = self.build_filter(
  File "/Users/thulanimoyo/MEGA downloads/new downloads/BIDR_Backend/authentication_service/venv/lib/python3.10/site-packages/django/db/models/sql/query.py", line 1503, in build_filter
    return self._add_q(
  File "/Users/thulanimoyo/MEGA downloads/new downloads/BIDR_Backend/authentication_service/venv/lib/python3.10/site-packages/django/db/models/sql/query.py", line 1678, in _add_q
    child_clause, needed_inner = self.build_filter(
  File "/Users/thulanimoyo/MEGA downloads/new downloads/BIDR_Backend/authentication_service/venv/lib/python3.10/site-packages/django/db/models/sql/query.py", line 1588, in build_filter
    condition = self.build_lookup(lookups, col, value)
  File "/Users/thulanimoyo/MEGA downloads/new downloads/BIDR_Backend/authentication_service/venv/lib/python3.10/site-packages/django/db/models/sql/query.py", line 1415, in build_lookup
    lookup = lookup_class(lhs, rhs)
  File "/Users/thulanimoyo/MEGA downloads/new downloads/BIDR_Backend/authentication_service/venv/lib/python3.10/site-packages/django/db/models/lookups.py", line 38, in __init__
    self.rhs = self.get_prep_lookup()
  File "/Users/thulanimoyo/MEGA downloads/new downloads/BIDR_Backend/authentication_service/venv/lib/python3.10/site-packages/django/db/models/fields/related_lookups.py", line 112, in get_prep_lookup
    self.rhs = target_field.get_prep_value(self.rhs)
  File "/Users/thulanimoyo/MEGA downloads/new downloads/BIDR_Backend/authentication_service/venv/lib/python3.10/site-packages/django/db/models/fields/__init__.py", line 2130, in get_prep_value
    raise e.__class__(
TypeError: Field 'id' expected a number but got <django.contrib.auth.models.AnonymousUser object at 0x106159840>.
ERROR 2025-08-31 18:33:26,308 basehttp 16207 6192705536 "GET /api/seller/profiles/c97f2da1-810c-4f86-98b4-18b722d5eecb/ HTTP/1.1" 500 189593
ERROR 2025-08-31 18:33:26,868 log 16207 6192705536 Internal Server Error: /api/seller/profiles/c97f2da1-810c-4f86-98b4-18b722d5eecb/
Traceback (most recent call last):
  File "/Users/thulanimoyo/MEGA downloads/new downloads/BIDR_Backend/authentication_service/venv/lib/python3.10/site-packages/django/db/models/fields/__init__.py", line 2128, in get_prep_value
    return int(value)
  File "/Users/thulanimoyo/MEGA downloads/new downloads/BIDR_Backend/authentication_service/venv/lib/python3.10/site-packages/django/contrib/auth/models.py", line 549, in __int__
    raise TypeError(
TypeError: Cannot cast AnonymousUser to int. Are you trying to use it in place of User?

The above exception was the direct cause of the following exception:

Traceback (most recent call last):
  File "/Users/thulanimoyo/MEGA downloads/new downloads/BIDR_Backend/authentication_service/venv/lib/python3.10/site-packages/django/core/handlers/exception.py", line 55, in inner
    response = get_response(request)
  File "/Users/thulanimoyo/MEGA downloads/new downloads/BIDR_Backend/authentication_service/venv/lib/python3.10/site-packages/django/core/handlers/base.py", line 197, in _get_response
    response = wrapped_callback(request, *callback_args, **callback_kwargs)
  File "/Users/thulanimoyo/MEGA downloads/new downloads/BIDR_Backend/authentication_service/venv/lib/python3.10/site-packages/django/views/decorators/csrf.py", line 65, in _view_wrapper
    return view_func(request, *args, **kwargs)
  File "/Users/thulanimoyo/MEGA downloads/new downloads/BIDR_Backend/authentication_service/venv/lib/python3.10/site-packages/rest_framework/viewsets.py", line 125, in view
    return self.dispatch(request, *args, **kwargs)
  File "/Users/thulanimoyo/MEGA downloads/new downloads/BIDR_Backend/authentication_service/venv/lib/python3.10/site-packages/rest_framework/views.py", line 515, in dispatch
    response = self.handle_exception(exc)
  File "/Users/thulanimoyo/MEGA downloads/new downloads/BIDR_Backend/authentication_service/venv/lib/python3.10/site-packages/rest_framework/views.py", line 475, in handle_exception
    self.raise_uncaught_exception(exc)
  File "/Users/thulanimoyo/MEGA downloads/new downloads/BIDR_Backend/authentication_service/venv/lib/python3.10/site-packages/rest_framework/views.py", line 486, in raise_uncaught_exception
    raise exc
  File "/Users/thulanimoyo/MEGA downloads/new downloads/BIDR_Backend/authentication_service/venv/lib/python3.10/site-packages/rest_framework/views.py", line 512, in dispatch
    response = handler(request, *args, **kwargs)
  File "/Users/thulanimoyo/MEGA downloads/new downloads/BIDR_Backend/authentication_service/venv/lib/python3.10/site-packages/rest_framework/mixins.py", line 54, in retrieve
    instance = self.get_object()
  File "/Users/thulanimoyo/MEGA downloads/new downloads/BIDR_Backend/authentication_service/venv/lib/python3.10/site-packages/rest_framework/generics.py", line 87, in get_object
    queryset = self.filter_queryset(self.get_queryset())
  File "/Users/thulanimoyo/MEGA downloads/new downloads/BIDR_Backend/authentication_service/seller/views.py", line 99, in get_queryset
    queryset = queryset.filter(
  File "/Users/thulanimoyo/MEGA downloads/new downloads/BIDR_Backend/authentication_service/venv/lib/python3.10/site-packages/django/db/models/query.py", line 1493, in filter
    return self._filter_or_exclude(False, args, kwargs)
  File "/Users/thulanimoyo/MEGA downloads/new downloads/BIDR_Backend/authentication_service/venv/lib/python3.10/site-packages/django/db/models/query.py", line 1511, in _filter_or_exclude
    clone._filter_or_exclude_inplace(negate, args, kwargs)
  File "/Users/thulanimoyo/MEGA downloads/new downloads/BIDR_Backend/authentication_service/venv/lib/python3.10/site-packages/django/db/models/query.py", line 1518, in _filter_or_exclude_inplace
    self._query.add_q(Q(*args, **kwargs))
  File "/Users/thulanimoyo/MEGA downloads/new downloads/BIDR_Backend/authentication_service/venv/lib/python3.10/site-packages/django/db/models/sql/query.py", line 1646, in add_q
    clause, _ = self._add_q(q_object, can_reuse)
  File "/Users/thulanimoyo/MEGA downloads/new downloads/BIDR_Backend/authentication_service/venv/lib/python3.10/site-packages/django/db/models/sql/query.py", line 1678, in _add_q
    child_clause, needed_inner = self.build_filter(
  File "/Users/thulanimoyo/MEGA downloads/new downloads/BIDR_Backend/authentication_service/venv/lib/python3.10/site-packages/django/db/models/sql/query.py", line 1503, in build_filter
    return self._add_q(
  File "/Users/thulanimoyo/MEGA downloads/new downloads/BIDR_Backend/authentication_service/venv/lib/python3.10/site-packages/django/db/models/sql/query.py", line 1678, in _add_q
    child_clause, needed_inner = self.build_filter(
  File "/Users/thulanimoyo/MEGA downloads/new downloads/BIDR_Backend/authentication_service/venv/lib/python3.10/site-packages/django/db/models/sql/query.py", line 1588, in build_filter
    condition = self.build_lookup(lookups, col, value)
  File "/Users/thulanimoyo/MEGA downloads/new downloads/BIDR_Backend/authentication_service/venv/lib/python3.10/site-packages/django/db/models/sql/query.py", line 1415, in build_lookup
    lookup = lookup_class(lhs, rhs)
  File "/Users/thulanimoyo/MEGA downloads/new downloads/BIDR_Backend/authentication_service/venv/lib/python3.10/site-packages/django/db/models/lookups.py", line 38, in __init__
    self.rhs = self.get_prep_lookup()
  File "/Users/thulanimoyo/MEGA downloads/new downloads/BIDR_Backend/authentication_service/venv/lib/python3.10/site-packages/django/db/models/fields/related_lookups.py", line 112, in get_prep_lookup
    self.rhs = target_field.get_prep_value(self.rhs)
  File "/Users/thulanimoyo/MEGA downloads/new downloads/BIDR_Backend/authentication_service/venv/lib/python3.10/site-packages/django/db/models/fields/__init__.py", line 2130, in get_prep_value
    raise e.__class__(
TypeError: Field 'id' expected a number but got <django.contrib.auth.models.AnonymousUser object at 0x11106fcd0>.
ERROR 2025-08-31 18:33:26,869 basehttp 16207 6192705536 "GET /api/seller/profiles/c97f2da1-810c-4f86-98b4-18b722d5eecb/ HTTP/1.1" 500 189593
ERROR 2025-08-31 18:33:27,596 log 16207 6192705536 Internal Server Error: /api/seller/profiles/c97f2da1-810c-4f86-98b4-18b722d5eecb/
Traceback (most recent call last):
  File "/Users/thulanimoyo/MEGA downloads/new downloads/BIDR_Backend/authentication_service/venv/lib/python3.10/site-packages/django/db/models/fields/__init__.py", line 2128, in get_prep_value
    return int(value)
  File "/Users/thulanimoyo/MEGA downloads/new downloads/BIDR_Backend/authentication_service/venv/lib/python3.10/site-packages/django/contrib/auth/models.py", line 549, in __int__
    raise TypeError(
TypeError: Cannot cast AnonymousUser to int. Are you trying to use it in place of User?

The above exception was the direct cause of the following exception:

Traceback (most recent call last):
  File "/Users/thulanimoyo/MEGA downloads/new downloads/BIDR_Backend/authentication_service/venv/lib/python3.10/site-packages/django/core/handlers/exception.py", line 55, in inner
    response = get_response(request)
  File "/Users/thulanimoyo/MEGA downloads/new downloads/BIDR_Backend/authentication_service/venv/lib/python3.10/site-packages/django/core/handlers/base.py", line 197, in _get_response
    response = wrapped_callback(request, *callback_args, **callback_kwargs)
  File "/Users/thulanimoyo/MEGA downloads/new downloads/BIDR_Backend/authentication_service/venv/lib/python3.10/site-packages/django/views/decorators/csrf.py", line 65, in _view_wrapper
    return view_func(request, *args, **kwargs)
  File "/Users/thulanimoyo/MEGA downloads/new downloads/BIDR_Backend/authentication_service/venv/lib/python3.10/site-packages/rest_framework/viewsets.py", line 125, in view
    return self.dispatch(request, *args, **kwargs)
  File "/Users/thulanimoyo/MEGA downloads/new downloads/BIDR_Backend/authentication_service/venv/lib/python3.10/site-packages/rest_framework/views.py", line 515, in dispatch
    response = self.handle_exception(exc)
  File "/Users/thulanimoyo/MEGA downloads/new downloads/BIDR_Backend/authentication_service/venv/lib/python3.10/site-packages/rest_framework/views.py", line 475, in handle_exception
    self.raise_uncaught_exception(exc)
  File "/Users/thulanimoyo/MEGA downloads/new downloads/BIDR_Backend/authentication_service/venv/lib/python3.10/site-packages/rest_framework/views.py", line 486, in raise_uncaught_exception
    raise exc
  File "/Users/thulanimoyo/MEGA downloads/new downloads/BIDR_Backend/authentication_service/venv/lib/python3.10/site-packages/rest_framework/views.py", line 512, in dispatch
    response = handler(request, *args, **kwargs)
  File "/Users/thulanimoyo/MEGA downloads/new downloads/BIDR_Backend/authentication_service/venv/lib/python3.10/site-packages/rest_framework/mixins.py", line 54, in retrieve
    instance = self.get_object()
  File "/Users/thulanimoyo/MEGA downloads/new downloads/BIDR_Backend/authentication_service/venv/lib/python3.10/site-packages/rest_framework/generics.py", line 87, in get_object
    queryset = self.filter_queryset(self.get_queryset())
  File "/Users/thulanimoyo/MEGA downloads/new downloads/BIDR_Backend/authentication_service/seller/views.py", line 99, in get_queryset
    queryset = queryset.filter(
  File "/Users/thulanimoyo/MEGA downloads/new downloads/BIDR_Backend/authentication_service/venv/lib/python3.10/site-packages/django/db/models/query.py", line 1493, in filter
    return self._filter_or_exclude(False, args, kwargs)
  File "/Users/thulanimoyo/MEGA downloads/new downloads/BIDR_Backend/authentication_service/venv/lib/python3.10/site-packages/django/db/models/query.py", line 1511, in _filter_or_exclude
    clone._filter_or_exclude_inplace(negate, args, kwargs)
  File "/Users/thulanimoyo/MEGA downloads/new downloads/BIDR_Backend/authentication_service/venv/lib/python3.10/site-packages/django/db/models/query.py", line 1518, in _filter_or_exclude_inplace
    self._query.add_q(Q(*args, **kwargs))
  File "/Users/thulanimoyo/MEGA downloads/new downloads/BIDR_Backend/authentication_service/venv/lib/python3.10/site-packages/django/db/models/sql/query.py", line 1646, in add_q
    clause, _ = self._add_q(q_object, can_reuse)
  File "/Users/thulanimoyo/MEGA downloads/new downloads/BIDR_Backend/authentication_service/venv/lib/python3.10/site-packages/django/db/models/sql/query.py", line 1678, in _add_q
    child_clause, needed_inner = self.build_filter(
  File "/Users/thulanimoyo/MEGA downloads/new downloads/BIDR_Backend/authentication_service/venv/lib/python3.10/site-packages/django/db/models/sql/query.py", line 1503, in build_filter
    return self._add_q(
  File "/Users/thulanimoyo/MEGA downloads/new downloads/BIDR_Backend/authentication_service/venv/lib/python3.10/site-packages/django/db/models/sql/query.py", line 1678, in _add_q
    child_clause, needed_inner = self.build_filter(
  File "/Users/thulanimoyo/MEGA downloads/new downloads/BIDR_Backend/authentication_service/venv/lib/python3.10/site-packages/django/db/models/sql/query.py", line 1588, in build_filter
    condition = self.build_lookup(lookups, col, value)
  File "/Users/thulanimoyo/MEGA downloads/new downloads/BIDR_Backend/authentication_service/venv/lib/python3.10/site-packages/django/db/models/sql/query.py", line 1415, in build_lookup
    lookup = lookup_class(lhs, rhs)
  File "/Users/thulanimoyo/MEGA downloads/new downloads/BIDR_Backend/authentication_service/venv/lib/python3.10/site-packages/django/db/models/lookups.py", line 38, in __init__
    self.rhs = self.get_prep_lookup()
  File "/Users/thulanimoyo/MEGA downloads/new downloads/BIDR_Backend/authentication_service/venv/lib/python3.10/site-packages/django/db/models/fields/related_lookups.py", line 112, in get_prep_lookup
    self.rhs = target_field.get_prep_value(self.rhs)
  File "/Users/thulanimoyo/MEGA downloads/new downloads/BIDR_Backend/authentication_service/venv/lib/python3.10/site-packages/django/db/models/fields/__init__.py", line 2130, in get_prep_value
    raise e.__class__(
TypeError: Field 'id' expected a number but got <django.contrib.auth.models.AnonymousUser object at 0x1060dd000>.
ERROR 2025-08-31 18:33:27,596 basehttp 16207 6192705536 "GET /api/seller/profiles/c97f2da1-810c-4f86-98b4-18b722d5eecb/ HTTP/1.1" 500 189593
INFO 2025-08-31 18:35:01,894 autoreload 16207 8333493696 /Users/thulanimoyo/MEGA downloads/new downloads/BIDR_Backend/authentication_service/seller/views.py changed, reloading.
INFO 2025-08-31 18:35:02,515 autoreload 89583 8333493696 Watching for file changes with StatReloader
WARNING 2025-08-31 18:35:08,038 log 89583 6203387904 Not Found: /api/seller/profiles/c97f2da1-810c-4f86-98b4-18b722d5eecb/
WARNING 2025-08-31 18:35:08,038 basehttp 89583 6203387904 "GET /api/seller/profiles/c97f2da1-810c-4f86-98b4-18b722d5eecb/ HTTP/1.1" 404 54
WARNING 2025-08-31 18:35:11,913 log 89583 6203387904 Not Found: /api/seller/profiles/c97f2da1-810c-4f86-98b4-18b722d5eecb/
WARNING 2025-08-31 18:35:11,913 basehttp 89583 6203387904 "GET /api/seller/profiles/c97f2da1-810c-4f86-98b4-18b722d5eecb/ HTTP/1.1" 404 54
INFO 2025-08-31 18:35:29,282 basehttp 89583 6237040640 "GET /api/seller/profiles/by-auth-user-uid/c97f2da1-810c-4f86-98b4-18b722d5eecb/ HTTP/1.1" 200 1197
INFO 2025-08-31 18:35:39,444 basehttp 89583 6237040640 "GET /api/seller/profiles/by-auth-user-uid/c97f2da1-810c-4f86-98b4-18b722d5eecb/ HTTP/1.1" 200 1197
INFO 2025-08-31 18:35:40,958 basehttp 89583 6237040640 "GET /api/seller/profiles/by-auth-user-uid/c97f2da1-810c-4f86-98b4-18b722d5eecb/ HTTP/1.1" 200 1197
INFO 2025-08-31 18:37:10,974 basehttp 89583 6237040640 "GET /api/seller/profiles/by-auth-user-uid/c97f2da1-810c-4f86-98b4-18b722d5eecb/ HTTP/1.1" 200 1197
INFO 2025-08-31 18:37:10,974 basehttp 89583 6253867008 "GET /api/seller/profiles/by-auth-user-uid/c97f2da1-810c-4f86-98b4-18b722d5eecb/ HTTP/1.1" 200 1197
INFO 2025-08-31 18:37:12,548 basehttp 89583 6237040640 "GET /api/seller/profiles/by-auth-user-uid/c97f2da1-810c-4f86-98b4-18b722d5eecb/ HTTP/1.1" 200 1197
INFO 2025-08-31 18:37:16,595 basehttp 89583 6237040640 "GET /api/seller/profiles/by-auth-user-uid/c97f2da1-810c-4f86-98b4-18b722d5eecb/ HTTP/1.1" 200 1197
INFO 2025-08-31 18:37:24,081 basehttp 89583 6237040640 "GET /api/seller/profiles/by-auth-user-uid/c97f2da1-810c-4f86-98b4-18b722d5eecb/ HTTP/1.1" 200 1197
INFO 2025-08-31 18:37:52,712 basehttp 89583 6237040640 "GET /api/seller/profiles/by-auth-user-uid/c97f2da1-810c-4f86-98b4-18b722d5eecb/ HTTP/1.1" 200 1197
INFO 2025-08-31 18:38:05,254 basehttp 89583 6237040640 "GET /api/seller/profiles/by-auth-user-uid/c97f2da1-810c-4f86-98b4-18b722d5eecb/ HTTP/1.1" 200 1197
INFO 2025-08-31 18:41:09,577 basehttp 89583 6220214272 "GET /api/seller/profiles/by-auth-user-uid/c97f2da1-810c-4f86-98b4-18b722d5eecb/ HTTP/1.1" 200 1197
INFO 2025-08-31 18:41:35,610 basehttp 89583 6220214272 "GET /api/seller/profiles/by-auth-user-uid/c97f2da1-810c-4f86-98b4-18b722d5eecb/ HTTP/1.1" 200 1197
INFO 2025-08-31 18:41:39,241 basehttp 89583 6220214272 "GET /api/seller/profiles/by-auth-user-uid/c97f2da1-810c-4f86-98b4-18b722d5eecb/ HTTP/1.1" 200 1197
INFO 2025-08-31 18:42:39,230 basehttp 89583 6220214272 "GET /api/seller/profiles/by-auth-user-uid/c97f2da1-810c-4f86-98b4-18b722d5eecb/ HTTP/1.1" 200 1197
INFO 2025-08-31 18:42:39,230 basehttp 89583 6237040640 "GET /api/seller/profiles/by-auth-user-uid/c97f2da1-810c-4f86-98b4-18b722d5eecb/ HTTP/1.1" 200 1197
INFO 2025-08-31 18:42:40,846 basehttp 89583 6220214272 "GET /api/seller/profiles/by-auth-user-uid/c97f2da1-810c-4f86-98b4-18b722d5eecb/ HTTP/1.1" 200 1197
INFO 2025-08-31 18:42:43,692 basehttp 89583 6220214272 "GET /api/seller/profiles/by-auth-user-uid/c97f2da1-810c-4f86-98b4-18b722d5eecb/ HTTP/1.1" 200 1197
INFO 2025-08-31 18:48:09,041 basehttp 89583 6220214272 "GET /api/seller/profiles/by-auth-user-uid/c97f2da1-810c-4f86-98b4-18b722d5eecb/ HTTP/1.1" 200 1197
INFO 2025-08-31 18:48:09,041 basehttp 89583 6203387904 "GET /api/seller/profiles/by-auth-user-uid/c97f2da1-810c-4f86-98b4-18b722d5eecb/ HTTP/1.1" 200 1197
INFO 2025-08-31 18:48:10,768 basehttp 89583 6203387904 "GET /api/seller/profiles/by-auth-user-uid/c97f2da1-810c-4f86-98b4-18b722d5eecb/ HTTP/1.1" 200 1197
INFO 2025-08-31 18:48:13,191 basehttp 89583 6203387904 "GET /api/seller/profiles/by-auth-user-uid/c97f2da1-810c-4f86-98b4-18b722d5eecb/ HTTP/1.1" 200 1197
INFO 2025-08-31 18:50:39,360 basehttp 89583 6203387904 "GET /api/seller/profiles/by-auth-user-uid/c97f2da1-810c-4f86-98b4-18b722d5eecb/ HTTP/1.1" 200 1197
INFO 2025-08-31 18:50:39,642 basehttp 89583 6203387904 "GET /api/seller/profiles/by-auth-user-uid/c97f2da1-810c-4f86-98b4-18b722d5eecb/ HTTP/1.1" 200 1197
INFO 2025-08-31 18:55:08,087 basehttp 89583 6220214272 "GET /api/seller/profiles/by-auth-user-uid/c97f2da1-810c-4f86-98b4-18b722d5eecb/ HTTP/1.1" 200 1197
INFO 2025-08-31 18:55:08,087 basehttp 89583 6203387904 "GET /api/seller/profiles/by-auth-user-uid/c97f2da1-810c-4f86-98b4-18b722d5eecb/ HTTP/1.1" 200 1197
INFO 2025-08-31 18:55:09,827 basehttp 89583 6203387904 "GET /api/seller/profiles/by-auth-user-uid/c97f2da1-810c-4f86-98b4-18b722d5eecb/ HTTP/1.1" 200 1197
INFO 2025-08-31 18:55:11,496 basehttp 89583 6203387904 "GET /api/seller/profiles/by-auth-user-uid/c97f2da1-810c-4f86-98b4-18b722d5eecb/ HTTP/1.1" 200 1197
INFO 2025-08-31 18:55:56,409 basehttp 89583 6203387904 "GET /api/seller/profiles/by-auth-user-uid/c97f2da1-810c-4f86-98b4-18b722d5eecb/ HTTP/1.1" 200 1197
INFO 2025-08-31 18:59:31,387 basehttp 89583 6203387904 "GET /api/seller/profiles/by-auth-user-uid/c97f2da1-810c-4f86-98b4-18b722d5eecb/ HTTP/1.1" 200 1197
INFO 2025-08-31 18:59:32,979 basehttp 89583 6203387904 "GET /api/seller/profiles/by-auth-user-uid/c97f2da1-810c-4f86-98b4-18b722d5eecb/ HTTP/1.1" 200 1197
INFO 2025-08-31 19:01:11,836 basehttp 89583 6220214272 "GET /api/seller/profiles/by-auth-user-uid/c97f2da1-810c-4f86-98b4-18b722d5eecb/ HTTP/1.1" 200 1197
INFO 2025-08-31 19:01:11,838 basehttp 89583 6203387904 "GET /api/seller/profiles/by-auth-user-uid/c97f2da1-810c-4f86-98b4-18b722d5eecb/ HTTP/1.1" 200 1197
WARNING 2025-08-31 19:02:08,675 log 89583 6203387904 Not Found: /api/sellers/c97f2da1-810c-4f86-98b4-18b722d5eecb/
WARNING 2025-08-31 19:02:08,675 basehttp 89583 6203387904 "GET /api/sellers/c97f2da1-810c-4f86-98b4-18b722d5eecb/ HTTP/1.1" 404 8022
INFO 2025-08-31 19:03:51,423 basehttp 89583 6237040640 "GET /api/seller/profiles/by-auth-user-uid/c97f2da1-810c-4f86-98b4-18b722d5eecb/ HTTP/1.1" 200 1197
INFO 2025-08-31 19:03:53,418 basehttp 89583 6237040640 "GET /api/seller/profiles/by-auth-user-uid/c97f2da1-810c-4f86-98b4-18b722d5eecb/ HTTP/1.1" 200 1197
INFO 2025-08-31 19:05:14,955 basehttp 89583 6203387904 "GET /api/seller/profiles/by-auth-user-uid/c97f2da1-810c-4f86-98b4-18b722d5eecb/ HTTP/1.1" 200 1197
INFO 2025-08-31 19:05:16,900 basehttp 89583 6203387904 "GET /api/seller/profiles/by-auth-user-uid/c97f2da1-810c-4f86-98b4-18b722d5eecb/ HTTP/1.1" 200 1197
INFO 2025-08-31 19:05:37,890 basehttp 89583 6203387904 "GET /api/seller/profiles/by-auth-user-uid/c97f2da1-810c-4f86-98b4-18b722d5eecb/ HTTP/1.1" 200 1197
INFO 2025-08-31 19:05:39,364 basehttp 89583 6203387904 "GET /api/seller/profiles/by-auth-user-uid/c97f2da1-810c-4f86-98b4-18b722d5eecb/ HTTP/1.1" 200 1197
INFO 2025-08-31 19:09:05,795 basehttp 89583 6203387904 "GET /api/seller/profiles/by-auth-user-uid/c97f2da1-810c-4f86-98b4-18b722d5eecb/ HTTP/1.1" 200 1197
INFO 2025-08-31 19:09:05,795 basehttp 89583 6220214272 "GET /api/seller/profiles/by-auth-user-uid/c97f2da1-810c-4f86-98b4-18b722d5eecb/ HTTP/1.1" 200 1197
INFO 2025-08-31 19:09:07,402 basehttp 89583 6203387904 "GET /api/seller/profiles/by-auth-user-uid/c97f2da1-810c-4f86-98b4-18b722d5eecb/ HTTP/1.1" 200 1197
INFO 2025-08-31 19:09:25,398 basehttp 89583 6203387904 "GET /api/seller/profiles/by-auth-user-uid/c97f2da1-810c-4f86-98b4-18b722d5eecb/ HTTP/1.1" 200 1197
INFO 2025-08-31 19:09:36,657 basehttp 89583 6203387904 "GET /api/seller/profiles/by-auth-user-uid/c97f2da1-810c-4f86-98b4-18b722d5eecb/ HTTP/1.1" 200 1197
INFO 2025-08-31 19:09:38,322 basehttp 89583 6203387904 "GET /api/seller/profiles/by-auth-user-uid/c97f2da1-810c-4f86-98b4-18b722d5eecb/ HTTP/1.1" 200 1197
INFO 2025-08-31 19:11:16,309 basehttp 89583 6203387904 "GET /api/seller/profiles/by-auth-user-uid/c97f2da1-810c-4f86-98b4-18b722d5eecb/ HTTP/1.1" 200 1197
INFO 2025-08-31 19:11:18,951 basehttp 89583 6203387904 "GET /api/seller/profiles/by-auth-user-uid/c97f2da1-810c-4f86-98b4-18b722d5eecb/ HTTP/1.1" 200 1197
INFO 2025-08-31 19:15:18,340 basehttp 89583 6203387904 "GET /api/seller/profiles/by-auth-user-uid/c97f2da1-810c-4f86-98b4-18b722d5eecb/ HTTP/1.1" 200 1197
INFO 2025-08-31 19:15:18,343 basehttp 89583 6220214272 "GET /api/seller/profiles/by-auth-user-uid/c97f2da1-810c-4f86-98b4-18b722d5eecb/ HTTP/1.1" 200 1197
INFO 2025-08-31 19:15:19,207 basehttp 89583 6203387904 "GET /api/seller/profiles/by-auth-user-uid/c97f2da1-810c-4f86-98b4-18b722d5eecb/ HTTP/1.1" 200 1197
INFO 2025-08-31 19:20:52,133 basehttp 89583 6203387904 "GET /api/seller/profiles/by-auth-user-uid/c97f2da1-810c-4f86-98b4-18b722d5eecb/ HTTP/1.1" 200 1197
INFO 2025-08-31 19:20:52,140 basehttp 89583 6220214272 "GET /api/seller/profiles/by-auth-user-uid/c97f2da1-810c-4f86-98b4-18b722d5eecb/ HTTP/1.1" 200 1197
INFO 2025-08-31 19:20:53,397 basehttp 89583 6203387904 "GET /api/seller/profiles/by-auth-user-uid/c97f2da1-810c-4f86-98b4-18b722d5eecb/ HTTP/1.1" 200 1197
INFO 2025-08-31 19:20:57,301 basehttp 89583 6203387904 "GET /api/seller/profiles/by-auth-user-uid/c97f2da1-810c-4f86-98b4-18b722d5eecb/ HTTP/1.1" 200 1197
INFO 2025-08-31 19:22:41,016 basehttp 89583 6203387904 "GET /api/seller/profiles/by-auth-user-uid/c97f2da1-810c-4f86-98b4-18b722d5eecb/ HTTP/1.1" 200 1197
INFO 2025-08-31 19:22:42,284 basehttp 89583 6203387904 "GET /api/seller/profiles/by-auth-user-uid/c97f2da1-810c-4f86-98b4-18b722d5eecb/ HTTP/1.1" 200 1197
INFO 2025-08-31 19:25:15,684 basehttp 89583 6203387904 "GET /api/seller/profiles/by-auth-user-uid/c97f2da1-810c-4f86-98b4-18b722d5eecb/ HTTP/1.1" 200 1197
INFO 2025-08-31 19:25:16,954 basehttp 89583 6203387904 "GET /api/seller/profiles/by-auth-user-uid/c97f2da1-810c-4f86-98b4-18b722d5eecb/ HTTP/1.1" 200 1197
INFO 2025-08-31 19:25:28,192 basehttp 89583 6203387904 "GET /api/seller/profiles/by-auth-user-uid/c97f2da1-810c-4f86-98b4-18b722d5eecb/ HTTP/1.1" 200 1197
INFO 2025-08-31 19:25:36,255 basehttp 89583 6203387904 "GET /api/seller/profiles/by-auth-user-uid/c97f2da1-810c-4f86-98b4-18b722d5eecb/ HTTP/1.1" 200 1197
INFO 2025-08-31 19:25:37,660 basehttp 89583 6203387904 "GET /api/seller/profiles/by-auth-user-uid/c97f2da1-810c-4f86-98b4-18b722d5eecb/ HTTP/1.1" 200 1197
INFO 2025-08-31 19:27:53,706 basehttp 89583 6203387904 "GET /api/seller/profiles/by-auth-user-uid/c97f2da1-810c-4f86-98b4-18b722d5eecb/ HTTP/1.1" 200 1197
INFO 2025-08-31 19:27:53,708 basehttp 89583 6220214272 "GET /api/seller/profiles/by-auth-user-uid/c97f2da1-810c-4f86-98b4-18b722d5eecb/ HTTP/1.1" 200 1197
INFO 2025-08-31 19:29:45,237 basehttp 89583 6203387904 "GET /api/seller/profiles/by-auth-user-uid/c97f2da1-810c-4f86-98b4-18b722d5eecb/ HTTP/1.1" 200 1197
INFO 2025-08-31 19:29:46,922 basehttp 89583 6203387904 "GET /api/seller/profiles/by-auth-user-uid/c97f2da1-810c-4f86-98b4-18b722d5eecb/ HTTP/1.1" 200 1197
INFO 2025-08-31 19:38:09,841 basehttp 89583 6220214272 "GET /api/seller/profiles/by-auth-user-uid/c97f2da1-810c-4f86-98b4-18b722d5eecb/ HTTP/1.1" 200 1197
INFO 2025-08-31 19:38:09,843 basehttp 89583 6203387904 "GET /api/seller/profiles/by-auth-user-uid/c97f2da1-810c-4f86-98b4-18b722d5eecb/ HTTP/1.1" 200 1197
INFO 2025-08-31 19:38:11,689 basehttp 89583 6203387904 "GET /api/seller/profiles/by-auth-user-uid/c97f2da1-810c-4f86-98b4-18b722d5eecb/ HTTP/1.1" 200 1197
INFO 2025-08-31 19:38:16,542 basehttp 89583 6203387904 "GET /api/seller/profiles/by-auth-user-uid/c97f2da1-810c-4f86-98b4-18b722d5eecb/ HTTP/1.1" 200 1197
INFO 2025-08-31 19:38:42,534 basehttp 89583 6203387904 "GET /api/seller/profiles/by-auth-user-uid/c97f2da1-810c-4f86-98b4-18b722d5eecb/ HTTP/1.1" 200 1197
INFO 2025-08-31 19:38:57,347 basehttp 89583 6203387904 "GET /api/seller/profiles/by-auth-user-uid/c97f2da1-810c-4f86-98b4-18b722d5eecb/ HTTP/1.1" 200 1197
INFO 2025-08-31 19:38:59,616 basehttp 89583 6203387904 "GET /api/seller/profiles/by-auth-user-uid/c97f2da1-810c-4f86-98b4-18b722d5eecb/ HTTP/1.1" 200 1197
INFO 2025-08-31 19:39:33,523 basehttp 89583 6203387904 "GET /api/seller/profiles/by-auth-user-uid/c97f2da1-810c-4f86-98b4-18b722d5eecb/ HTTP/1.1" 200 1197
INFO 2025-08-31 19:39:40,391 basehttp 89583 6203387904 "GET /api/seller/profiles/by-auth-user-uid/c97f2da1-810c-4f86-98b4-18b722d5eecb/ HTTP/1.1" 200 1197
INFO 2025-08-31 19:40:29,175 basehttp 89583 6203387904 "GET /api/seller/profiles/by-auth-user-uid/c97f2da1-810c-4f86-98b4-18b722d5eecb/ HTTP/1.1" 200 1197
INFO 2025-08-31 20:09:46,986 basehttp 89583 6203387904 "OPTIONS /login/ HTTP/1.1" 200 0
INFO 2025-08-31 20:09:47,284 basehttp 89583 6203387904 "POST /login/ HTTP/1.1" 200 991
INFO 2025-08-31 20:10:37,141 basehttp 89583 6203387904 "OPTIONS /login/ HTTP/1.1" 200 0
INFO 2025-08-31 20:10:37,272 basehttp 89583 6203387904 "POST /login/ HTTP/1.1" 200 995
INFO 2025-08-31 20:10:41,091 basehttp 89583 6220214272 "GET /api/seller/profiles/by-auth-user-uid/c97f2da1-810c-4f86-98b4-18b722d5eecb/ HTTP/1.1" 200 1197
INFO 2025-08-31 20:10:41,092 basehttp 89583 6237040640 "GET /api/seller/profiles/by-auth-user-uid/c97f2da1-810c-4f86-98b4-18b722d5eecb/ HTTP/1.1" 200 1197
INFO 2025-08-31 20:10:56,245 basehttp 89583 6220214272 "GET /api/seller/profiles/by-auth-user-uid/c97f2da1-810c-4f86-98b4-18b722d5eecb/ HTTP/1.1" 200 1197
INFO 2025-08-31 20:18:24,076 basehttp 89583 6220214272 "OPTIONS /login/ HTTP/1.1" 200 0
WARNING 2025-08-31 20:18:24,224 log 89583 6220214272 Bad Request: /login/
WARNING 2025-08-31 20:18:24,224 basehttp 89583 6220214272 "POST /login/ HTTP/1.1" 400 71
INFO 2025-08-31 20:18:29,319 basehttp 89583 6220214272 "POST /login/ HTTP/1.1" 200 995
INFO 2025-08-31 20:18:33,498 basehttp 89583 6253867008 "GET /api/seller/profiles/by-auth-user-uid/c97f2da1-810c-4f86-98b4-18b722d5eecb/ HTTP/1.1" 200 1197
INFO 2025-08-31 20:18:33,498 basehttp 89583 6237040640 "GET /api/seller/profiles/by-auth-user-uid/c97f2da1-810c-4f86-98b4-18b722d5eecb/ HTTP/1.1" 200 1197
INFO 2025-08-31 20:18:38,642 basehttp 89583 6237040640 "GET /api/seller/profiles/by-auth-user-uid/c97f2da1-810c-4f86-98b4-18b722d5eecb/ HTTP/1.1" 200 1197
INFO 2025-08-31 20:18:44,928 basehttp 89583 6237040640 "GET /api/seller/profiles/by-auth-user-uid/c97f2da1-810c-4f86-98b4-18b722d5eecb/ HTTP/1.1" 200 1197
INFO 2025-08-31 20:20:29,473 basehttp 89583 6237040640 "GET /api/seller/profiles/by-auth-user-uid/c97f2da1-810c-4f86-98b4-18b722d5eecb/ HTTP/1.1" 200 1197
INFO 2025-08-31 20:20:36,476 basehttp 89583 6237040640 "GET /api/seller/profiles/by-auth-user-uid/c97f2da1-810c-4f86-98b4-18b722d5eecb/ HTTP/1.1" 200 1197
INFO 2025-08-31 20:21:04,067 basehttp 89583 6237040640 "GET /api/seller/profiles/by-auth-user-uid/c97f2da1-810c-4f86-98b4-18b722d5eecb/ HTTP/1.1" 200 1197
INFO 2025-08-31 20:35:03,188 basehttp 89583 6220214272 "GET /api/seller/profiles/by-auth-user-uid/c97f2da1-810c-4f86-98b4-18b722d5eecb/ HTTP/1.1" 200 1197
INFO 2025-08-31 20:35:03,188 basehttp 89583 6203387904 "GET /api/seller/profiles/by-auth-user-uid/c97f2da1-810c-4f86-98b4-18b722d5eecb/ HTTP/1.1" 200 1197
INFO 2025-08-31 20:35:04,648 basehttp 89583 6203387904 "GET /api/seller/profiles/by-auth-user-uid/c97f2da1-810c-4f86-98b4-18b722d5eecb/ HTTP/1.1" 200 1197
INFO 2025-08-31 22:51:42,545 autoreload 63287 8333493696 Watching for file changes with StatReloader
INFO 2025-08-31 22:51:48,708 basehttp 63287 6125678592 "OPTIONS /login/ HTTP/1.1" 200 0
INFO 2025-08-31 22:51:48,991 basehttp 63287 6125678592 "POST /login/ HTTP/1.1" 200 995
INFO 2025-08-31 22:51:49,635 basehttp 63287 6142504960 "GET /api/seller/profiles/by-auth-user-uid/c97f2da1-810c-4f86-98b4-18b722d5eecb/ HTTP/1.1" 200 1197
INFO 2025-08-31 22:51:49,635 basehttp 63287 6159331328 "GET /api/seller/profiles/by-auth-user-uid/c97f2da1-810c-4f86-98b4-18b722d5eecb/ HTTP/1.1" 200 1197
INFO 2025-08-31 22:51:55,434 basehttp 63287 6125678592 "OPTIONS /logout/ HTTP/1.1" 200 0
WARNING 2025-08-31 22:51:55,437 log 63287 6125678592 Unauthorized: /logout/
WARNING 2025-08-31 22:51:55,438 basehttp 63287 6125678592 "POST /logout/ HTTP/1.1" 401 107
INFO 2025-08-31 22:55:30,778 basehttp 63287 6125678592 "POST /login/ HTTP/1.1" 200 995
INFO 2025-08-31 22:55:31,352 basehttp 63287 6142504960 "GET /api/seller/profiles/by-auth-user-uid/c97f2da1-810c-4f86-98b4-18b722d5eecb/ HTTP/1.1" 200 1197
INFO 2025-08-31 22:56:59,659 basehttp 63287 6125678592 "GET /api/seller/profiles/by-auth-user-uid/c97f2da1-810c-4f86-98b4-18b722d5eecb/ HTTP/1.1" 200 1197
INFO 2025-08-31 22:56:59,659 basehttp 63287 6142504960 "GET /api/seller/profiles/by-auth-user-uid/c97f2da1-810c-4f86-98b4-18b722d5eecb/ HTTP/1.1" 200 1197
INFO 2025-08-31 22:57:01,159 basehttp 63287 6125678592 "GET /api/seller/profiles/by-auth-user-uid/c97f2da1-810c-4f86-98b4-18b722d5eecb/ HTTP/1.1" 200 1197
INFO 2025-08-31 22:59:11,728 basehttp 63287 6125678592 "GET /api/seller/profiles/by-auth-user-uid/c97f2da1-810c-4f86-98b4-18b722d5eecb/ HTTP/1.1" 200 1197
INFO 2025-08-31 22:59:13,728 basehttp 63287 6125678592 "GET /api/seller/profiles/by-auth-user-uid/c97f2da1-810c-4f86-98b4-18b722d5eecb/ HTTP/1.1" 200 1197
INFO 2025-08-31 23:13:23,489 basehttp 63287 6142504960 "GET /api/seller/profiles/by-auth-user-uid/c97f2da1-810c-4f86-98b4-18b722d5eecb/ HTTP/1.1" 200 1197
INFO 2025-08-31 23:13:23,490 basehttp 63287 6125678592 "GET /api/seller/profiles/by-auth-user-uid/c97f2da1-810c-4f86-98b4-18b722d5eecb/ HTTP/1.1" 200 1197
INFO 2025-08-31 23:13:25,200 basehttp 63287 6125678592 "GET /api/seller/profiles/by-auth-user-uid/c97f2da1-810c-4f86-98b4-18b722d5eecb/ HTTP/1.1" 200 1197
INFO 2025-08-31 23:13:32,961 basehttp 63287 6125678592 "OPTIONS /seller/profiles/by-auth-user-uid/c97f2da1-810c-4f86-98b4-18b722d5eecb/ HTTP/1.1" 200 0
WARNING 2025-08-31 23:13:33,014 log 63287 6125678592 Not Found: /seller/profiles/by-auth-user-uid/c97f2da1-810c-4f86-98b4-18b722d5eecb/
WARNING 2025-08-31 23:13:33,014 basehttp 63287 6125678592 "GET /seller/profiles/by-auth-user-uid/c97f2da1-810c-4f86-98b4-18b722d5eecb/ HTTP/1.1" 404 8085
WARNING 2025-08-31 23:13:39,147 log 63287 6125678592 Not Found: /seller/profiles/by-auth-user-uid/c97f2da1-810c-4f86-98b4-18b722d5eecb/
WARNING 2025-08-31 23:13:39,147 basehttp 63287 6125678592 "GET /seller/profiles/by-auth-user-uid/c97f2da1-810c-4f86-98b4-18b722d5eecb/ HTTP/1.1" 404 8085
INFO 2025-08-31 23:14:41,289 basehttp 63287 6125678592 "GET /api/seller/profiles/by-auth-user-uid/c97f2da1-810c-4f86-98b4-18b722d5eecb/ HTTP/1.1" 200 1197
INFO 2025-08-31 23:14:42,464 basehttp 63287 6125678592 "GET /api/seller/profiles/by-auth-user-uid/c97f2da1-810c-4f86-98b4-18b722d5eecb/ HTTP/1.1" 200 1197
INFO 2025-08-31 23:14:45,813 basehttp 63287 6125678592 "OPTIONS /api/seller/profiles/by-auth-user-uid/c97f2da1-810c-4f86-98b4-18b722d5eecb/ HTTP/1.1" 200 0
INFO 2025-08-31 23:14:45,828 basehttp 63287 6125678592 "GET /api/seller/profiles/by-auth-user-uid/c97f2da1-810c-4f86-98b4-18b722d5eecb/ HTTP/1.1" 200 1197
INFO 2025-08-31 23:15:38,890 basehttp 63287 6125678592 "GET /api/seller/profiles/by-auth-user-uid/c97f2da1-810c-4f86-98b4-18b722d5eecb/ HTTP/1.1" 200 1197
INFO 2025-08-31 23:15:40,481 basehttp 63287 6125678592 "GET /api/seller/profiles/by-auth-user-uid/c97f2da1-810c-4f86-98b4-18b722d5eecb/ HTTP/1.1" 200 1197
INFO 2025-08-31 23:16:57,363 basehttp 63287 6125678592 "GET /api/seller/profiles/by-auth-user-uid/c97f2da1-810c-4f86-98b4-18b722d5eecb/ HTTP/1.1" 200 1197
INFO 2025-08-31 23:22:05,660 basehttp 63287 6125678592 "GET /api/seller/profiles/by-auth-user-uid/c97f2da1-810c-4f86-98b4-18b722d5eecb/ HTTP/1.1" 200 1197
INFO 2025-08-31 23:22:13,655 basehttp 63287 6125678592 "GET /api/seller/profiles/by-auth-user-uid/c97f2da1-810c-4f86-98b4-18b722d5eecb/ HTTP/1.1" 200 1197
INFO 2025-08-31 23:22:13,661 basehttp 63287 6142504960 "GET /api/seller/profiles/by-auth-user-uid/c97f2da1-810c-4f86-98b4-18b722d5eecb/ HTTP/1.1" 200 1197
INFO 2025-08-31 23:22:15,145 basehttp 63287 6125678592 "GET /api/seller/profiles/by-auth-user-uid/c97f2da1-810c-4f86-98b4-18b722d5eecb/ HTTP/1.1" 200 1197
INFO 2025-08-31 23:22:18,455 basehttp 63287 6125678592 "GET /api/seller/profiles/by-auth-user-uid/c97f2da1-810c-4f86-98b4-18b722d5eecb/ HTTP/1.1" 200 1197
INFO 2025-08-31 23:22:41,525 basehttp 63287 6125678592 "OPTIONS /seller/update-seller-info/c97f2da1-810c-4f86-98b4-18b722d5eecb/ HTTP/1.1" 200 0
WARNING 2025-08-31 23:22:41,537 log 63287 6125678592 Not Found: /seller/update-seller-info/c97f2da1-810c-4f86-98b4-18b722d5eecb/
WARNING 2025-08-31 23:22:41,537 basehttp 63287 6125678592 "PATCH /seller/update-seller-info/c97f2da1-810c-4f86-98b4-18b722d5eecb/ HTTP/1.1" 404 8066
INFO 2025-08-31 23:23:35,534 basehttp 63287 6125678592 "GET /api/seller/profiles/by-auth-user-uid/c97f2da1-810c-4f86-98b4-18b722d5eecb/ HTTP/1.1" 200 1197
INFO 2025-08-31 23:23:37,504 basehttp 63287 6125678592 "GET /api/seller/profiles/by-auth-user-uid/c97f2da1-810c-4f86-98b4-18b722d5eecb/ HTTP/1.1" 200 1197
INFO 2025-08-31 23:23:42,751 basehttp 63287 6125678592 "GET /api/seller/profiles/by-auth-user-uid/c97f2da1-810c-4f86-98b4-18b722d5eecb/ HTTP/1.1" 200 1197
INFO 2025-08-31 23:24:04,228 basehttp 63287 6125678592 "OPTIONS /api/seller/update-seller-info/c97f2da1-810c-4f86-98b4-18b722d5eecb/ HTTP/1.1" 200 0
WARNING 2025-08-31 23:24:04,236 log 63287 6125678592 Not Found: /api/seller/update-seller-info/c97f2da1-810c-4f86-98b4-18b722d5eecb/
WARNING 2025-08-31 23:24:04,236 basehttp 63287 6125678592 "PATCH /api/seller/update-seller-info/c97f2da1-810c-4f86-98b4-18b722d5eecb/ HTTP/1.1" 404 16363
INFO 2025-08-31 23:25:17,282 autoreload 63287 8333493696 /Users/thulanimoyo/MEGA downloads/new downloads/BIDR_Backend/authentication_service/seller/views.py changed, reloading.
INFO 2025-08-31 23:25:17,935 autoreload 88605 8333493696 Watching for file changes with StatReloader
INFO 2025-08-31 23:26:01,764 basehttp 88605 6189953024 "GET /api/seller/profiles/by-auth-user-uid/c97f2da1-810c-4f86-98b4-18b722d5eecb/ HTTP/1.1" 200 1197
INFO 2025-08-31 23:26:03,183 basehttp 88605 6189953024 "GET /api/seller/profiles/by-auth-user-uid/c97f2da1-810c-4f86-98b4-18b722d5eecb/ HTTP/1.1" 200 1197
INFO 2025-08-31 23:26:07,108 basehttp 88605 6189953024 "GET /api/seller/profiles/by-auth-user-uid/c97f2da1-810c-4f86-98b4-18b722d5eecb/ HTTP/1.1" 200 1197
INFO 2025-08-31 23:26:15,396 basehttp 88605 6189953024 "OPTIONS /api/seller/profiles/update-by-auth-user-uid/c97f2da1-810c-4f86-98b4-18b722d5eecb/ HTTP/1.1" 200 0
INFO 2025-08-31 23:26:15,410 basehttp 88605 6189953024 "PATCH /api/seller/profiles/update-by-auth-user-uid/c97f2da1-810c-4f86-98b4-18b722d5eecb/ HTTP/1.1" 200 162
INFO 2025-08-31 23:26:15,604 basehttp 88605 6189953024 "GET /api/seller/profiles/by-auth-user-uid/c97f2da1-810c-4f86-98b4-18b722d5eecb/ HTTP/1.1" 200 1196
INFO 2025-08-31 23:26:22,266 basehttp 88605 6189953024 "GET /api/seller/profiles/by-auth-user-uid/c97f2da1-810c-4f86-98b4-18b722d5eecb/ HTTP/1.1" 200 1196
INFO 2025-08-31 23:26:24,388 basehttp 88605 6189953024 "GET /api/seller/profiles/by-auth-user-uid/c97f2da1-810c-4f86-98b4-18b722d5eecb/ HTTP/1.1" 200 1196
INFO 2025-08-31 23:26:26,210 basehttp 88605 6189953024 "GET /api/seller/profiles/by-auth-user-uid/c97f2da1-810c-4f86-98b4-18b722d5eecb/ HTTP/1.1" 200 1196
INFO 2025-08-31 23:30:34,148 autoreload 88605 8333493696 /Users/thulanimoyo/MEGA downloads/new downloads/BIDR_Backend/authentication_service/seller/views.py changed, reloading.
INFO 2025-08-31 23:30:34,707 autoreload 92588 8333493696 Watching for file changes with StatReloader
INFO 2025-08-31 23:31:47,461 basehttp 92588 6165426176 "GET /api/seller/profiles/by-auth-user-uid/c97f2da1-810c-4f86-98b4-18b722d5eecb/ HTTP/1.1" 200 1794
INFO 2025-08-31 23:31:47,461 basehttp 92588 6182252544 "GET /api/seller/profiles/by-auth-user-uid/c97f2da1-810c-4f86-98b4-18b722d5eecb/ HTTP/1.1" 200 1794
INFO 2025-08-31 23:31:49,117 basehttp 92588 6165426176 "GET /api/seller/profiles/by-auth-user-uid/c97f2da1-810c-4f86-98b4-18b722d5eecb/ HTTP/1.1" 200 1794
INFO 2025-08-31 23:31:50,542 basehttp 92588 6165426176 "GET /api/seller/profiles/by-auth-user-uid/c97f2da1-810c-4f86-98b4-18b722d5eecb/ HTTP/1.1" 200 1794
ERROR 2025-08-31 23:32:19,951 log 92588 6165426176 Internal Server Error: /api/seller/profiles/update-by-auth-user-uid/c97f2da1-810c-4f86-98b4-18b722d5eecb/
ERROR 2025-08-31 23:32:19,952 basehttp 92588 6165426176 "PATCH /api/seller/profiles/update-by-auth-user-uid/c97f2da1-810c-4f86-98b4-18b722d5eecb/ HTTP/1.1" 500 505
INFO 2025-08-31 23:32:30,031 basehttp 92588 6165426176 "PATCH /api/seller/profiles/update-by-auth-user-uid/c97f2da1-810c-4f86-98b4-18b722d5eecb/ HTTP/1.1" 200 162
INFO 2025-08-31 23:32:30,140 basehttp 92588 6165426176 "GET /api/seller/profiles/by-auth-user-uid/c97f2da1-810c-4f86-98b4-18b722d5eecb/ HTTP/1.1" 200 1795
ERROR 2025-08-31 23:32:34,622 log 92588 6165426176 Internal Server Error: /api/seller/profiles/update-by-auth-user-uid/c97f2da1-810c-4f86-98b4-18b722d5eecb/
ERROR 2025-08-31 23:32:34,622 basehttp 92588 6165426176 "PATCH /api/seller/profiles/update-by-auth-user-uid/c97f2da1-810c-4f86-98b4-18b722d5eecb/ HTTP/1.1" 500 505
ERROR 2025-08-31 23:32:57,295 log 92588 6165426176 Internal Server Error: /api/seller/profiles/update-by-auth-user-uid/c97f2da1-810c-4f86-98b4-18b722d5eecb/
ERROR 2025-08-31 23:32:57,295 basehttp 92588 6165426176 "PATCH /api/seller/profiles/update-by-auth-user-uid/c97f2da1-810c-4f86-98b4-18b722d5eecb/ HTTP/1.1" 500 505
ERROR 2025-08-31 23:33:35,462 log 92588 6165426176 Internal Server Error: /api/seller/profiles/update-by-auth-user-uid/c97f2da1-810c-4f86-98b4-18b722d5eecb/
ERROR 2025-08-31 23:33:35,462 basehttp 92588 6165426176 "PATCH /api/seller/profiles/update-by-auth-user-uid/c97f2da1-810c-4f86-98b4-18b722d5eecb/ HTTP/1.1" 500 505
ERROR 2025-08-31 23:33:43,502 log 92588 6165426176 Internal Server Error: /api/seller/profiles/update-by-auth-user-uid/c97f2da1-810c-4f86-98b4-18b722d5eecb/
ERROR 2025-08-31 23:33:43,502 basehttp 92588 6165426176 "PATCH /api/seller/profiles/update-by-auth-user-uid/c97f2da1-810c-4f86-98b4-18b722d5eecb/ HTTP/1.1" 500 505
INFO 2025-08-31 23:34:46,958 autoreload 92588 8333493696 /Users/thulanimoyo/MEGA downloads/new downloads/BIDR_Backend/authentication_service/seller/views.py changed, reloading.
INFO 2025-08-31 23:34:47,510 autoreload 95688 8333493696 Watching for file changes with StatReloader
INFO 2025-08-31 23:35:16,183 basehttp 95688 6197981184 "GET /api/seller/profiles/by-auth-user-uid/c97f2da1-810c-4f86-98b4-18b722d5eecb/ HTTP/1.1" 200 1795
INFO 2025-08-31 23:35:18,788 basehttp 95688 6197981184 "GET /api/seller/profiles/by-auth-user-uid/c97f2da1-810c-4f86-98b4-18b722d5eecb/ HTTP/1.1" 200 1795
INFO 2025-08-31 23:35:21,601 basehttp 95688 6197981184 "GET /api/seller/profiles/by-auth-user-uid/c97f2da1-810c-4f86-98b4-18b722d5eecb/ HTTP/1.1" 200 1795
INFO 2025-08-31 23:35:32,836 basehttp 95688 6197981184 "PATCH /api/seller/profiles/update-by-auth-user-uid/c97f2da1-810c-4f86-98b4-18b722d5eecb/ HTTP/1.1" 200 162
INFO 2025-08-31 23:35:32,965 basehttp 95688 6197981184 "GET /api/seller/profiles/by-auth-user-uid/c97f2da1-810c-4f86-98b4-18b722d5eecb/ HTTP/1.1" 200 1796
INFO 2025-08-31 23:35:39,037 basehttp 95688 6197981184 "PATCH /api/seller/profiles/update-by-auth-user-uid/c97f2da1-810c-4f86-98b4-18b722d5eecb/ HTTP/1.1" 200 206
INFO 2025-08-31 23:35:39,130 basehttp 95688 6197981184 "GET /api/seller/profiles/by-auth-user-uid/c97f2da1-810c-4f86-98b4-18b722d5eecb/ HTTP/1.1" 200 1796
INFO 2025-08-31 23:37:34,022 basehttp 95688 6197981184 "PATCH /api/seller/profiles/update-by-auth-user-uid/c97f2da1-810c-4f86-98b4-18b722d5eecb/ HTTP/1.1" 200 87
INFO 2025-08-31 23:37:34,098 basehttp 95688 6197981184 "GET /api/seller/profiles/by-auth-user-uid/c97f2da1-810c-4f86-98b4-18b722d5eecb/ HTTP/1.1" 200 1797
INFO 2025-08-31 23:37:51,392 basehttp 95688 6197981184 "GET /api/seller/profiles/by-auth-user-uid/c97f2da1-810c-4f86-98b4-18b722d5eecb/ HTTP/1.1" 200 1797
INFO 2025-08-31 23:37:51,409 basehttp 95688 6214807552 "GET /api/seller/profiles/by-auth-user-uid/c97f2da1-810c-4f86-98b4-18b722d5eecb/ HTTP/1.1" 200 1797
INFO 2025-08-31 23:37:53,429 basehttp 95688 6197981184 "GET /api/seller/profiles/by-auth-user-uid/c97f2da1-810c-4f86-98b4-18b722d5eecb/ HTTP/1.1" 200 1797
INFO 2025-08-31 23:37:55,677 basehttp 95688 6197981184 "GET /api/seller/profiles/by-auth-user-uid/c97f2da1-810c-4f86-98b4-18b722d5eecb/ HTTP/1.1" 200 1797
INFO 2025-08-31 23:39:16,383 basehttp 95688 6197981184 "GET /api/seller/profiles/by-auth-user-uid/c97f2da1-810c-4f86-98b4-18b722d5eecb/ HTTP/1.1" 200 1797
INFO 2025-08-31 23:39:27,150 basehttp 95688 6197981184 "GET /api/seller/profiles/by-auth-user-uid/c97f2da1-810c-4f86-98b4-18b722d5eecb/ HTTP/1.1" 200 1797
INFO 2025-08-31 23:39:40,839 basehttp 95688 6197981184 "GET /api/seller/profiles/by-auth-user-uid/c97f2da1-810c-4f86-98b4-18b722d5eecb/ HTTP/1.1" 200 1797
INFO 2025-08-31 23:41:01,952 basehttp 95688 6197981184 "GET /api/seller/profiles/by-auth-user-uid/c97f2da1-810c-4f86-98b4-18b722d5eecb/ HTTP/1.1" 200 1797
INFO 2025-08-31 23:43:04,565 basehttp 95688 6197981184 "GET /api/seller/profiles/by-auth-user-uid/c97f2da1-810c-4f86-98b4-18b722d5eecb/ HTTP/1.1" 200 1797
INFO 2025-09-01 00:21:00,540 basehttp 95688 6197981184 "GET /api/seller/profiles/by-auth-user-uid/c97f2da1-810c-4f86-98b4-18b722d5eecb/ HTTP/1.1" 200 1797
INFO 2025-09-01 00:21:00,635 basehttp 95688 6197981184 "GET /api/seller/profiles/by-auth-user-uid/c97f2da1-810c-4f86-98b4-18b722d5eecb/ HTTP/1.1" 200 1797
INFO 2025-09-01 00:21:02,365 basehttp 95688 6197981184 "GET /api/seller/profiles/by-auth-user-uid/c97f2da1-810c-4f86-98b4-18b722d5eecb/ HTTP/1.1" 200 1797
INFO 2025-09-01 00:21:04,574 basehttp 95688 6197981184 "GET /api/seller/profiles/by-auth-user-uid/c97f2da1-810c-4f86-98b4-18b722d5eecb/ HTTP/1.1" 200 1797
WARNING 2025-09-01 01:21:50,911 log 95688 6197981184 Not Found: /api/sellers/c97f2da1-810c-4f86-98b4-18b722d5eecb/
WARNING 2025-09-01 01:21:50,912 basehttp 95688 6197981184 "GET /api/sellers/c97f2da1-810c-4f86-98b4-18b722d5eecb/ HTTP/1.1" 404 8022
WARNING 2025-09-01 01:21:52,815 log 95688 6197981184 Not Found: /api/sellers/c97f2da1-810c-4f86-98b4-18b722d5eecb/
WARNING 2025-09-01 01:21:52,815 basehttp 95688 6197981184 "GET /api/sellers/c97f2da1-810c-4f86-98b4-18b722d5eecb/ HTTP/1.1" 404 8022
WARNING 2025-09-01 01:22:00,862 log 95688 6197981184 Not Found: /api/seller/c97f2da1-810c-4f86-98b4-18b722d5eecb/
WARNING 2025-09-01 01:22:00,863 basehttp 95688 6197981184 "GET /api/seller/c97f2da1-810c-4f86-98b4-18b722d5eecb/ HTTP/1.1" 404 17230
WARNING 2025-09-01 01:22:26,856 log 95688 6197981184 Not Found: /api/seller/profiles/c97f2da1-810c-4f86-98b4-18b722d5eecb/
WARNING 2025-09-01 01:22:26,856 basehttp 95688 6197981184 "GET /api/seller/profiles/c97f2da1-810c-4f86-98b4-18b722d5eecb/ HTTP/1.1" 404 54
INFO 2025-09-01 02:04:34,206 basehttp 95688 6197981184 "OPTIONS /login/ HTTP/1.1" 200 0
WARNING 2025-09-01 02:04:34,427 log 95688 6197981184 Bad Request: /login/
WARNING 2025-09-01 02:04:34,427 basehttp 95688 6197981184 "POST /login/ HTTP/1.1" 400 71
INFO 2025-09-01 02:04:43,591 basehttp 95688 6197981184 "POST /login/ HTTP/1.1" 200 995
INFO 2025-09-01 02:04:45,629 basehttp 95688 6214807552 "GET /api/seller/profiles/by-auth-user-uid/c97f2da1-810c-4f86-98b4-18b722d5eecb/ HTTP/1.1" 200 1797
INFO 2025-09-01 02:04:45,731 basehttp 95688 6214807552 "GET /api/seller/profiles/by-auth-user-uid/c97f2da1-810c-4f86-98b4-18b722d5eecb/ HTTP/1.1" 200 1797
INFO 2025-09-01 02:09:58,577 basehttp 95688 6214807552 "GET /api/seller/profiles/by-auth-user-uid/c97f2da1-810c-4f86-98b4-18b722d5eecb/ HTTP/1.1" 200 1797
INFO 2025-09-01 02:09:58,577 basehttp 95688 6197981184 "GET /api/seller/profiles/by-auth-user-uid/c97f2da1-810c-4f86-98b4-18b722d5eecb/ HTTP/1.1" 200 1797
INFO 2025-09-01 02:09:59,409 basehttp 95688 6197981184 "GET /api/seller/profiles/by-auth-user-uid/c97f2da1-810c-4f86-98b4-18b722d5eecb/ HTTP/1.1" 200 1797
INFO 2025-09-01 02:10:41,262 basehttp 95688 6197981184 "GET /api/seller/profiles/by-auth-user-uid/c97f2da1-810c-4f86-98b4-18b722d5eecb/ HTTP/1.1" 200 1797
INFO 2025-09-01 02:37:45,783 basehttp 95688 6214807552 "GET /api/seller/profiles/by-auth-user-uid/c97f2da1-810c-4f86-98b4-18b722d5eecb/ HTTP/1.1" 200 1797
INFO 2025-09-01 02:37:45,793 basehttp 95688 6197981184 "GET /api/seller/profiles/by-auth-user-uid/c97f2da1-810c-4f86-98b4-18b722d5eecb/ HTTP/1.1" 200 1797
INFO 2025-09-01 02:37:48,849 basehttp 95688 6197981184 "GET /api/seller/profiles/by-auth-user-uid/c97f2da1-810c-4f86-98b4-18b722d5eecb/ HTTP/1.1" 200 1797
