INFO 2025-08-09 07:26:20,249 autoreload 61817 8771748224 Watching for file changes with StatReloader
INFO 2025-08-09 07:29:03,673 autoreload 62204 8771748224 Watching for file changes with StatReloader
ERROR 2025-08-09 07:29:16,890 exception 62204 6157053952 Invalid HTTP_HOST header: '127.0.0.1:8088'. You may need to add '127.0.0.1' to ALLOWED_HOSTS.
Traceback (most recent call last):
  File "/Library/Frameworks/Python.framework/Versions/3.10/lib/python3.10/site-packages/django/core/handlers/exception.py", line 55, in inner
    response = get_response(request)
  File "/Library/Frameworks/Python.framework/Versions/3.10/lib/python3.10/site-packages/django/utils/deprecation.py", line 133, in __call__
    response = self.process_request(request)
  File "/Library/Frameworks/Python.framework/Versions/3.10/lib/python3.10/site-packages/django/middleware/common.py", line 48, in process_request
    host = request.get_host()
  File "/Library/Frameworks/Python.framework/Versions/3.10/lib/python3.10/site-packages/django/http/request.py", line 151, in get_host
    raise DisallowedHost(msg)
django.core.exceptions.DisallowedHost: Invalid HTTP_HOST header: '127.0.0.1:8088'. You may need to add '127.0.0.1' to ALLOWED_HOSTS.
WARNING 2025-08-09 07:29:16,915 log 62204 6157053952 Bad Request: /
WARNING 2025-08-09 07:29:16,916 basehttp 62204 6157053952 "GET / HTTP/1.1" 400 79737
ERROR 2025-08-09 07:29:16,964 exception 62204 6173880320 Invalid HTTP_HOST header: '127.0.0.1:8088'. You may need to add '127.0.0.1' to ALLOWED_HOSTS.
Traceback (most recent call last):
  File "/Library/Frameworks/Python.framework/Versions/3.10/lib/python3.10/site-packages/django/core/handlers/exception.py", line 55, in inner
    response = get_response(request)
  File "/Library/Frameworks/Python.framework/Versions/3.10/lib/python3.10/site-packages/django/utils/deprecation.py", line 133, in __call__
    response = self.process_request(request)
  File "/Library/Frameworks/Python.framework/Versions/3.10/lib/python3.10/site-packages/django/middleware/common.py", line 48, in process_request
    host = request.get_host()
  File "/Library/Frameworks/Python.framework/Versions/3.10/lib/python3.10/site-packages/django/http/request.py", line 151, in get_host
    raise DisallowedHost(msg)
django.core.exceptions.DisallowedHost: Invalid HTTP_HOST header: '127.0.0.1:8088'. You may need to add '127.0.0.1' to ALLOWED_HOSTS.
WARNING 2025-08-09 07:29:16,976 log 62204 6173880320 Bad Request: /favicon.ico
WARNING 2025-08-09 07:29:16,976 basehttp 62204 6173880320 "GET /favicon.ico HTTP/1.1" 400 79662
INFO 2025-08-09 07:29:39,173 autoreload 62204 8771748224 /Users/thulanimoyo/MEGA downloads/new downloads/BIDR_Backend/product_management_service/product_management_service/settings.py changed, reloading.
INFO 2025-08-09 07:29:39,546 autoreload 62269 8771748224 Watching for file changes with StatReloader
WARNING 2025-08-09 07:36:03,840 log 62269 6136508416 Not Found: /
WARNING 2025-08-09 07:36:03,840 basehttp 62269 6136508416 "GET / HTTP/1.1" 404 3933
WARNING 2025-08-09 07:36:03,855 log 62269 6136508416 Not Found: /favicon.ico
WARNING 2025-08-09 07:36:03,855 basehttp 62269 6136508416 "GET /favicon.ico HTTP/1.1" 404 3984
INFO 2025-08-09 07:36:08,973 basehttp 62269 6136508416 "GET /admin HTTP/1.1" 301 0
INFO 2025-08-09 07:36:09,036 basehttp 62269 6153334784 "GET /admin/ HTTP/1.1" 302 0
INFO 2025-08-09 07:36:09,053 basehttp 62269 6153334784 "GET /admin/login/?next=/admin/ HTTP/1.1" 200 4158
INFO 2025-08-09 07:36:09,072 basehttp 62269 12901707776 "GET /static/admin/css/login.css HTTP/1.1" 200 958
INFO 2025-08-09 07:36:09,072 basehttp 62269 12935360512 "GET /static/admin/js/theme.js HTTP/1.1" 200 1943
INFO 2025-08-09 07:36:09,072 basehttp 62269 6136508416 "GET /static/admin/css/dark_mode.css HTTP/1.1" 200 2682
INFO 2025-08-09 07:36:09,073 basehttp 62269 6170161152 "GET /static/admin/css/nav_sidebar.css HTTP/1.1" 200 2810
INFO 2025-08-09 07:36:09,073 basehttp 62269 12918534144 "GET /static/admin/css/responsive.css HTTP/1.1" 200 17905
INFO 2025-08-09 07:36:09,074 basehttp 62269 6153334784 "GET /static/admin/css/base.css HTTP/1.1" 200 21544
INFO 2025-08-09 07:36:09,075 basehttp 62269 6136508416 "GET /static/admin/js/nav_sidebar.js HTTP/1.1" 200 3063
INFO 2025-08-09 07:37:20,940 basehttp 62269 6136508416 "POST /admin/login/?next=/admin/ HTTP/1.1" 302 0
INFO 2025-08-09 07:37:20,952 basehttp 62269 6136508416 "GET /admin/ HTTP/1.1" 200 6720
INFO 2025-08-09 07:37:20,973 basehttp 62269 6136508416 "GET /static/admin/css/dashboard.css HTTP/1.1" 200 441
INFO 2025-08-09 07:37:20,976 basehttp 62269 6136508416 "GET /static/admin/img/icon-addlink.svg HTTP/1.1" 200 331
INFO 2025-08-09 07:37:20,976 basehttp 62269 6153334784 "GET /static/admin/img/icon-changelink.svg HTTP/1.1" 200 380
INFO 2025-08-09 07:38:20,382 autoreload 62269 8771748224 /Users/thulanimoyo/MEGA downloads/new downloads/BIDR_Backend/product_management_service/core/admin.py changed, reloading.
INFO 2025-08-09 07:38:20,801 autoreload 62922 8771748224 Watching for file changes with StatReloader
INFO 2025-08-09 07:38:56,624 autoreload 62922 8771748224 /Users/thulanimoyo/MEGA downloads/new downloads/BIDR_Backend/product_management_service/categories/admin.py changed, reloading.
INFO 2025-08-09 07:38:58,199 autoreload 62971 8771748224 Watching for file changes with StatReloader
INFO 2025-08-09 07:39:38,287 autoreload 62971 8771748224 /Users/thulanimoyo/MEGA downloads/new downloads/BIDR_Backend/product_management_service/products/admin.py changed, reloading.
INFO 2025-08-09 07:39:40,182 autoreload 63025 8771748224 Watching for file changes with StatReloader
INFO 2025-08-09 07:40:16,153 autoreload 63025 8771748224 /Users/thulanimoyo/MEGA downloads/new downloads/BIDR_Backend/product_management_service/product_requests/admin.py changed, reloading.
INFO 2025-08-09 07:40:17,549 autoreload 63069 8771748224 Watching for file changes with StatReloader
INFO 2025-08-09 07:41:07,059 autoreload 63069 8771748224 /Users/thulanimoyo/MEGA downloads/new downloads/BIDR_Backend/product_management_service/analytics/admin.py changed, reloading.
INFO 2025-08-09 07:41:08,585 autoreload 63130 8771748224 Watching for file changes with StatReloader
INFO 2025-08-09 07:41:18,815 autoreload 63130 8771748224 /Users/thulanimoyo/MEGA downloads/new downloads/BIDR_Backend/product_management_service/ratings/admin.py changed, reloading.
INFO 2025-08-09 07:41:20,648 autoreload 63149 8771748224 Watching for file changes with StatReloader
INFO 2025-08-09 07:41:28,995 autoreload 63149 8771748224 /Users/thulanimoyo/MEGA downloads/new downloads/BIDR_Backend/product_management_service/transactions/admin.py changed, reloading.
INFO 2025-08-09 07:41:30,111 autoreload 63166 8771748224 Watching for file changes with StatReloader
INFO 2025-08-09 07:41:39,467 autoreload 63166 8771748224 /Users/thulanimoyo/MEGA downloads/new downloads/BIDR_Backend/product_management_service/product_logs/admin.py changed, reloading.
INFO 2025-08-09 07:41:41,033 autoreload 63185 8771748224 Watching for file changes with StatReloader
INFO 2025-08-09 07:52:45,477 basehttp 63185 6200094720 "GET /admin/ HTTP/1.1" 200 18798
ERROR 2025-08-09 07:52:55,465 log 63185 6200094720 Internal Server Error: /admin/products/product/
Traceback (most recent call last):
  File "/Library/Frameworks/Python.framework/Versions/3.10/lib/python3.10/site-packages/django/db/backends/utils.py", line 105, in _execute
    return self.cursor.execute(sql, params)
  File "/Library/Frameworks/Python.framework/Versions/3.10/lib/python3.10/site-packages/django/db/backends/sqlite3/base.py", line 329, in execute
    return super().execute(query, params)
sqlite3.OperationalError: no such column: products_product.product_id

The above exception was the direct cause of the following exception:

Traceback (most recent call last):
  File "/Library/Frameworks/Python.framework/Versions/3.10/lib/python3.10/site-packages/django/core/handlers/exception.py", line 55, in inner
    response = get_response(request)
  File "/Library/Frameworks/Python.framework/Versions/3.10/lib/python3.10/site-packages/django/core/handlers/base.py", line 197, in _get_response
    response = wrapped_callback(request, *callback_args, **callback_kwargs)
  File "/Library/Frameworks/Python.framework/Versions/3.10/lib/python3.10/site-packages/django/contrib/admin/options.py", line 716, in wrapper
    return self.admin_site.admin_view(view)(*args, **kwargs)
  File "/Library/Frameworks/Python.framework/Versions/3.10/lib/python3.10/site-packages/django/utils/decorators.py", line 188, in _view_wrapper
    result = _process_exception(request, e)
  File "/Library/Frameworks/Python.framework/Versions/3.10/lib/python3.10/site-packages/django/utils/decorators.py", line 186, in _view_wrapper
    response = view_func(request, *args, **kwargs)
  File "/Library/Frameworks/Python.framework/Versions/3.10/lib/python3.10/site-packages/django/views/decorators/cache.py", line 80, in _view_wrapper
    response = view_func(request, *args, **kwargs)
  File "/Library/Frameworks/Python.framework/Versions/3.10/lib/python3.10/site-packages/django/contrib/admin/sites.py", line 240, in inner
    return view(request, *args, **kwargs)
  File "/Library/Frameworks/Python.framework/Versions/3.10/lib/python3.10/site-packages/django/utils/decorators.py", line 48, in _wrapper
    return bound_method(*args, **kwargs)
  File "/Library/Frameworks/Python.framework/Versions/3.10/lib/python3.10/site-packages/django/utils/decorators.py", line 188, in _view_wrapper
    result = _process_exception(request, e)
  File "/Library/Frameworks/Python.framework/Versions/3.10/lib/python3.10/site-packages/django/utils/decorators.py", line 186, in _view_wrapper
    response = view_func(request, *args, **kwargs)
  File "/Library/Frameworks/Python.framework/Versions/3.10/lib/python3.10/site-packages/django/contrib/admin/options.py", line 2126, in changelist_view
    "selection_note": _("0 of %(cnt)s selected") % {"cnt": len(cl.result_list)},
  File "/Library/Frameworks/Python.framework/Versions/3.10/lib/python3.10/site-packages/django/db/models/query.py", line 382, in __len__
    self._fetch_all()
  File "/Library/Frameworks/Python.framework/Versions/3.10/lib/python3.10/site-packages/django/db/models/query.py", line 1928, in _fetch_all
    self._result_cache = list(self._iterable_class(self))
  File "/Library/Frameworks/Python.framework/Versions/3.10/lib/python3.10/site-packages/django/db/models/query.py", line 91, in __iter__
    results = compiler.execute_sql(
  File "/Library/Frameworks/Python.framework/Versions/3.10/lib/python3.10/site-packages/django/db/models/sql/compiler.py", line 1562, in execute_sql
    cursor.execute(sql, params)
  File "/Library/Frameworks/Python.framework/Versions/3.10/lib/python3.10/site-packages/django/db/backends/utils.py", line 122, in execute
    return super().execute(sql, params)
  File "/Library/Frameworks/Python.framework/Versions/3.10/lib/python3.10/site-packages/django/db/backends/utils.py", line 79, in execute
    return self._execute_with_wrappers(
  File "/Library/Frameworks/Python.framework/Versions/3.10/lib/python3.10/site-packages/django/db/backends/utils.py", line 92, in _execute_with_wrappers
    return executor(sql, params, many, context)
  File "/Library/Frameworks/Python.framework/Versions/3.10/lib/python3.10/site-packages/django/db/backends/utils.py", line 100, in _execute
    with self.db.wrap_database_errors:
  File "/Library/Frameworks/Python.framework/Versions/3.10/lib/python3.10/site-packages/django/db/utils.py", line 91, in __exit__
    raise dj_exc_value.with_traceback(traceback) from exc_value
  File "/Library/Frameworks/Python.framework/Versions/3.10/lib/python3.10/site-packages/django/db/backends/utils.py", line 105, in _execute
    return self.cursor.execute(sql, params)
  File "/Library/Frameworks/Python.framework/Versions/3.10/lib/python3.10/site-packages/django/db/backends/sqlite3/base.py", line 329, in execute
    return super().execute(query, params)
django.db.utils.OperationalError: no such column: products_product.product_id
ERROR 2025-08-09 07:52:55,480 basehttp 63185 6200094720 "GET /admin/products/product/ HTTP/1.1" 500 218504
INFO 2025-08-09 07:54:00,187 autoreload 63185 8771748224 /Users/thulanimoyo/MEGA downloads/new downloads/BIDR_Backend/product_management_service/categories/migrations/0001_initial.py changed, reloading.
INFO 2025-08-09 07:54:02,224 autoreload 64429 8771748224 Watching for file changes with StatReloader
INFO 2025-08-09 10:19:16,136 autoreload 75616 8771748224 Watching for file changes with StatReloader
INFO 2025-08-09 10:19:21,099 basehttp 75616 6155857920 "GET /admin/products/product/ HTTP/1.1" 302 0
INFO 2025-08-09 10:19:21,113 basehttp 75616 6155857920 "GET /admin/login/?next=/admin/products/product/ HTTP/1.1" 200 4192
INFO 2025-08-09 10:19:21,751 basehttp 75616 6155857920 "GET /admin/login/?next=/admin/products/product/ HTTP/1.1" 200 4192
INFO 2025-08-09 10:19:29,461 basehttp 75616 6155857920 "POST /admin/login/?next=/admin/products/product/ HTTP/1.1" 200 4358
INFO 2025-08-09 10:19:32,288 basehttp 75616 6155857920 "POST /admin/login/?next=/admin/products/product/ HTTP/1.1" 200 4358
INFO 2025-08-09 10:19:53,477 basehttp 75616 6155857920 "POST /admin/login/?next=/admin/products/product/ HTTP/1.1" 302 0
INFO 2025-08-09 10:19:53,497 basehttp 75616 6155857920 "GET /admin/products/product/ HTTP/1.1" 200 20047
INFO 2025-08-09 10:19:53,510 basehttp 75616 6155857920 "GET /static/admin/css/changelists.css HTTP/1.1" 200 6811
INFO 2025-08-09 10:19:53,514 basehttp 75616 13052751872 "GET /static/admin/js/jquery.init.js HTTP/1.1" 200 347
INFO 2025-08-09 10:19:53,514 basehttp 75616 13069578240 "GET /static/admin/js/core.js HTTP/1.1" 200 6208
INFO 2025-08-09 10:19:53,514 basehttp 75616 13086404608 "GET /static/admin/js/admin/RelatedObjectLookups.js HTTP/1.1" 200 9042
INFO 2025-08-09 10:19:53,515 basehttp 75616 6172684288 "GET /admin/jsi18n/ HTTP/1.1" 200 3342
INFO 2025-08-09 10:19:53,516 basehttp 75616 13035925504 "GET /static/admin/js/vendor/jquery/jquery.js HTTP/1.1" 200 285314
INFO 2025-08-09 10:19:53,521 basehttp 75616 13069578240 "GET /static/admin/js/prepopulate.js HTTP/1.1" 200 1531
INFO 2025-08-09 10:19:53,522 basehttp 75616 13052751872 "GET /static/admin/js/urlify.js HTTP/1.1" 200 7887
INFO 2025-08-09 10:19:53,522 basehttp 75616 6172684288 "GET /static/admin/js/actions.js HTTP/1.1" 200 8067
INFO 2025-08-09 10:19:53,524 basehttp 75616 6155857920 "GET /static/admin/img/search.svg HTTP/1.1" 200 458
INFO 2025-08-09 10:19:53,527 basehttp 75616 13052751872 "GET /static/admin/js/filters.js HTTP/1.1" 200 978
INFO 2025-08-09 10:19:53,529 basehttp 75616 13086404608 "GET /static/admin/js/vendor/xregexp/xregexp.js HTTP/1.1" 200 325171
INFO 2025-08-09 10:19:53,537 basehttp 75616 13052751872 "GET /static/admin/img/icon-viewlink.svg HTTP/1.1" 200 581
INFO 2025-08-09 10:19:53,537 basehttp 75616 13086404608 "GET /static/admin/img/tooltag-add.svg HTTP/1.1" 200 331
INFO 2025-08-09 10:20:01,737 basehttp 75616 13086404608 "GET /admin/products/product/ HTTP/1.1" 200 20047
INFO 2025-08-09 10:20:01,750 basehttp 75616 13086404608 "GET /admin/jsi18n/ HTTP/1.1" 200 3342
INFO 2025-08-09 10:20:05,070 basehttp 75616 13086404608 "GET /admin/categories/category/ HTTP/1.1" 200 19363
INFO 2025-08-09 10:20:05,092 basehttp 75616 13086404608 "GET /admin/jsi18n/ HTTP/1.1" 200 3342
INFO 2025-08-09 10:20:06,505 basehttp 75616 13086404608 "GET /admin/categories/category/add/ HTTP/1.1" 200 29117
INFO 2025-08-09 10:20:06,518 basehttp 75616 6155857920 "GET /static/admin/js/collapse.js HTTP/1.1" 200 1803
INFO 2025-08-09 10:20:06,518 basehttp 75616 6172684288 "GET /static/admin/js/prepopulate_init.js HTTP/1.1" 200 586
INFO 2025-08-09 10:20:06,518 basehttp 75616 13086404608 "GET /static/admin/css/forms.css HTTP/1.1" 200 9090
INFO 2025-08-09 10:20:06,522 basehttp 75616 13052751872 "GET /admin/jsi18n/ HTTP/1.1" 200 3342
INFO 2025-08-09 10:20:06,523 basehttp 75616 13086404608 "GET /static/admin/css/widgets.css HTTP/1.1" 200 11800
INFO 2025-08-09 10:20:06,524 basehttp 75616 13086404608 "GET /static/admin/js/change_form.js HTTP/1.1" 200 606
INFO 2025-08-09 10:25:26,763 basehttp 75616 6155857920 "POST /admin/categories/category/add/ HTTP/1.1" 302 0
INFO 2025-08-09 10:25:26,776 basehttp 75616 6155857920 "GET /admin/categories/category/ HTTP/1.1" 200 22817
INFO 2025-08-09 10:25:26,791 basehttp 75616 6172684288 "GET /static/admin/img/icon-no.svg HTTP/1.1" 200 560
INFO 2025-08-09 10:25:26,793 basehttp 75616 13035925504 "GET /static/admin/img/icon-yes.svg HTTP/1.1" 200 436
INFO 2025-08-09 10:25:26,794 basehttp 75616 6155857920 "GET /admin/jsi18n/ HTTP/1.1" 200 3342
INFO 2025-08-09 10:25:30,080 basehttp 75616 6155857920 "GET /admin/categories/category/3b6b0f2e-8516-4748-b3c4-e54ffbf57555/change/ HTTP/1.1" 200 29631
INFO 2025-08-09 10:25:30,097 basehttp 75616 6155857920 "GET /admin/jsi18n/ HTTP/1.1" 200 3342
INFO 2025-08-09 10:25:30,104 basehttp 75616 6155857920 "GET /static/admin/img/tooltag-arrowright.svg HTTP/1.1" 200 280
INFO 2025-08-09 10:25:34,848 basehttp 75616 6155857920 "POST /admin/categories/category/3b6b0f2e-8516-4748-b3c4-e54ffbf57555/change/ HTTP/1.1" 302 0
INFO 2025-08-09 10:25:34,857 basehttp 75616 6155857920 "GET /admin/categories/category/ HTTP/1.1" 200 22819
INFO 2025-08-09 10:25:34,871 basehttp 75616 6155857920 "GET /admin/jsi18n/ HTTP/1.1" 200 3342
INFO 2025-08-09 10:25:38,375 basehttp 75616 6155857920 "GET /admin/categories/category/add/ HTTP/1.1" 200 29198
INFO 2025-08-09 10:25:38,394 basehttp 75616 6155857920 "GET /admin/jsi18n/ HTTP/1.1" 200 3342
INFO 2025-08-09 10:26:12,222 basehttp 75616 6155857920 "POST /admin/categories/category/add/ HTTP/1.1" 302 0
INFO 2025-08-09 10:26:12,241 basehttp 75616 6155857920 "GET /admin/categories/category/ HTTP/1.1" 200 23683
INFO 2025-08-09 10:26:12,252 basehttp 75616 6155857920 "GET /admin/jsi18n/ HTTP/1.1" 200 3342
INFO 2025-08-09 10:26:42,562 basehttp 75616 6155857920 "GET /admin/categories/category/add/ HTTP/1.1" 200 29287
INFO 2025-08-09 10:26:42,577 basehttp 75616 6155857920 "GET /admin/jsi18n/ HTTP/1.1" 200 3342
INFO 2025-08-09 10:27:01,246 basehttp 75616 6155857920 "POST /admin/categories/category/add/ HTTP/1.1" 302 0
INFO 2025-08-09 10:27:01,265 basehttp 75616 6155857920 "GET /admin/categories/category/ HTTP/1.1" 200 24533
INFO 2025-08-09 10:27:01,275 basehttp 75616 6155857920 "GET /admin/jsi18n/ HTTP/1.1" 200 3342
INFO 2025-08-09 10:27:13,208 basehttp 75616 6155857920 "GET /admin/product_requests/productrequest/ HTTP/1.1" 200 20522
INFO 2025-08-09 10:27:13,225 basehttp 75616 6155857920 "GET /admin/jsi18n/ HTTP/1.1" 200 3342
INFO 2025-08-09 10:27:14,991 basehttp 75616 6155857920 "GET /admin/product_requests/productrequest/add/ HTTP/1.1" 200 49063
INFO 2025-08-09 10:27:15,008 basehttp 75616 6155857920 "GET /admin/jsi18n/ HTTP/1.1" 200 3342
INFO 2025-08-09 10:27:15,012 basehttp 75616 13035925504 "GET /static/admin/img/icon-unknown.svg HTTP/1.1" 200 655
INFO 2025-08-09 10:27:15,013 basehttp 75616 6155857920 "GET /static/admin/js/inlines.js HTTP/1.1" 200 15526
INFO 2025-08-09 10:27:15,030 basehttp 75616 6155857920 "GET /static/admin/img/inline-delete.svg HTTP/1.1" 200 560
INFO 2025-08-09 10:27:40,435 basehttp 75616 6155857920 "GET /admin/product_requests/productrequest/ HTTP/1.1" 200 20522
INFO 2025-08-09 10:27:44,241 basehttp 75616 6155857920 "GET /admin/products/product/ HTTP/1.1" 200 20560
INFO 2025-08-09 10:27:44,255 basehttp 75616 6155857920 "GET /admin/jsi18n/ HTTP/1.1" 200 3342
ERROR 2025-08-09 10:27:46,585 log 75616 6155857920 Internal Server Error: /admin/products/product/add/
Traceback (most recent call last):
  File "/Library/Frameworks/Python.framework/Versions/3.10/lib/python3.10/site-packages/django/forms/forms.py", line 174, in __getitem__
    field = self.fields[name]
KeyError: 'slug'

During handling of the above exception, another exception occurred:

Traceback (most recent call last):
  File "/Library/Frameworks/Python.framework/Versions/3.10/lib/python3.10/site-packages/django/core/handlers/exception.py", line 55, in inner
    response = get_response(request)
  File "/Library/Frameworks/Python.framework/Versions/3.10/lib/python3.10/site-packages/django/core/handlers/base.py", line 197, in _get_response
    response = wrapped_callback(request, *callback_args, **callback_kwargs)
  File "/Library/Frameworks/Python.framework/Versions/3.10/lib/python3.10/site-packages/django/contrib/admin/options.py", line 716, in wrapper
    return self.admin_site.admin_view(view)(*args, **kwargs)
  File "/Library/Frameworks/Python.framework/Versions/3.10/lib/python3.10/site-packages/django/utils/decorators.py", line 188, in _view_wrapper
    result = _process_exception(request, e)
  File "/Library/Frameworks/Python.framework/Versions/3.10/lib/python3.10/site-packages/django/utils/decorators.py", line 186, in _view_wrapper
    response = view_func(request, *args, **kwargs)
  File "/Library/Frameworks/Python.framework/Versions/3.10/lib/python3.10/site-packages/django/views/decorators/cache.py", line 80, in _view_wrapper
    response = view_func(request, *args, **kwargs)
  File "/Library/Frameworks/Python.framework/Versions/3.10/lib/python3.10/site-packages/django/contrib/admin/sites.py", line 240, in inner
    return view(request, *args, **kwargs)
  File "/Library/Frameworks/Python.framework/Versions/3.10/lib/python3.10/site-packages/django/contrib/admin/options.py", line 1947, in add_view
    return self.changeform_view(request, None, form_url, extra_context)
  File "/Library/Frameworks/Python.framework/Versions/3.10/lib/python3.10/site-packages/django/utils/decorators.py", line 48, in _wrapper
    return bound_method(*args, **kwargs)
  File "/Library/Frameworks/Python.framework/Versions/3.10/lib/python3.10/site-packages/django/utils/decorators.py", line 188, in _view_wrapper
    result = _process_exception(request, e)
  File "/Library/Frameworks/Python.framework/Versions/3.10/lib/python3.10/site-packages/django/utils/decorators.py", line 186, in _view_wrapper
    response = view_func(request, *args, **kwargs)
  File "/Library/Frameworks/Python.framework/Versions/3.10/lib/python3.10/site-packages/django/contrib/admin/options.py", line 1806, in changeform_view
    return self._changeform_view(request, object_id, form_url, extra_context)
  File "/Library/Frameworks/Python.framework/Versions/3.10/lib/python3.10/site-packages/django/contrib/admin/options.py", line 1887, in _changeform_view
    admin_form = helpers.AdminForm(
  File "/Library/Frameworks/Python.framework/Versions/3.10/lib/python3.10/site-packages/django/contrib/admin/helpers.py", line 49, in __init__
    self.prepopulated_fields = [
  File "/Library/Frameworks/Python.framework/Versions/3.10/lib/python3.10/site-packages/django/contrib/admin/helpers.py", line 50, in <listcomp>
    {"field": form[field_name], "dependencies": [form[f] for f in dependencies]}
  File "/Library/Frameworks/Python.framework/Versions/3.10/lib/python3.10/site-packages/django/forms/forms.py", line 176, in __getitem__
    raise KeyError(
KeyError: "Key 'slug' not found in 'ProductForm'. Choices are: barcode, base_price, category, compare_price, condition, cost_price, currency, description, dimensions_height, dimensions_length, dimensions_width, images, is_digital, is_featured, low_stock_threshold, meta_description, meta_title, name, primary_image, quantity_available, quantity_reserved, requires_shipping, seller, seller_location, short_description, sku, specifications, status, track_inventory, weight."
ERROR 2025-08-09 10:27:46,586 basehttp 75616 6155857920 "GET /admin/products/product/add/ HTTP/1.1" 500 153810
INFO 2025-08-09 10:28:51,578 autoreload 75616 8771748224 /Users/thulanimoyo/MEGA downloads/new downloads/BIDR_Backend/product_management_service/products/admin.py changed, reloading.
INFO 2025-08-09 10:28:51,881 autoreload 76471 8771748224 Watching for file changes with StatReloader
INFO 2025-08-09 10:44:33,161 autoreload 78016 8771748224 Watching for file changes with StatReloader
INFO 2025-08-09 10:44:43,660 basehttp 78016 6155972608 "GET /admin/products/product/add/ HTTP/1.1" 200 59490
INFO 2025-08-09 10:44:43,680 basehttp 78016 6155972608 "GET /admin/jsi18n/ HTTP/1.1" 200 3342
INFO 2025-08-09 10:44:43,689 basehttp 78016 6155972608 "GET /static/admin/img/icon-deletelink.svg HTTP/1.1" 200 392
INFO 2025-08-09 10:44:58,188 basehttp 78016 6155972608 "GET /admin/product_requests/productrequest/ HTTP/1.1" 200 20522
INFO 2025-08-09 10:44:58,202 basehttp 78016 6155972608 "GET /admin/jsi18n/ HTTP/1.1" 200 3342
INFO 2025-08-09 10:45:00,766 basehttp 78016 6155972608 "GET /admin/product_requests/productrequest/add/ HTTP/1.1" 200 49063
INFO 2025-08-09 10:45:00,784 basehttp 78016 6155972608 "GET /admin/jsi18n/ HTTP/1.1" 200 3342
INFO 2025-08-09 10:53:49,597 basehttp 78016 6155972608 "GET /admin/product_requests/requestimage/ HTTP/1.1" 200 18117
INFO 2025-08-09 10:53:49,616 basehttp 78016 6155972608 "GET /admin/jsi18n/ HTTP/1.1" 200 3342
INFO 2025-08-09 10:53:51,609 basehttp 78016 6155972608 "GET /admin/product_requests/requestimage/add/ HTTP/1.1" 200 20979
INFO 2025-08-09 10:53:51,625 basehttp 78016 6155972608 "GET /admin/jsi18n/ HTTP/1.1" 200 3342
INFO 2025-08-09 10:54:06,131 basehttp 78016 6155972608 "GET /admin/product_requests/productrequest/ HTTP/1.1" 200 20522
INFO 2025-08-09 10:54:06,147 basehttp 78016 6155972608 "GET /admin/jsi18n/ HTTP/1.1" 200 3342
INFO 2025-08-09 10:54:07,775 basehttp 78016 6155972608 "GET /admin/product_requests/productrequest/add/ HTTP/1.1" 200 49063
INFO 2025-08-09 10:54:07,784 basehttp 78016 6155972608 "GET /admin/jsi18n/ HTTP/1.1" 200 3342
INFO 2025-08-09 11:11:12,654 autoreload 78016 8771748224 /Users/thulanimoyo/MEGA downloads/new downloads/BIDR_Backend/product_management_service/product_requests/models.py changed, reloading.
INFO 2025-08-09 11:11:13,090 autoreload 79989 8771748224 Watching for file changes with StatReloader
INFO 2025-08-09 11:11:22,678 autoreload 79989 8771748224 /Users/thulanimoyo/MEGA downloads/new downloads/BIDR_Backend/product_management_service/product_requests/models.py changed, reloading.
INFO 2025-08-09 11:11:23,051 autoreload 80010 8771748224 Watching for file changes with StatReloader
INFO 2025-08-09 11:11:49,282 autoreload 80010 8771748224 /Users/thulanimoyo/MEGA downloads/new downloads/BIDR_Backend/product_management_service/product_requests/models.py changed, reloading.
INFO 2025-08-09 11:11:49,645 autoreload 80051 8771748224 Watching for file changes with StatReloader
INFO 2025-08-09 11:12:56,416 autoreload 80051 8771748224 /Users/thulanimoyo/MEGA downloads/new downloads/BIDR_Backend/product_management_service/product_requests/admin.py changed, reloading.
INFO 2025-08-09 11:12:56,812 autoreload 80241 8771748224 Watching for file changes with StatReloader
INFO 2025-08-09 11:13:13,630 autoreload 80241 8771748224 /Users/thulanimoyo/MEGA downloads/new downloads/BIDR_Backend/product_management_service/product_requests/admin.py changed, reloading.
INFO 2025-08-09 11:13:13,996 autoreload 80275 8771748224 Watching for file changes with StatReloader
INFO 2025-08-09 11:13:22,507 autoreload 80275 8771748224 /Users/thulanimoyo/MEGA downloads/new downloads/BIDR_Backend/product_management_service/product_requests/admin.py changed, reloading.
INFO 2025-08-09 11:13:22,875 autoreload 80290 8771748224 Watching for file changes with StatReloader
INFO 2025-08-09 11:13:30,357 autoreload 80290 8771748224 /Users/thulanimoyo/MEGA downloads/new downloads/BIDR_Backend/product_management_service/product_requests/admin.py changed, reloading.
INFO 2025-08-09 11:13:30,653 autoreload 80306 8771748224 Watching for file changes with StatReloader
INFO 2025-08-09 11:13:38,136 autoreload 80306 8771748224 /Users/thulanimoyo/MEGA downloads/new downloads/BIDR_Backend/product_management_service/product_requests/admin.py changed, reloading.
INFO 2025-08-09 11:13:38,422 autoreload 80323 8771748224 Watching for file changes with StatReloader
INFO 2025-08-09 11:13:50,033 autoreload 80323 8771748224 /Users/thulanimoyo/MEGA downloads/new downloads/BIDR_Backend/product_management_service/product_requests/admin.py changed, reloading.
INFO 2025-08-09 11:13:50,411 autoreload 80343 8771748224 Watching for file changes with StatReloader
INFO 2025-08-09 11:14:28,390 basehttp 80343 6163214336 "GET /admin/product_requests/productrequest/add/ HTTP/1.1" 200 52037
INFO 2025-08-09 11:14:28,411 basehttp 80343 6163214336 "GET /admin/jsi18n/ HTTP/1.1" 200 3342
INFO 2025-08-09 11:14:29,128 basehttp 80343 6163214336 "GET /admin/product_requests/productrequest/add/ HTTP/1.1" 200 52037
INFO 2025-08-09 11:14:29,141 basehttp 80343 6163214336 "GET /admin/jsi18n/ HTTP/1.1" 200 3342
INFO 2025-08-09 11:18:30,399 autoreload 80343 8771748224 /Users/thulanimoyo/MEGA downloads/new downloads/BIDR_Backend/product_management_service/product_requests/models.py changed, reloading.
INFO 2025-08-09 11:18:30,817 autoreload 80813 8771748224 Watching for file changes with StatReloader
INFO 2025-08-09 11:18:41,451 autoreload 80813 8771748224 /Users/thulanimoyo/MEGA downloads/new downloads/BIDR_Backend/product_management_service/product_requests/models.py changed, reloading.
INFO 2025-08-09 11:18:41,805 autoreload 80833 8771748224 Watching for file changes with StatReloader
INFO 2025-08-09 11:19:11,150 autoreload 80833 8771748224 /Users/thulanimoyo/MEGA downloads/new downloads/BIDR_Backend/product_management_service/product_requests/models.py changed, reloading.
INFO 2025-08-09 11:19:11,511 autoreload 80871 8771748224 Watching for file changes with StatReloader
INFO 2025-08-09 11:19:34,592 autoreload 80871 8771748224 /Users/thulanimoyo/MEGA downloads/new downloads/BIDR_Backend/product_management_service/product_requests/admin.py changed, reloading.
INFO 2025-08-09 11:19:34,877 autoreload 80998 8771748224 Watching for file changes with StatReloader
INFO 2025-08-09 11:19:54,816 autoreload 80998 8771748224 /Users/thulanimoyo/MEGA downloads/new downloads/BIDR_Backend/product_management_service/product_requests/admin.py changed, reloading.
INFO 2025-08-09 11:19:55,175 autoreload 81029 8771748224 Watching for file changes with StatReloader
INFO 2025-08-09 11:20:02,675 autoreload 81029 8771748224 /Users/thulanimoyo/MEGA downloads/new downloads/BIDR_Backend/product_management_service/product_requests/admin.py changed, reloading.
INFO 2025-08-09 11:20:02,951 autoreload 81041 8771748224 Watching for file changes with StatReloader
INFO 2025-08-09 11:20:12,514 autoreload 81041 8771748224 /Users/thulanimoyo/MEGA downloads/new downloads/BIDR_Backend/product_management_service/product_requests/admin.py changed, reloading.
INFO 2025-08-09 11:20:12,815 autoreload 81060 8771748224 Watching for file changes with StatReloader
INFO 2025-08-09 11:20:21,347 autoreload 81060 8771748224 /Users/thulanimoyo/MEGA downloads/new downloads/BIDR_Backend/product_management_service/product_requests/admin.py changed, reloading.
INFO 2025-08-09 11:20:21,659 autoreload 81075 8771748224 Watching for file changes with StatReloader
INFO 2025-08-09 11:20:34,339 autoreload 81075 8771748224 /Users/thulanimoyo/MEGA downloads/new downloads/BIDR_Backend/product_management_service/product_requests/admin.py changed, reloading.
INFO 2025-08-09 11:20:34,697 autoreload 81094 8771748224 Watching for file changes with StatReloader
INFO 2025-08-09 11:24:20,531 autoreload 81094 8771748224 /Users/thulanimoyo/MEGA downloads/new downloads/BIDR_Backend/product_management_service/product_requests/models.py changed, reloading.
INFO 2025-08-09 11:24:20,956 autoreload 81480 8771748224 Watching for file changes with StatReloader
INFO 2025-08-09 11:24:45,056 autoreload 81480 8771748224 /Users/thulanimoyo/MEGA downloads/new downloads/BIDR_Backend/product_management_service/product_requests/models.py changed, reloading.
INFO 2025-08-09 11:24:45,423 autoreload 81514 8771748224 Watching for file changes with StatReloader
INFO 2025-08-09 11:25:11,656 autoreload 81514 8771748224 /Users/thulanimoyo/MEGA downloads/new downloads/BIDR_Backend/product_management_service/product_requests/models.py changed, reloading.
INFO 2025-08-09 11:25:12,031 autoreload 81546 8771748224 Watching for file changes with StatReloader
INFO 2025-08-09 11:26:04,194 autoreload 81546 8771748224 /Users/thulanimoyo/MEGA downloads/new downloads/BIDR_Backend/product_management_service/product_requests/admin.py changed, reloading.
INFO 2025-08-09 11:26:04,592 autoreload 81716 8771748224 Watching for file changes with StatReloader
INFO 2025-08-09 11:26:23,522 autoreload 81716 8771748224 /Users/thulanimoyo/MEGA downloads/new downloads/BIDR_Backend/product_management_service/product_requests/admin.py changed, reloading.
INFO 2025-08-09 11:26:23,886 autoreload 81744 8771748224 Watching for file changes with StatReloader
INFO 2025-08-09 11:26:33,460 autoreload 81744 8771748224 /Users/thulanimoyo/MEGA downloads/new downloads/BIDR_Backend/product_management_service/product_requests/admin.py changed, reloading.
INFO 2025-08-09 11:26:34,103 autoreload 81762 8771748224 Watching for file changes with StatReloader
INFO 2025-08-09 11:26:43,983 autoreload 81762 8771748224 /Users/thulanimoyo/MEGA downloads/new downloads/BIDR_Backend/product_management_service/product_requests/admin.py changed, reloading.
INFO 2025-08-09 11:26:44,251 autoreload 81782 8771748224 Watching for file changes with StatReloader
INFO 2025-08-09 11:26:53,703 autoreload 81782 8771748224 /Users/thulanimoyo/MEGA downloads/new downloads/BIDR_Backend/product_management_service/product_requests/admin.py changed, reloading.
INFO 2025-08-09 11:26:53,975 autoreload 81803 8771748224 Watching for file changes with StatReloader
INFO 2025-08-09 11:27:04,573 autoreload 81803 8771748224 /Users/thulanimoyo/MEGA downloads/new downloads/BIDR_Backend/product_management_service/product_requests/admin.py changed, reloading.
INFO 2025-08-09 11:27:04,839 autoreload 81815 8771748224 Watching for file changes with StatReloader
INFO 2025-08-09 11:33:17,157 basehttp 81815 6157152256 "GET /admin/product_requests/productrequest/add/ HTTP/1.1" 200 57981
INFO 2025-08-09 11:33:17,179 basehttp 81815 6157152256 "GET /admin/jsi18n/ HTTP/1.1" 200 3342
INFO 2025-08-09 11:33:22,856 basehttp 81815 6157152256 "GET /admin/product_requests/consumerelectronics/ HTTP/1.1" 200 24094
INFO 2025-08-09 11:33:22,866 basehttp 81815 6157152256 "GET /admin/jsi18n/ HTTP/1.1" 200 3342
INFO 2025-08-09 11:33:24,547 basehttp 81815 6157152256 "GET /admin/product_requests/consumerelectronics/add/ HTTP/1.1" 200 40498
INFO 2025-08-09 11:33:24,559 basehttp 81815 6157152256 "GET /admin/jsi18n/ HTTP/1.1" 200 3342
INFO 2025-08-09 11:41:53,228 autoreload 81815 8771748224 /Users/thulanimoyo/MEGA downloads/new downloads/BIDR_Backend/product_management_service/product_requests/urls.py changed, reloading.
INFO 2025-08-09 11:41:53,633 autoreload 83167 8771748224 Watching for file changes with StatReloader
INFO 2025-08-09 11:43:26,456 autoreload 83440 8771748224 Watching for file changes with StatReloader
WARNING 2025-08-09 11:43:38,196 log 83440 6159642624 Not Found: /product-requests/requests/
WARNING 2025-08-09 11:43:38,196 basehttp 83440 6159642624 "GET /product-requests/requests/ HTTP/1.1" 404 4029
INFO 2025-08-09 11:43:51,316 autoreload 83167 8771748224 /Users/thulanimoyo/MEGA downloads/new downloads/BIDR_Backend/product_management_service/product_management_service/urls.py changed, reloading.
INFO 2025-08-09 11:43:51,480 autoreload 83440 8771748224 /Users/thulanimoyo/MEGA downloads/new downloads/BIDR_Backend/product_management_service/product_management_service/urls.py changed, reloading.
INFO 2025-08-09 11:43:51,735 autoreload 83570 8771748224 Watching for file changes with StatReloader
INFO 2025-08-09 11:43:51,745 autoreload 83571 8771748224 Watching for file changes with StatReloader
INFO 2025-08-09 11:44:01,012 autoreload 83677 8771748224 Watching for file changes with StatReloader
INFO 2025-08-09 11:44:12,886 basehttp 83571 6199717888 "GET /product-requests/requests/ HTTP/1.1" 200 8073
INFO 2025-08-09 11:44:18,550 basehttp 83571 6199717888 "GET /product-requests/requests/categories/ HTTP/1.1" 200 169
INFO 2025-08-09 11:44:23,116 basehttp 83571 6199717888 "GET /product-requests/requests/urgent_requests/ HTTP/1.1" 200 2936
INFO 2025-08-09 11:44:28,814 basehttp 83571 6199717888 "GET /product-requests/requests/ HTTP/1.1" 200 8073
INFO 2025-08-09 11:45:41,536 basehttp 83571 6199717888 "GET /admin/ HTTP/1.1" 302 0
INFO 2025-08-09 11:45:41,551 basehttp 83571 6199717888 "GET /admin/login/?next=/admin/ HTTP/1.1" 200 4158
INFO 2025-08-09 11:45:41,561 basehttp 83571 6216544256 "GET /product-requests/requests/ HTTP/1.1" 200 8073
INFO 2025-08-09 11:45:41,564 basehttp 83571 6233370624 "GET /product-requests/requests/categories/ HTTP/1.1" 200 169
INFO 2025-08-09 11:45:41,570 basehttp 83571 6250196992 "GET /product-requests/requests/urgent_requests/ HTTP/1.1" 200 2936
INFO 2025-08-09 11:45:41,579 basehttp 83571 6267023360 "GET /product-requests/requests/?category=ELECTRONICS HTTP/1.1" 200 3742
INFO 2025-08-09 11:45:41,588 basehttp 83571 6216544256 "GET /product-requests/requests/?category=VEHICLE_SPARES HTTP/1.1" 200 2235
INFO 2025-08-09 11:45:41,596 basehttp 83571 6233370624 "GET /product-requests/requests/?category=TYRES_RIMS HTTP/1.1" 200 2197
INFO 2025-08-09 11:45:41,602 basehttp 83571 6250196992 "GET /product-requests/consumer-electronics/ HTTP/1.1" 200 4845
INFO 2025-08-09 11:45:41,607 basehttp 83571 6267023360 "GET /product-requests/vehicle-spares/ HTTP/1.1" 200 2532
INFO 2025-08-09 11:45:41,612 basehttp 83571 6216544256 "GET /product-requests/tyres-rims/ HTTP/1.1" 200 1834
INFO 2025-08-09 11:45:41,621 basehttp 83571 6233370624 "GET /product-requests/requests/ HTTP/1.1" 200 8073
WARNING 2025-08-09 11:45:41,624 log 83571 6250196992 Unauthorized: /product-requests/requests/
WARNING 2025-08-09 11:45:41,624 basehttp 83571 6250196992 "POST /product-requests/requests/ HTTP/1.1" 401 145
INFO 2025-08-09 11:45:41,633 basehttp 83571 6267023360 "GET /product-requests/requests/ HTTP/1.1" 200 8073
WARNING 2025-08-09 11:45:41,636 log 83571 6216544256 Unauthorized: /product-requests/requests/
WARNING 2025-08-09 11:45:41,636 basehttp 83571 6216544256 "POST /product-requests/requests/ HTTP/1.1" 401 145
INFO 2025-08-09 11:45:41,645 basehttp 83571 6233370624 "GET /product-requests/requests/ HTTP/1.1" 200 8073
WARNING 2025-08-09 11:45:41,647 log 83571 6250196992 Unauthorized: /product-requests/requests/
WARNING 2025-08-09 11:45:41,647 basehttp 83571 6250196992 "POST /product-requests/requests/ HTTP/1.1" 401 145
INFO 2025-08-09 11:45:41,651 basehttp 83571 6267023360 "GET /product-requests/requests/categories/ HTTP/1.1" 200 169
INFO 2025-08-09 11:48:23,709 basehttp 83570 6171570176 "GET /admin/product_requests/consumerelectronics/add/ HTTP/1.1" 200 40498
INFO 2025-08-09 11:48:23,718 basehttp 83570 6171570176 "GET /admin/jsi18n/ HTTP/1.1" 200 3342
INFO 2025-08-09 11:48:32,562 basehttp 83570 6171570176 "GET /admin/product_requests/productrequest/ HTTP/1.1" 200 36670
INFO 2025-08-09 11:48:32,573 basehttp 83570 6171570176 "GET /admin/jsi18n/ HTTP/1.1" 200 3342
INFO 2025-08-09 11:48:32,584 basehttp 83570 6171570176 "GET /static/admin/img/sorting-icons.svg HTTP/1.1" 200 1097
INFO 2025-08-09 11:53:06,199 basehttp 83570 6171570176 "GET /admin/product_requests/requestmessage/ HTTP/1.1" 200 21372
INFO 2025-08-09 11:53:06,211 basehttp 83570 6171570176 "GET /admin/jsi18n/ HTTP/1.1" 200 3342
INFO 2025-08-09 11:53:07,774 basehttp 83570 6171570176 "GET /admin/product_requests/requestmessage/add/ HTTP/1.1" 200 27993
INFO 2025-08-09 11:53:07,783 basehttp 83570 6171570176 "GET /admin/jsi18n/ HTTP/1.1" 200 3342
INFO 2025-08-09 11:53:18,884 basehttp 83570 6171570176 "GET /admin/product_requests/requesttemplate/ HTTP/1.1" 200 20129
INFO 2025-08-09 11:53:18,940 basehttp 83570 6171570176 "GET /admin/jsi18n/ HTTP/1.1" 200 3342
INFO 2025-08-09 11:53:20,332 basehttp 83570 6171570176 "GET /admin/product_requests/requesttemplate/add/ HTTP/1.1" 200 25255
INFO 2025-08-09 11:53:20,343 basehttp 83570 6171570176 "GET /admin/jsi18n/ HTTP/1.1" 200 3342
INFO 2025-08-09 11:54:43,816 autoreload 83570 8771748224 /Users/thulanimoyo/MEGA downloads/new downloads/BIDR_Backend/product_management_service/product_management_service/settings.py changed, reloading.
INFO 2025-08-09 11:54:43,960 autoreload 83571 8771748224 /Users/thulanimoyo/MEGA downloads/new downloads/BIDR_Backend/product_management_service/product_management_service/settings.py changed, reloading.
INFO 2025-08-09 11:54:44,140 autoreload 84959 8771748224 Watching for file changes with StatReloader
INFO 2025-08-09 11:54:44,161 autoreload 84960 8771748224 Watching for file changes with StatReloader
INFO 2025-08-09 11:55:14,563 autoreload 84960 8771748224 /Users/thulanimoyo/MEGA downloads/new downloads/BIDR_Backend/product_management_service/product_management_service/settings.py changed, reloading.
INFO 2025-08-09 11:55:14,576 autoreload 84959 8771748224 /Users/thulanimoyo/MEGA downloads/new downloads/BIDR_Backend/product_management_service/product_management_service/settings.py changed, reloading.
INFO 2025-08-09 11:55:14,798 autoreload 85059 8771748224 Watching for file changes with StatReloader
INFO 2025-08-09 11:55:14,798 autoreload 85060 8771748224 Watching for file changes with StatReloader
INFO 2025-08-09 11:55:35,157 autoreload 85059 8771748224 /Users/thulanimoyo/MEGA downloads/new downloads/BIDR_Backend/product_management_service/product_requests/models.py changed, reloading.
INFO 2025-08-09 11:55:35,162 autoreload 85060 8771748224 /Users/thulanimoyo/MEGA downloads/new downloads/BIDR_Backend/product_management_service/product_requests/models.py changed, reloading.
INFO 2025-08-09 11:55:35,478 autoreload 85140 8771748224 Watching for file changes with StatReloader
INFO 2025-08-09 11:55:35,478 autoreload 85141 8771748224 Watching for file changes with StatReloader
INFO 2025-08-09 11:55:46,721 autoreload 85140 8771748224 /Users/thulanimoyo/MEGA downloads/new downloads/BIDR_Backend/product_management_service/product_requests/models.py changed, reloading.
INFO 2025-08-09 11:55:46,724 autoreload 85141 8771748224 /Users/thulanimoyo/MEGA downloads/new downloads/BIDR_Backend/product_management_service/product_requests/models.py changed, reloading.
INFO 2025-08-09 11:55:47,024 autoreload 85165 8771748224 Watching for file changes with StatReloader
INFO 2025-08-09 11:55:47,024 autoreload 85166 8771748224 Watching for file changes with StatReloader
INFO 2025-08-09 11:56:05,371 autoreload 85165 8771748224 /Users/thulanimoyo/MEGA downloads/new downloads/BIDR_Backend/product_management_service/transactions/models.py changed, reloading.
INFO 2025-08-09 11:56:05,380 autoreload 85166 8771748224 /Users/thulanimoyo/MEGA downloads/new downloads/BIDR_Backend/product_management_service/transactions/models.py changed, reloading.
INFO 2025-08-09 11:56:05,586 autoreload 85237 8771748224 Watching for file changes with StatReloader
INFO 2025-08-09 11:56:05,597 autoreload 85238 8771748224 Watching for file changes with StatReloader
INFO 2025-08-09 11:56:13,810 autoreload 85237 8771748224 /Users/thulanimoyo/MEGA downloads/new downloads/BIDR_Backend/product_management_service/transactions/models.py changed, reloading.
INFO 2025-08-09 11:56:13,871 autoreload 85238 8771748224 /Users/thulanimoyo/MEGA downloads/new downloads/BIDR_Backend/product_management_service/transactions/models.py changed, reloading.
INFO 2025-08-09 11:56:14,028 autoreload 85258 8771748224 Watching for file changes with StatReloader
INFO 2025-08-09 11:56:14,096 autoreload 85259 8771748224 Watching for file changes with StatReloader
WARNING 2025-08-09 12:34:59,971 log 90970 8771748224 Unauthorized: /api/v1/requests/
WARNING 2025-08-09 12:35:18,370 log 91055 8771748224 Unauthorized: /api/v1/requests/
INFO 2025-08-09 13:31:32,203 autoreload 96798 8771748224 Watching for file changes with StatReloader
INFO 2025-08-09 13:31:37,407 basehttp 96798 6195556352 "GET /admin/product_requests/requesttemplate/add/ HTTP/1.1" 200 22467
INFO 2025-08-09 13:31:37,434 basehttp 96798 6195556352 "GET /admin/jsi18n/ HTTP/1.1" 200 3342
INFO 2025-08-09 13:35:13,870 basehttp 96798 6195556352 "GET /admin/product_requests/productrequest/ HTTP/1.1" 200 43439
INFO 2025-08-09 13:35:13,883 basehttp 96798 6195556352 "GET /admin/jsi18n/ HTTP/1.1" 200 3342
INFO 2025-08-09 13:35:49,259 basehttp 96798 6195556352 "GET /admin/product_requests/requestspecification/ HTTP/1.1" 200 16259
INFO 2025-08-09 13:35:49,271 basehttp 96798 6195556352 "GET /admin/jsi18n/ HTTP/1.1" 200 3342
INFO 2025-08-09 13:35:51,544 basehttp 96798 6195556352 "GET /admin/product_requests/requestspecification/add/ HTTP/1.1" 200 21978
INFO 2025-08-09 13:35:51,552 basehttp 96798 6195556352 "GET /admin/jsi18n/ HTTP/1.1" 200 3342
INFO 2025-08-09 13:40:04,885 basehttp 96798 6195556352 "GET /admin/analytics/searchanalytics/ HTTP/1.1" 200 16335
INFO 2025-08-09 13:40:04,896 basehttp 96798 6195556352 "GET /admin/jsi18n/ HTTP/1.1" 200 3342
INFO 2025-08-09 13:40:06,277 basehttp 96798 6195556352 "GET /admin/analytics/searchanalytics/add/ HTTP/1.1" 200 23670
INFO 2025-08-09 13:40:06,293 basehttp 96798 6212382720 "GET /static/admin/js/calendar.js HTTP/1.1" 200 9141
INFO 2025-08-09 13:40:06,293 basehttp 96798 6195556352 "GET /admin/jsi18n/ HTTP/1.1" 200 3342
INFO 2025-08-09 13:40:06,294 basehttp 96798 6229209088 "GET /static/admin/js/admin/DateTimeShortcuts.js HTTP/1.1" 200 19319
INFO 2025-08-09 13:40:06,308 basehttp 96798 6229209088 "GET /static/admin/img/icon-calendar.svg HTTP/1.1" 200 1086
INFO 2025-08-09 13:40:17,712 basehttp 96798 6229209088 "GET /admin/analytics/salesanalytics/ HTTP/1.1" 200 16282
INFO 2025-08-09 13:40:17,722 basehttp 96798 6229209088 "GET /admin/jsi18n/ HTTP/1.1" 200 3342
INFO 2025-08-09 13:40:19,308 basehttp 96798 6229209088 "GET /admin/analytics/salesanalytics/add/ HTTP/1.1" 200 26200
INFO 2025-08-09 13:40:19,316 basehttp 96798 6229209088 "GET /admin/jsi18n/ HTTP/1.1" 200 3342
INFO 2025-08-09 13:42:32,144 autoreload 96798 8771748224 /Users/thulanimoyo/MEGA downloads/new downloads/BIDR_Backend/product_management_service/analytics/models.py changed, reloading.
INFO 2025-08-09 13:42:32,607 autoreload 97835 8771748224 Watching for file changes with StatReloader
INFO 2025-08-09 13:42:50,424 autoreload 97835 8771748224 /Users/thulanimoyo/MEGA downloads/new downloads/BIDR_Backend/product_management_service/analytics/models.py changed, reloading.
INFO 2025-08-09 13:42:50,820 autoreload 97868 8771748224 Watching for file changes with StatReloader
INFO 2025-08-09 13:43:00,376 autoreload 97868 8771748224 /Users/thulanimoyo/MEGA downloads/new downloads/BIDR_Backend/product_management_service/analytics/models.py changed, reloading.
INFO 2025-08-09 13:43:00,745 autoreload 97899 8771748224 Watching for file changes with StatReloader
INFO 2025-08-09 13:43:09,250 autoreload 97899 8771748224 /Users/thulanimoyo/MEGA downloads/new downloads/BIDR_Backend/product_management_service/analytics/models.py changed, reloading.
INFO 2025-08-09 13:43:09,600 autoreload 97937 8771748224 Watching for file changes with StatReloader
INFO 2025-08-09 13:43:18,135 autoreload 97937 8771748224 /Users/thulanimoyo/MEGA downloads/new downloads/BIDR_Backend/product_management_service/analytics/admin.py changed, reloading.
INFO 2025-08-09 13:43:18,414 autoreload 97955 8771748224 Watching for file changes with StatReloader
INFO 2025-08-09 13:43:51,841 autoreload 97955 8771748224 /Users/thulanimoyo/MEGA downloads/new downloads/BIDR_Backend/product_management_service/analytics/admin.py changed, reloading.
INFO 2025-08-09 13:43:52,224 autoreload 98018 8771748224 Watching for file changes with StatReloader
INFO 2025-08-09 13:44:00,708 autoreload 98018 8771748224 /Users/thulanimoyo/MEGA downloads/new downloads/BIDR_Backend/product_management_service/analytics/admin.py changed, reloading.
INFO 2025-08-09 13:44:01,077 autoreload 98035 8771748224 Watching for file changes with StatReloader
INFO 2025-08-09 13:44:08,572 autoreload 98035 8771748224 /Users/thulanimoyo/MEGA downloads/new downloads/BIDR_Backend/product_management_service/analytics/admin.py changed, reloading.
INFO 2025-08-09 13:44:08,931 autoreload 98056 8771748224 Watching for file changes with StatReloader
INFO 2025-08-09 13:45:45,888 autoreload 98056 8771748224 /Users/thulanimoyo/MEGA downloads/new downloads/BIDR_Backend/product_management_service/product_management_service/urls.py changed, reloading.
INFO 2025-08-09 13:45:46,300 autoreload 98204 8771748224 Watching for file changes with StatReloader
INFO 2025-08-09 13:47:00,355 autoreload 98648 8771748224 Watching for file changes with StatReloader
WARNING 2025-08-09 13:47:10,630 log 98648 6156873728 Unauthorized: /analytics/api/v1/dashboard/overview/
WARNING 2025-08-09 13:47:10,630 basehttp 98648 6156873728 "GET /analytics/api/v1/dashboard/overview/ HTTP/1.1" 401 297
INFO 2025-08-09 13:48:06,512 autoreload 98204 8771748224 /Users/thulanimoyo/MEGA downloads/new downloads/BIDR_Backend/product_management_service/analytics/models.py changed, reloading.
INFO 2025-08-09 13:48:06,832 autoreload 98648 8771748224 /Users/thulanimoyo/MEGA downloads/new downloads/BIDR_Backend/product_management_service/analytics/models.py changed, reloading.
INFO 2025-08-09 13:48:06,928 autoreload 98878 8771748224 Watching for file changes with StatReloader
INFO 2025-08-09 13:48:07,117 autoreload 98879 8771748224 Watching for file changes with StatReloader
INFO 2025-08-09 13:49:12,612 autoreload 99096 8771748224 Watching for file changes with StatReloader
INFO 2025-08-09 13:49:19,607 basehttp 99096 6157578240 "GET /admin/analytics/salesanalytics/add/ HTTP/1.1" 200 26566
INFO 2025-08-09 13:49:19,633 basehttp 99096 6157578240 "GET /admin/jsi18n/ HTTP/1.1" 200 3342
ERROR 2025-08-09 13:49:26,411 log 99096 6157578240 Internal Server Error: /admin/analytics/productrequestanalytics/
Traceback (most recent call last):
  File "/Library/Frameworks/Python.framework/Versions/3.10/lib/python3.10/site-packages/django/core/handlers/exception.py", line 55, in inner
    response = get_response(request)
  File "/Library/Frameworks/Python.framework/Versions/3.10/lib/python3.10/site-packages/django/core/handlers/base.py", line 197, in _get_response
    response = wrapped_callback(request, *callback_args, **callback_kwargs)
  File "/Library/Frameworks/Python.framework/Versions/3.10/lib/python3.10/site-packages/django/contrib/admin/options.py", line 716, in wrapper
    return self.admin_site.admin_view(view)(*args, **kwargs)
  File "/Library/Frameworks/Python.framework/Versions/3.10/lib/python3.10/site-packages/django/utils/decorators.py", line 188, in _view_wrapper
    result = _process_exception(request, e)
  File "/Library/Frameworks/Python.framework/Versions/3.10/lib/python3.10/site-packages/django/utils/decorators.py", line 186, in _view_wrapper
    response = view_func(request, *args, **kwargs)
  File "/Library/Frameworks/Python.framework/Versions/3.10/lib/python3.10/site-packages/django/views/decorators/cache.py", line 80, in _view_wrapper
    response = view_func(request, *args, **kwargs)
  File "/Library/Frameworks/Python.framework/Versions/3.10/lib/python3.10/site-packages/django/contrib/admin/sites.py", line 240, in inner
    return view(request, *args, **kwargs)
  File "/Library/Frameworks/Python.framework/Versions/3.10/lib/python3.10/site-packages/django/utils/decorators.py", line 48, in _wrapper
    return bound_method(*args, **kwargs)
  File "/Library/Frameworks/Python.framework/Versions/3.10/lib/python3.10/site-packages/django/utils/decorators.py", line 188, in _view_wrapper
    result = _process_exception(request, e)
  File "/Library/Frameworks/Python.framework/Versions/3.10/lib/python3.10/site-packages/django/utils/decorators.py", line 186, in _view_wrapper
    response = view_func(request, *args, **kwargs)
  File "/Library/Frameworks/Python.framework/Versions/3.10/lib/python3.10/site-packages/django/contrib/admin/options.py", line 2126, in changelist_view
    "selection_note": _("0 of %(cnt)s selected") % {"cnt": len(cl.result_list)},
  File "/Library/Frameworks/Python.framework/Versions/3.10/lib/python3.10/site-packages/django/db/models/query.py", line 382, in __len__
    self._fetch_all()
  File "/Library/Frameworks/Python.framework/Versions/3.10/lib/python3.10/site-packages/django/db/models/query.py", line 1928, in _fetch_all
    self._result_cache = list(self._iterable_class(self))
  File "/Library/Frameworks/Python.framework/Versions/3.10/lib/python3.10/site-packages/django/db/models/query.py", line 91, in __iter__
    results = compiler.execute_sql(
  File "/Library/Frameworks/Python.framework/Versions/3.10/lib/python3.10/site-packages/django/db/models/sql/compiler.py", line 1549, in execute_sql
    sql, params = self.as_sql()
  File "/Library/Frameworks/Python.framework/Versions/3.10/lib/python3.10/site-packages/django/db/models/sql/compiler.py", line 736, in as_sql
    extra_select, order_by, group_by = self.pre_sql_setup(
  File "/Library/Frameworks/Python.framework/Versions/3.10/lib/python3.10/site-packages/django/db/models/sql/compiler.py", line 84, in pre_sql_setup
    self.setup_query(with_col_aliases=with_col_aliases)
  File "/Library/Frameworks/Python.framework/Versions/3.10/lib/python3.10/site-packages/django/db/models/sql/compiler.py", line 73, in setup_query
    self.select, self.klass_info, self.annotation_col_map = self.get_select(
  File "/Library/Frameworks/Python.framework/Versions/3.10/lib/python3.10/site-packages/django/db/models/sql/compiler.py", line 279, in get_select
    related_klass_infos = self.get_related_selections(select, select_mask)
  File "/Library/Frameworks/Python.framework/Versions/3.10/lib/python3.10/site-packages/django/db/models/sql/compiler.py", line 1235, in get_related_selections
    next_klass_infos = self.get_related_selections(
  File "/Library/Frameworks/Python.framework/Versions/3.10/lib/python3.10/site-packages/django/db/models/sql/compiler.py", line 1200, in get_related_selections
    raise FieldError(
django.core.exceptions.FieldError: Non-relational field given in select_related: 'category'. Choices are: buyer_id, vehicle_tyres_rims, vehicle_spares, consumer_electronics
ERROR 2025-08-09 13:49:26,413 basehttp 99096 6157578240 "GET /admin/analytics/productrequestanalytics/ HTTP/1.1" 500 183404
INFO 2025-08-09 13:49:48,241 autoreload 99096 8771748224 /Users/thulanimoyo/MEGA downloads/new downloads/BIDR_Backend/product_management_service/analytics/admin.py changed, reloading.
INFO 2025-08-09 13:49:48,636 autoreload 99168 8771748224 Watching for file changes with StatReloader
INFO 2025-08-09 13:50:23,308 basehttp 99168 6124105728 "GET /admin/analytics/salesanalytics/add/ HTTP/1.1" 200 26566
INFO 2025-08-09 13:50:25,524 basehttp 99168 6124105728 "GET /admin/analytics/searchanalytics/ HTTP/1.1" 200 46339
INFO 2025-08-09 13:50:25,535 basehttp 99168 6124105728 "GET /admin/jsi18n/ HTTP/1.1" 200 3342
INFO 2025-08-09 13:50:36,406 basehttp 99168 6124105728 "GET /admin/analytics/userbehavioranalytics/ HTTP/1.1" 200 24407
INFO 2025-08-09 13:50:36,413 basehttp 99168 6124105728 "GET /admin/jsi18n/ HTTP/1.1" 200 3342
INFO 2025-08-09 13:50:42,012 basehttp 99168 6124105728 "GET /admin/analytics/analyticsreport/ HTTP/1.1" 200 18642
INFO 2025-08-09 13:50:42,024 basehttp 99168 6124105728 "GET /admin/jsi18n/ HTTP/1.1" 200 3342
INFO 2025-08-09 13:50:44,034 basehttp 99168 6124105728 "GET /admin/analytics/categoryanalytics/ HTTP/1.1" 200 41769
INFO 2025-08-09 13:50:44,043 basehttp 99168 6124105728 "GET /admin/jsi18n/ HTTP/1.1" 200 3342
INFO 2025-08-09 13:50:47,125 basehttp 99168 6124105728 "GET /admin/analytics/inventoryanalytics/ HTTP/1.1" 200 24210
INFO 2025-08-09 13:50:47,134 basehttp 99168 6124105728 "GET /admin/jsi18n/ HTTP/1.1" 200 3342
INFO 2025-08-09 13:50:48,953 basehttp 99168 6124105728 "GET /admin/analytics/productrequestanalytics/ HTTP/1.1" 200 79147
INFO 2025-08-09 13:50:48,963 basehttp 99168 6124105728 "GET /admin/jsi18n/ HTTP/1.1" 200 3342
INFO 2025-08-09 13:50:54,368 basehttp 99168 6124105728 "GET /admin/analytics/salesanalytics/ HTTP/1.1" 200 24252
INFO 2025-08-09 13:50:54,377 basehttp 99168 6124105728 "GET /admin/jsi18n/ HTTP/1.1" 200 3342
INFO 2025-08-09 13:50:55,652 basehttp 99168 6124105728 "GET /admin/analytics/searchanalytics/ HTTP/1.1" 200 46339
INFO 2025-08-09 13:50:55,662 basehttp 99168 6124105728 "GET /admin/jsi18n/ HTTP/1.1" 200 3342
INFO 2025-08-09 13:50:56,513 basehttp 99168 6124105728 "GET /admin/analytics/userbehavioranalytics/ HTTP/1.1" 200 24407
INFO 2025-08-09 13:50:56,526 basehttp 99168 6124105728 "GET /admin/jsi18n/ HTTP/1.1" 200 3342
INFO 2025-08-09 13:50:57,867 basehttp 99168 6124105728 "GET /admin/analytics/analyticsreport/ HTTP/1.1" 200 18642
INFO 2025-08-09 13:50:57,876 basehttp 99168 6124105728 "GET /admin/jsi18n/ HTTP/1.1" 200 3342
ERROR 2025-08-09 13:51:00,128 log 99168 6124105728 Internal Server Error: /admin/analytics/analyticsreport/add/
Traceback (most recent call last):
  File "/Library/Frameworks/Python.framework/Versions/3.10/lib/python3.10/site-packages/django/db/models/options.py", line 681, in get_field
    return self.fields_map[field_name]
KeyError: 'date_range_days_display'

During handling of the above exception, another exception occurred:

Traceback (most recent call last):
  File "/Library/Frameworks/Python.framework/Versions/3.10/lib/python3.10/site-packages/django/contrib/admin/utils.py", line 289, in lookup_field
    f = _get_non_gfk_field(opts, name)
  File "/Library/Frameworks/Python.framework/Versions/3.10/lib/python3.10/site-packages/django/contrib/admin/utils.py", line 322, in _get_non_gfk_field
    field = opts.get_field(name)
  File "/Library/Frameworks/Python.framework/Versions/3.10/lib/python3.10/site-packages/django/db/models/options.py", line 683, in get_field
    raise FieldDoesNotExist(
django.core.exceptions.FieldDoesNotExist: AnalyticsReport has no field named 'date_range_days_display'

During handling of the above exception, another exception occurred:

Traceback (most recent call last):
  File "/Library/Frameworks/Python.framework/Versions/3.10/lib/python3.10/site-packages/django/core/handlers/exception.py", line 55, in inner
    response = get_response(request)
  File "/Library/Frameworks/Python.framework/Versions/3.10/lib/python3.10/site-packages/django/core/handlers/base.py", line 220, in _get_response
    response = response.render()
  File "/Library/Frameworks/Python.framework/Versions/3.10/lib/python3.10/site-packages/django/template/response.py", line 114, in render
    self.content = self.rendered_content
  File "/Library/Frameworks/Python.framework/Versions/3.10/lib/python3.10/site-packages/django/template/response.py", line 92, in rendered_content
    return template.render(context, self._request)
  File "/Library/Frameworks/Python.framework/Versions/3.10/lib/python3.10/site-packages/django/template/backends/django.py", line 61, in render
    return self.template.render(context)
  File "/Library/Frameworks/Python.framework/Versions/3.10/lib/python3.10/site-packages/django/template/base.py", line 171, in render
    return self._render(context)
  File "/Library/Frameworks/Python.framework/Versions/3.10/lib/python3.10/site-packages/django/template/base.py", line 163, in _render
    return self.nodelist.render(context)
  File "/Library/Frameworks/Python.framework/Versions/3.10/lib/python3.10/site-packages/django/template/base.py", line 1000, in render
    return SafeString("".join([node.render_annotated(context) for node in self]))
  File "/Library/Frameworks/Python.framework/Versions/3.10/lib/python3.10/site-packages/django/template/base.py", line 1000, in <listcomp>
    return SafeString("".join([node.render_annotated(context) for node in self]))
  File "/Library/Frameworks/Python.framework/Versions/3.10/lib/python3.10/site-packages/django/template/base.py", line 961, in render_annotated
    return self.render(context)
  File "/Library/Frameworks/Python.framework/Versions/3.10/lib/python3.10/site-packages/django/template/loader_tags.py", line 159, in render
    return compiled_parent._render(context)
  File "/Library/Frameworks/Python.framework/Versions/3.10/lib/python3.10/site-packages/django/template/base.py", line 163, in _render
    return self.nodelist.render(context)
  File "/Library/Frameworks/Python.framework/Versions/3.10/lib/python3.10/site-packages/django/template/base.py", line 1000, in render
    return SafeString("".join([node.render_annotated(context) for node in self]))
  File "/Library/Frameworks/Python.framework/Versions/3.10/lib/python3.10/site-packages/django/template/base.py", line 1000, in <listcomp>
    return SafeString("".join([node.render_annotated(context) for node in self]))
  File "/Library/Frameworks/Python.framework/Versions/3.10/lib/python3.10/site-packages/django/template/base.py", line 961, in render_annotated
    return self.render(context)
  File "/Library/Frameworks/Python.framework/Versions/3.10/lib/python3.10/site-packages/django/template/loader_tags.py", line 159, in render
    return compiled_parent._render(context)
  File "/Library/Frameworks/Python.framework/Versions/3.10/lib/python3.10/site-packages/django/template/base.py", line 163, in _render
    return self.nodelist.render(context)
  File "/Library/Frameworks/Python.framework/Versions/3.10/lib/python3.10/site-packages/django/template/base.py", line 1000, in render
    return SafeString("".join([node.render_annotated(context) for node in self]))
  File "/Library/Frameworks/Python.framework/Versions/3.10/lib/python3.10/site-packages/django/template/base.py", line 1000, in <listcomp>
    return SafeString("".join([node.render_annotated(context) for node in self]))
  File "/Library/Frameworks/Python.framework/Versions/3.10/lib/python3.10/site-packages/django/template/base.py", line 961, in render_annotated
    return self.render(context)
  File "/Library/Frameworks/Python.framework/Versions/3.10/lib/python3.10/site-packages/django/template/loader_tags.py", line 65, in render
    result = block.nodelist.render(context)
  File "/Library/Frameworks/Python.framework/Versions/3.10/lib/python3.10/site-packages/django/template/base.py", line 1000, in render
    return SafeString("".join([node.render_annotated(context) for node in self]))
  File "/Library/Frameworks/Python.framework/Versions/3.10/lib/python3.10/site-packages/django/template/base.py", line 1000, in <listcomp>
    return SafeString("".join([node.render_annotated(context) for node in self]))
  File "/Library/Frameworks/Python.framework/Versions/3.10/lib/python3.10/site-packages/django/template/base.py", line 961, in render_annotated
    return self.render(context)
  File "/Library/Frameworks/Python.framework/Versions/3.10/lib/python3.10/site-packages/django/template/loader_tags.py", line 65, in render
    result = block.nodelist.render(context)
  File "/Library/Frameworks/Python.framework/Versions/3.10/lib/python3.10/site-packages/django/template/base.py", line 1000, in render
    return SafeString("".join([node.render_annotated(context) for node in self]))
  File "/Library/Frameworks/Python.framework/Versions/3.10/lib/python3.10/site-packages/django/template/base.py", line 1000, in <listcomp>
    return SafeString("".join([node.render_annotated(context) for node in self]))
  File "/Library/Frameworks/Python.framework/Versions/3.10/lib/python3.10/site-packages/django/template/base.py", line 961, in render_annotated
    return self.render(context)
  File "/Library/Frameworks/Python.framework/Versions/3.10/lib/python3.10/site-packages/django/template/defaulttags.py", line 242, in render
    nodelist.append(node.render_annotated(context))
  File "/Library/Frameworks/Python.framework/Versions/3.10/lib/python3.10/site-packages/django/template/base.py", line 961, in render_annotated
    return self.render(context)
  File "/Library/Frameworks/Python.framework/Versions/3.10/lib/python3.10/site-packages/django/template/loader_tags.py", line 210, in render
    return template.render(context)
  File "/Library/Frameworks/Python.framework/Versions/3.10/lib/python3.10/site-packages/django/template/base.py", line 173, in render
    return self._render(context)
  File "/Library/Frameworks/Python.framework/Versions/3.10/lib/python3.10/site-packages/django/template/base.py", line 163, in _render
    return self.nodelist.render(context)
  File "/Library/Frameworks/Python.framework/Versions/3.10/lib/python3.10/site-packages/django/template/base.py", line 1000, in render
    return SafeString("".join([node.render_annotated(context) for node in self]))
  File "/Library/Frameworks/Python.framework/Versions/3.10/lib/python3.10/site-packages/django/template/base.py", line 1000, in <listcomp>
    return SafeString("".join([node.render_annotated(context) for node in self]))
  File "/Library/Frameworks/Python.framework/Versions/3.10/lib/python3.10/site-packages/django/template/base.py", line 961, in render_annotated
    return self.render(context)
  File "/Library/Frameworks/Python.framework/Versions/3.10/lib/python3.10/site-packages/django/template/defaulttags.py", line 242, in render
    nodelist.append(node.render_annotated(context))
  File "/Library/Frameworks/Python.framework/Versions/3.10/lib/python3.10/site-packages/django/template/base.py", line 961, in render_annotated
    return self.render(context)
  File "/Library/Frameworks/Python.framework/Versions/3.10/lib/python3.10/site-packages/django/template/defaulttags.py", line 242, in render
    nodelist.append(node.render_annotated(context))
  File "/Library/Frameworks/Python.framework/Versions/3.10/lib/python3.10/site-packages/django/template/base.py", line 961, in render_annotated
    return self.render(context)
  File "/Library/Frameworks/Python.framework/Versions/3.10/lib/python3.10/site-packages/django/template/defaulttags.py", line 326, in render
    return nodelist.render(context)
  File "/Library/Frameworks/Python.framework/Versions/3.10/lib/python3.10/site-packages/django/template/base.py", line 1000, in render
    return SafeString("".join([node.render_annotated(context) for node in self]))
  File "/Library/Frameworks/Python.framework/Versions/3.10/lib/python3.10/site-packages/django/template/base.py", line 1000, in <listcomp>
    return SafeString("".join([node.render_annotated(context) for node in self]))
  File "/Library/Frameworks/Python.framework/Versions/3.10/lib/python3.10/site-packages/django/template/base.py", line 961, in render_annotated
    return self.render(context)
  File "/Library/Frameworks/Python.framework/Versions/3.10/lib/python3.10/site-packages/django/template/defaulttags.py", line 326, in render
    return nodelist.render(context)
  File "/Library/Frameworks/Python.framework/Versions/3.10/lib/python3.10/site-packages/django/template/base.py", line 1000, in render
    return SafeString("".join([node.render_annotated(context) for node in self]))
  File "/Library/Frameworks/Python.framework/Versions/3.10/lib/python3.10/site-packages/django/template/base.py", line 1000, in <listcomp>
    return SafeString("".join([node.render_annotated(context) for node in self]))
  File "/Library/Frameworks/Python.framework/Versions/3.10/lib/python3.10/site-packages/django/template/base.py", line 961, in render_annotated
    return self.render(context)
  File "/Library/Frameworks/Python.framework/Versions/3.10/lib/python3.10/site-packages/django/template/base.py", line 1059, in render
    output = self.filter_expression.resolve(context)
  File "/Library/Frameworks/Python.framework/Versions/3.10/lib/python3.10/site-packages/django/template/base.py", line 710, in resolve
    obj = self.var.resolve(context)
  File "/Library/Frameworks/Python.framework/Versions/3.10/lib/python3.10/site-packages/django/template/base.py", line 842, in resolve
    value = self._resolve_lookup(context)
  File "/Library/Frameworks/Python.framework/Versions/3.10/lib/python3.10/site-packages/django/template/base.py", line 909, in _resolve_lookup
    current = current()
  File "/Library/Frameworks/Python.framework/Versions/3.10/lib/python3.10/site-packages/django/contrib/admin/helpers.py", line 270, in contents
    f, attr, value = lookup_field(field, obj, model_admin)
  File "/Library/Frameworks/Python.framework/Versions/3.10/lib/python3.10/site-packages/django/contrib/admin/utils.py", line 298, in lookup_field
    value = attr(obj)
  File "/Users/thulanimoyo/MEGA downloads/new downloads/BIDR_Backend/product_management_service/analytics/admin.py", line 367, in date_range_days_display
    return f"{obj.date_range_days} days"
  File "/Users/thulanimoyo/MEGA downloads/new downloads/BIDR_Backend/product_management_service/analytics/models.py", line 651, in date_range_days
    return (self.end_date - self.start_date).days + 1
TypeError: unsupported operand type(s) for -: 'NoneType' and 'NoneType'
ERROR 2025-08-09 13:51:00,135 basehttp 99168 6124105728 "GET /admin/analytics/analyticsreport/add/ HTTP/1.1" 500 675803
INFO 2025-08-09 13:52:16,638 autoreload 99168 8771748224 /Users/thulanimoyo/MEGA downloads/new downloads/BIDR_Backend/product_management_service/analytics/models.py changed, reloading.
INFO 2025-08-09 13:52:17,060 autoreload 99508 8771748224 Watching for file changes with StatReloader
INFO 2025-08-09 13:52:38,119 basehttp 99508 6129561600 "GET /admin/analytics/analyticsreport/add/ HTTP/1.1" 200 28995
INFO 2025-08-09 13:52:38,131 basehttp 99508 6129561600 "GET /admin/jsi18n/ HTTP/1.1" 200 3342
INFO 2025-08-09 13:52:40,766 basehttp 99508 6129561600 "GET /admin/analytics/analyticsreport/ HTTP/1.1" 200 18642
INFO 2025-08-09 13:52:40,774 basehttp 99508 6129561600 "GET /admin/jsi18n/ HTTP/1.1" 200 3342
INFO 2025-08-09 13:52:42,951 basehttp 99508 6129561600 "GET /admin/analytics/analyticsreport/add/ HTTP/1.1" 200 28995
INFO 2025-08-09 13:52:42,960 basehttp 99508 6129561600 "GET /admin/jsi18n/ HTTP/1.1" 200 3342
INFO 2025-08-09 13:54:21,249 autoreload 99508 8771748224 /Users/thulanimoyo/MEGA downloads/new downloads/BIDR_Backend/product_management_service/product_requests/views.py changed, reloading.
INFO 2025-08-09 13:54:21,681 autoreload 99698 8771748224 Watching for file changes with StatReloader
INFO 2025-08-09 13:54:29,191 autoreload 99698 8771748224 /Users/thulanimoyo/MEGA downloads/new downloads/BIDR_Backend/product_management_service/product_requests/views.py changed, reloading.
INFO 2025-08-09 13:54:29,555 autoreload 99712 8771748224 Watching for file changes with StatReloader
INFO 2025-08-09 13:54:55,773 autoreload 99712 8771748224 /Users/thulanimoyo/MEGA downloads/new downloads/BIDR_Backend/product_management_service/product_requests/views.py changed, reloading.
INFO 2025-08-09 13:54:56,135 autoreload 99757 8771748224 Watching for file changes with StatReloader
INFO 2025-08-09 13:55:06,759 autoreload 99757 8771748224 /Users/thulanimoyo/MEGA downloads/new downloads/BIDR_Backend/product_management_service/product_requests/views.py changed, reloading.
INFO 2025-08-09 13:55:07,109 autoreload 99779 8771748224 Watching for file changes with StatReloader
WARNING 2025-08-09 13:57:59,060 log 205 8771748224 Not Found: /product-requests/api/v1/requests/
WARNING 2025-08-09 14:01:02,773 log 656 8771748224 Unauthorized: /analytics/api/v1/product-request-analytics/
WARNING 2025-08-09 14:01:02,775 log 656 8771748224 Unauthorized: /analytics/api/v1/category-analytics/
WARNING 2025-08-09 14:01:02,776 log 656 8771748224 Unauthorized: /analytics/api/v1/dashboard/overview/
WARNING 2025-08-09 14:01:02,779 log 656 8771748224 Unauthorized: /analytics/api/v1/reports/
ERROR 2025-08-09 14:01:03,137 log 656 8771748224 Internal Server Error: /analytics/api/v1/category-analytics/
ERROR 2025-08-09 14:01:03,539 log 656 8771748224 Internal Server Error: /analytics/api/v1/dashboard/overview/
ERROR 2025-08-09 14:01:03,816 log 656 8771748224 Internal Server Error: /analytics/api/v1/dashboard/trends/
ERROR 2025-08-09 14:01:04,090 log 656 8771748224 Internal Server Error: /analytics/api/v1/product-request-analytics/
WARNING 2025-08-09 14:01:06,629 log 656 8771748224 Not Found: /product-requests/api/v1/requests/
INFO 2025-08-09 15:32:49,675 basehttp 99779 6201831424 "GET /admin/analytics/analyticsreport/add/ HTTP/1.1" 200 28995
INFO 2025-08-09 15:32:49,693 basehttp 99779 6201831424 "GET /admin/jsi18n/ HTTP/1.1" 200 3342
INFO 2025-08-09 15:32:54,594 basehttp 99779 6201831424 "GET /admin/analytics/userbehavioranalytics/ HTTP/1.1" 200 24407
INFO 2025-08-09 15:32:54,613 basehttp 99779 6201831424 "GET /admin/jsi18n/ HTTP/1.1" 200 3342
INFO 2025-08-09 22:32:41,969 basehttp 99779 6201831424 "GET /admin/analytics/userbehavioranalytics/ HTTP/1.1" 200 24407
INFO 2025-08-09 22:32:41,992 basehttp 99779 6201831424 "GET /admin/jsi18n/ HTTP/1.1" 200 3342
INFO 2025-08-09 22:34:06,176 autoreload 99779 8771748224 /Users/thulanimoyo/MEGA downloads/new downloads/BIDR_Backend/product_management_service/product_management_service/settings.py changed, reloading.
INFO 2025-08-09 22:34:07,509 autoreload 40923 8771748224 Watching for file changes with StatReloader
INFO 2025-08-09 22:34:30,385 autoreload 40923 8771748224 /Users/thulanimoyo/MEGA downloads/new downloads/BIDR_Backend/product_management_service/app_logs/middleware.py changed, reloading.
INFO 2025-08-09 22:34:30,874 autoreload 40999 8771748224 Watching for file changes with StatReloader
INFO 2025-08-09 22:34:42,065 basehttp 40999 6138408960 "GET /admin/analytics/userbehavioranalytics/ HTTP/1.1" 200 26579
INFO 2025-08-09 22:34:42,087 basehttp 40999 6138408960 "GET /admin/jsi18n/ HTTP/1.1" 200 3342
INFO 2025-08-09 22:34:46,735 autoreload 40999 8771748224 /Users/thulanimoyo/MEGA downloads/new downloads/BIDR_Backend/product_management_service/app_logs/middleware.py changed, reloading.
INFO 2025-08-09 22:34:47,189 autoreload 41062 8771748224 Watching for file changes with StatReloader
INFO 2025-08-09 22:35:08,647 basehttp 41062 6130970624 "GET /admin/app_logs/apirequestlog/ HTTP/1.1" 200 20098
INFO 2025-08-09 22:35:08,661 basehttp 41062 6130970624 "GET /admin/jsi18n/ HTTP/1.1" 200 3342
ERROR 2025-08-09 22:35:48,138 log 41450 8771748224 Internal Server Error: /categories/categories/
WARNING 2025-08-09 22:35:48,265 log 41450 8771748224 Not Found: /analytics/product-request-analytics/
WARNING 2025-08-09 22:35:48,575 log 41450 8771748224 Not Found: /nonexistent-endpoint/
WARNING 2025-08-09 22:35:48,715 log 41450 8771748224 Bad Request: /product-requests/requests/
INFO 2025-08-09 22:36:09,246 basehttp 41062 6130970624 "GET /admin/app_logs/apirequestlog/ HTTP/1.1" 200 25962
INFO 2025-08-09 22:36:09,259 basehttp 41062 6130970624 "GET /admin/jsi18n/ HTTP/1.1" 200 3342
INFO 2025-08-09 22:36:16,533 basehttp 41062 6130970624 "GET /admin/categories/categoryspecification/ HTTP/1.1" 200 19549
INFO 2025-08-09 22:36:16,542 basehttp 41062 6130970624 "GET /admin/jsi18n/ HTTP/1.1" 200 3342
INFO 2025-08-09 22:36:18,498 basehttp 41062 6130970624 "GET /admin/categories/categoryspecification/add/ HTTP/1.1" 200 24472
INFO 2025-08-09 22:36:18,508 basehttp 41062 6130970624 "GET /admin/jsi18n/ HTTP/1.1" 200 3342
INFO 2025-08-09 22:36:36,228 basehttp 41062 6130970624 "GET /admin/categories/categoryattribute/ HTTP/1.1" 200 20135
INFO 2025-08-09 22:36:36,237 basehttp 41062 6130970624 "GET /admin/jsi18n/ HTTP/1.1" 200 3342
INFO 2025-08-09 22:36:37,938 basehttp 41062 6130970624 "GET /admin/categories/categoryattribute/add/ HTTP/1.1" 200 32352
INFO 2025-08-09 22:36:37,949 basehttp 41062 6130970624 "GET /admin/jsi18n/ HTTP/1.1" 200 3342
INFO 2025-08-09 22:37:16,558 basehttp 41062 6130970624 "GET /admin/product_requests/requestwatchlist/ HTTP/1.1" 200 20224
INFO 2025-08-09 22:37:16,567 basehttp 41062 6130970624 "GET /admin/jsi18n/ HTTP/1.1" 200 3342
INFO 2025-08-09 22:37:18,517 basehttp 41062 6130970624 "GET /admin/product_requests/requestwatchlist/add/ HTTP/1.1" 200 26561
INFO 2025-08-09 22:37:18,526 basehttp 41062 6130970624 "GET /admin/jsi18n/ HTTP/1.1" 200 3342
INFO 2025-08-09 22:37:36,161 basehttp 41062 6130970624 "GET /admin/token_blacklist/blacklistedtoken/ HTTP/1.1" 200 17707
INFO 2025-08-09 22:37:36,172 basehttp 41062 6130970624 "GET /admin/jsi18n/ HTTP/1.1" 200 3342
INFO 2025-08-09 22:37:38,803 basehttp 41062 6130970624 "GET /admin/token_blacklist/blacklistedtoken/add/ HTTP/1.1" 200 18934
INFO 2025-08-09 22:37:38,815 basehttp 41062 6130970624 "GET /admin/jsi18n/ HTTP/1.1" 200 3342
INFO 2025-08-09 22:39:01,084 autoreload 41062 8771748224 /Users/thulanimoyo/MEGA downloads/new downloads/BIDR_Backend/product_management_service/product_management_service/settings.py changed, reloading.
INFO 2025-08-09 22:39:01,656 autoreload 42224 8771748224 Watching for file changes with StatReloader
INFO 2025-08-09 22:40:49,138 autoreload 42224 8771748224 /Users/thulanimoyo/MEGA downloads/new downloads/BIDR_Backend/product_management_service/app_logs/apps.py changed, reloading.
INFO 2025-08-09 22:40:49,567 autoreload 42428 8771748224 Watching for file changes with StatReloader
INFO 2025-08-09 22:41:13,781 autoreload 42428 8771748224 /Users/thulanimoyo/MEGA downloads/new downloads/BIDR_Backend/product_management_service/core/apps.py changed, reloading.
INFO 2025-08-09 22:41:14,210 autoreload 42470 8771748224 Watching for file changes with StatReloader
INFO 2025-08-09 22:41:25,886 autoreload 42470 8771748224 /Users/thulanimoyo/MEGA downloads/new downloads/BIDR_Backend/product_management_service/categories/apps.py changed, reloading.
INFO 2025-08-09 22:41:26,317 autoreload 42490 8771748224 Watching for file changes with StatReloader
INFO 2025-08-09 22:41:36,887 autoreload 42490 8771748224 /Users/thulanimoyo/MEGA downloads/new downloads/BIDR_Backend/product_management_service/product_requests/apps.py changed, reloading.
INFO 2025-08-09 22:41:37,613 autoreload 42509 8771748224 Watching for file changes with StatReloader
INFO 2025-08-09 22:41:55,503 autoreload 42509 8771748224 /Users/thulanimoyo/MEGA downloads/new downloads/BIDR_Backend/product_management_service/analytics/apps.py changed, reloading.
INFO 2025-08-09 22:41:55,884 autoreload 42538 8771748224 Watching for file changes with StatReloader
WARNING 2025-08-09 22:48:53,068 log 43193 8771748224 Unauthorized: /product-requests/requests/
WARNING 2025-08-09 22:48:53,311 log 43193 8771748224 Not Found: /api/token/blacklist/
WARNING 2025-08-09 22:48:53,415 log 43193 8771748224 Not Found: /api/token/
WARNING 2025-08-09 22:48:53,519 log 43193 8771748224 Not Found: /api/token/refresh/
ERROR 2025-08-09 22:48:56,260 log 43193 8771748224 Internal Server Error: /api/v1/categories/categories/
ERROR 2025-08-09 22:48:56,370 log 43193 8771748224 Internal Server Error: /api/v1/categories/categories/
ERROR 2025-08-09 22:48:56,480 log 43193 8771748224 Internal Server Error: /api/v1/categories/categories/
WARNING 2025-08-09 22:48:56,587 log 43193 8771748224 Unauthorized: /api/v1/categories/categories/
ERROR 2025-08-09 22:48:56,807 log 43193 8771748224 Internal Server Error: /api/v1/categories/categories/
ERROR 2025-08-09 22:48:56,918 log 43193 8771748224 Internal Server Error: /api/v1/categories/categories/227d1889-d9a0-41ea-95c8-4552789f7cd5/
ERROR 2025-08-09 22:48:57,031 log 43193 8771748224 Internal Server Error: /api/v1/categories/categories/d4f0578d-7a25-425e-a872-da47c5f66d30/
WARNING 2025-08-09 22:48:57,685 log 43193 8771748224 Unauthorized: /api/v1/categories/attributes/
INFO 2025-08-09 22:50:17,641 basehttp 42538 6204043264 "GET /admin/token_blacklist/blacklistedtoken/add/ HTTP/1.1" 200 18998
INFO 2025-08-09 22:50:17,664 basehttp 42538 6204043264 "GET /admin/jsi18n/ HTTP/1.1" 200 3342
INFO 2025-08-09 22:50:19,940 basehttp 42538 6204043264 "GET /admin/app_logs/apirequestlog/ HTTP/1.1" 200 26034
INFO 2025-08-09 22:50:19,950 basehttp 42538 6204043264 "GET /admin/jsi18n/ HTTP/1.1" 200 3342
INFO 2025-08-09 22:50:22,271 basehttp 42538 6204043264 "GET /admin/app_logs/applicationlog/ HTTP/1.1" 200 20218
INFO 2025-08-09 22:50:22,285 basehttp 42538 6204043264 "GET /admin/jsi18n/ HTTP/1.1" 200 3342
INFO 2025-08-09 22:50:23,532 basehttp 42538 6204043264 "GET /admin/app_logs/categorylog/ HTTP/1.1" 200 18970
INFO 2025-08-09 22:50:23,544 basehttp 42538 6204043264 "GET /admin/jsi18n/ HTTP/1.1" 200 3342
INFO 2025-08-09 22:50:24,706 basehttp 42538 6204043264 "GET /admin/app_logs/errorlog/ HTTP/1.1" 200 19432
INFO 2025-08-09 22:50:24,717 basehttp 42538 6204043264 "GET /admin/jsi18n/ HTTP/1.1" 200 3342
INFO 2025-08-09 22:50:25,412 basehttp 42538 6204043264 "GET /admin/app_logs/performancelog/ HTTP/1.1" 200 20017
INFO 2025-08-09 22:50:25,423 basehttp 42538 6204043264 "GET /admin/jsi18n/ HTTP/1.1" 200 3342
INFO 2025-08-09 22:50:27,644 basehttp 42538 6204043264 "GET /admin/app_logs/productrequestlog/ HTTP/1.1" 200 19365
INFO 2025-08-09 22:50:27,655 basehttp 42538 6204043264 "GET /admin/jsi18n/ HTTP/1.1" 200 3342
INFO 2025-08-09 22:51:39,646 autoreload 42538 8771748224 /Users/thulanimoyo/MEGA downloads/new downloads/BIDR_Backend/product_management_service/app_logs/middleware.py changed, reloading.
INFO 2025-08-09 22:51:40,106 autoreload 43443 8771748224 Watching for file changes with StatReloader
ERROR 2025-08-09 22:54:34,140 log 43760 8771748224 Internal Server Error: /categories/categories/
INFO 2025-08-09 23:03:02,446 autoreload 43443 8771748224 /Users/thulanimoyo/MEGA downloads/new downloads/BIDR_Backend/product_management_service/product_requests/admin.py changed, reloading.
INFO 2025-08-09 23:03:02,856 autoreload 44886 8771748224 Watching for file changes with StatReloader
INFO 2025-08-09 23:11:52,695 autoreload 44886 8771748224 /Users/thulanimoyo/MEGA downloads/new downloads/BIDR_Backend/product_management_service/product_management_service/settings.py changed, reloading.
INFO 2025-08-09 23:11:53,122 autoreload 45874 8771748224 Watching for file changes with StatReloader
INFO 2025-08-09 23:12:52,615 autoreload 45874 8771748224 /Users/thulanimoyo/MEGA downloads/new downloads/BIDR_Backend/product_management_service/quotes/admin.py changed, reloading.
INFO 2025-08-09 23:12:53,062 autoreload 46006 8771748224 Watching for file changes with StatReloader
INFO 2025-08-09 23:13:42,223 autoreload 46006 8771748224 /Users/thulanimoyo/MEGA downloads/new downloads/BIDR_Backend/product_management_service/quotes/migrations/0001_initial.py changed, reloading.
INFO 2025-08-09 23:13:42,579 autoreload 46363 8771748224 Watching for file changes with StatReloader
WARNING 2025-08-09 23:14:25,516 log 46564 8771748224 Unauthorized: /api/v1/requests/
INFO 2025-08-09 23:24:10,998 basehttp 46363 6134362112 "GET /admin/app_logs/productrequestlog/ HTTP/1.1" 200 21151
INFO 2025-08-09 23:24:11,016 basehttp 46363 6134362112 "GET /admin/jsi18n/ HTTP/1.1" 200 3342
INFO 2025-08-09 23:39:53,773 autoreload 46363 8771748224 /Users/thulanimoyo/MEGA downloads/new downloads/BIDR_Backend/product_management_service/product_management_service/urls.py changed, reloading.
INFO 2025-08-09 23:39:54,434 autoreload 49334 8771748224 Watching for file changes with StatReloader
INFO 2025-08-09 23:40:03,131 autoreload 49334 8771748224 /Users/thulanimoyo/MEGA downloads/new downloads/BIDR_Backend/product_management_service/inventory_service/urls.py changed, reloading.
INFO 2025-08-09 23:40:04,248 autoreload 49412 8771748224 Watching for file changes with StatReloader
INFO 2025-08-09 23:40:10,195 autoreload 49412 8771748224 /Users/thulanimoyo/MEGA downloads/new downloads/BIDR_Backend/product_management_service/analytics/urls.py changed, reloading.
INFO 2025-08-09 23:40:11,509 autoreload 49468 8771748224 Watching for file changes with StatReloader
INFO 2025-08-09 23:40:18,744 autoreload 49548 8771748224 Watching for file changes with StatReloader
INFO 2025-08-09 23:40:27,909 basehttp 49548 13052751872 "GET /swagger/ HTTP/1.1" 200 1673
WARNING 2025-08-09 23:40:35,613 log 49548 13052751872 Unauthorized: /api/v1/categories/
WARNING 2025-08-09 23:40:35,614 basehttp 49548 13052751872 "GET /api/v1/categories/ HTTP/1.1" 401 145
WARNING 2025-08-09 23:40:35,629 log 49548 13052751872 Unauthorized: /api/v1/requests/
WARNING 2025-08-09 23:40:35,629 basehttp 49548 13052751872 "GET /api/v1/requests/ HTTP/1.1" 401 145
WARNING 2025-08-09 23:40:35,645 log 49548 13052751872 Unauthorized: /api/v1/quotes/
WARNING 2025-08-09 23:40:35,645 basehttp 49548 13052751872 "GET /api/v1/quotes/ HTTP/1.1" 401 145
WARNING 2025-08-09 23:40:35,658 log 49548 13052751872 Unauthorized: /api/v1/transactions/
WARNING 2025-08-09 23:40:35,658 basehttp 49548 13052751872 "GET /api/v1/transactions/ HTTP/1.1" 401 145
WARNING 2025-08-09 23:40:35,671 log 49548 13052751872 Unauthorized: /api/v1/ratings/
WARNING 2025-08-09 23:40:35,671 basehttp 49548 13052751872 "GET /api/v1/ratings/ HTTP/1.1" 401 145
WARNING 2025-08-09 23:40:35,684 log 49548 13052751872 Unauthorized: /api/v1/analytics/
WARNING 2025-08-09 23:40:35,684 basehttp 49548 13052751872 "GET /api/v1/analytics/ HTTP/1.1" 401 145
WARNING 2025-08-09 23:40:52,886 log 49548 13052751872 Not Found: /api/token/
WARNING 2025-08-09 23:40:52,889 basehttp 49548 13052751872 "POST /api/token/ HTTP/1.1" 404 5105
INFO 2025-08-09 23:41:26,276 autoreload 49468 8771748224 /Users/thulanimoyo/MEGA downloads/new downloads/BIDR_Backend/product_management_service/product_management_service/urls.py changed, reloading.
INFO 2025-08-09 23:41:26,751 autoreload 49958 8771748224 Watching for file changes with StatReloader
INFO 2025-08-09 23:41:26,802 autoreload 49548 8771748224 /Users/thulanimoyo/MEGA downloads/new downloads/BIDR_Backend/product_management_service/product_management_service/urls.py changed, reloading.
INFO 2025-08-09 23:41:27,215 autoreload 49959 8771748224 Watching for file changes with StatReloader
INFO 2025-08-09 23:41:34,346 autoreload 49958 8771748224 /Users/thulanimoyo/MEGA downloads/new downloads/BIDR_Backend/product_management_service/inventory_service/urls.py changed, reloading.
INFO 2025-08-09 23:41:34,651 autoreload 49976 8771748224 Watching for file changes with StatReloader
INFO 2025-08-09 23:41:34,725 autoreload 49959 8771748224 /Users/thulanimoyo/MEGA downloads/new downloads/BIDR_Backend/product_management_service/inventory_service/urls.py changed, reloading.
INFO 2025-08-09 23:41:35,018 autoreload 49977 8771748224 Watching for file changes with StatReloader
INFO 2025-08-09 23:41:42,254 basehttp 49977 6199980032 "POST /api/token/ HTTP/1.1" 200 491
INFO 2025-08-09 23:41:50,610 basehttp 49977 6199980032 "GET /api/v1/categories/ HTTP/1.1" 200 135
INFO 2025-08-09 23:41:50,623 basehttp 49977 6199980032 "GET /api/v1/requests/ HTTP/1.1" 200 457
INFO 2025-08-09 23:41:50,635 basehttp 49977 6199980032 "GET /api/v1/quotes/ HTTP/1.1" 200 346
INFO 2025-08-09 23:41:58,102 basehttp 49977 6199980032 "GET /api/v1/transactions/ HTTP/1.1" 200 2
INFO 2025-08-09 23:41:58,115 basehttp 49977 6199980032 "GET /api/v1/ratings/ HTTP/1.1" 200 2
INFO 2025-08-09 23:41:58,132 basehttp 49977 6199980032 "GET /api/v1/analytics/ HTTP/1.1" 200 569
INFO 2025-08-09 23:45:49,124 autoreload 49977 8771748224 /Users/thulanimoyo/MEGA downloads/new downloads/BIDR_Backend/product_management_service/product_management_service/urls.py changed, reloading.
INFO 2025-08-09 23:45:49,595 autoreload 50617 8771748224 Watching for file changes with StatReloader
INFO 2025-08-09 23:45:49,683 autoreload 49976 8771748224 /Users/thulanimoyo/MEGA downloads/new downloads/BIDR_Backend/product_management_service/product_management_service/urls.py changed, reloading.
INFO 2025-08-09 23:45:50,035 autoreload 50618 8771748224 Watching for file changes with StatReloader
ERROR 2025-08-09 23:46:19,833 log 50617 6135230464 Internal Server Error: /swagger.json
ERROR 2025-08-09 23:46:19,833 basehttp 50617 6135230464 "GET /swagger.json HTTP/1.1" 500 96
INFO 2025-08-09 23:46:27,850 basehttp 50617 6135230464 "GET / HTTP/1.1" 200 1682
WARNING 2025-08-09 23:46:34,307 log 50617 6135230464 Unauthorized: /api/v1/categories/
WARNING 2025-08-09 23:46:34,307 basehttp 50617 6135230464 "GET /api/v1/categories/ HTTP/1.1" 401 145
WARNING 2025-08-09 23:46:39,835 log 50617 6135230464 Unauthorized: /api/v1/product-requests/
WARNING 2025-08-09 23:46:39,835 basehttp 50617 6135230464 "GET /api/v1/product-requests/ HTTP/1.1" 401 145
WARNING 2025-08-09 23:46:45,761 log 50617 6135230464 Unauthorized: /api/v1/quotes/
WARNING 2025-08-09 23:46:45,761 basehttp 50617 6135230464 "GET /api/v1/quotes/ HTTP/1.1" 401 145
INFO 2025-08-09 23:50:47,807 basehttp 50618 6168309760 "GET /admin/app_logs/productrequestlog/ HTTP/1.1" 200 21151
INFO 2025-08-09 23:50:47,828 basehttp 50618 6168309760 "GET /admin/jsi18n/ HTTP/1.1" 200 3342
INFO 2025-08-09 23:51:05,668 basehttp 50618 6168309760 "GET / HTTP/1.1" 200 1682
INFO 2025-08-09 23:51:05,719 basehttp 50618 13220622336 "GET /static/drf-yasg/insQ.min.js HTTP/1.1" 200 2093
INFO 2025-08-09 23:51:05,720 basehttp 50618 6168309760 "GET /static/drf-yasg/style.css HTTP/1.1" 200 1047
INFO 2025-08-09 23:51:05,725 basehttp 50618 13237448704 "GET /static/drf-yasg/immutable.min.js HTTP/1.1" 200 56904
INFO 2025-08-09 23:51:05,727 basehttp 50618 13220622336 "GET /static/drf-yasg/swagger-ui-init.js HTTP/1.1" 200 15480
INFO 2025-08-09 23:51:05,729 basehttp 50618 13170143232 "GET /static/drf-yasg/swagger-ui-dist/swagger-ui.css HTTP/1.1" 200 145206
INFO 2025-08-09 23:51:05,734 basehttp 50618 13203795968 "GET /static/drf-yasg/swagger-ui-dist/swagger-ui-standalone-preset.js HTTP/1.1" 200 322863
INFO 2025-08-09 23:51:05,743 basehttp 50618 13186969600 "GET /static/drf-yasg/swagger-ui-dist/swagger-ui-bundle.js HTTP/1.1" 200 1046583
INFO 2025-08-09 23:51:05,845 basehttp 50618 13203795968 "GET /static/drf-yasg/swagger-ui-dist/favicon-32x32.png HTTP/1.1" 200 628
ERROR 2025-08-09 23:51:05,963 log 50618 13186969600 Internal Server Error: /
ERROR 2025-08-09 23:51:05,963 basehttp 50618 13186969600 "GET /?format=openapi HTTP/1.1" 500 96
WARNING 2025-08-09 23:51:13,869 log 50618 6168309760 Not Found: /api/v1/
WARNING 2025-08-09 23:51:13,869 basehttp 50618 6168309760 "GET /api/v1/ HTTP/1.1" 404 4267
WARNING 2025-08-09 23:51:13,885 log 50618 6168309760 Not Found: /favicon.ico
WARNING 2025-08-09 23:51:13,885 basehttp 50618 6168309760 "GET /favicon.ico HTTP/1.1" 404 3828
WARNING 2025-08-09 23:51:47,929 log 50618 6168309760 Not Found: /api/v1/inventory/
WARNING 2025-08-09 23:51:47,929 basehttp 50618 6168309760 "GET /api/v1/inventory/ HTTP/1.1" 404 4297
WARNING 2025-08-09 23:52:08,224 log 50618 6168309760 Not Found: /api/v1/api/v1/product-requests
WARNING 2025-08-09 23:52:08,224 basehttp 50618 6168309760 "GET /api/v1/api/v1/product-requests HTTP/1.1" 404 4336
INFO 2025-08-09 23:53:35,511 autoreload 50618 8771748224 /Users/thulanimoyo/MEGA downloads/new downloads/BIDR_Backend/product_management_service/product_management_service/settings.py changed, reloading.
INFO 2025-08-09 23:53:35,780 autoreload 50617 8771748224 /Users/thulanimoyo/MEGA downloads/new downloads/BIDR_Backend/product_management_service/product_management_service/settings.py changed, reloading.
INFO 2025-08-09 23:53:36,030 autoreload 51565 8771748224 Watching for file changes with StatReloader
INFO 2025-08-09 23:53:36,073 autoreload 51566 8771748224 Watching for file changes with StatReloader
INFO 2025-08-09 23:54:05,427 basehttp 51566 6134116352 "GET /api/v1/categories/ HTTP/1.1" 200 155
ERROR 2025-08-09 23:54:11,273 log 51566 6134116352 Internal Server Error: /api/v1/categories/categories/
ERROR 2025-08-09 23:54:11,273 basehttp 51566 6134116352 "GET /api/v1/categories/categories/ HTTP/1.1" 500 96
INFO 2025-08-09 23:54:27,230 autoreload 51565 8771748224 /Users/thulanimoyo/MEGA downloads/new downloads/BIDR_Backend/product_management_service/categories/models.py changed, reloading.
INFO 2025-08-09 23:54:27,335 autoreload 51566 8771748224 /Users/thulanimoyo/MEGA downloads/new downloads/BIDR_Backend/product_management_service/categories/models.py changed, reloading.
INFO 2025-08-09 23:54:27,652 autoreload 51879 8771748224 Watching for file changes with StatReloader
INFO 2025-08-09 23:54:27,652 autoreload 51878 8771748224 Watching for file changes with StatReloader
INFO 2025-08-09 23:55:35,547 basehttp 51879 6125154304 "GET / HTTP/1.1" 200 1682
INFO 2025-08-09 23:55:35,550 basehttp 51879 6141980672 "GET /swagger/ HTTP/1.1" 200 1682
INFO 2025-08-09 23:55:35,553 basehttp 51879 6125154304 "GET /redoc/ HTTP/1.1" 200 952
ERROR 2025-08-09 23:55:35,641 log 51879 6158807040 Internal Server Error: /swagger.json
ERROR 2025-08-09 23:55:35,641 basehttp 51879 6158807040 "GET /swagger.json HTTP/1.1" 500 96
INFO 2025-08-09 23:55:35,646 basehttp 51879 6125154304 "GET /api/v1/categories/ HTTP/1.1" 200 155
INFO 2025-08-09 23:55:35,662 basehttp 51879 6141980672 "GET /api/v1/categories/categories/ HTTP/1.1" 200 2476
WARNING 2025-08-09 23:55:35,666 log 51879 13035925504 Unauthorized: /api/v1/categories/categories/
WARNING 2025-08-09 23:55:35,667 basehttp 51879 13035925504 "POST /api/v1/categories/categories/ HTTP/1.1" 401 145
WARNING 2025-08-09 23:55:35,671 log 51879 6158807040 Unauthorized: /api/v1/categories/categories/
WARNING 2025-08-09 23:55:35,671 basehttp 51879 6158807040 "POST /api/v1/categories/categories/ HTTP/1.1" 401 145
WARNING 2025-08-09 23:55:35,676 log 51879 6125154304 Unauthorized: /api/v1/categories/attributes/
WARNING 2025-08-09 23:55:35,676 basehttp 51879 6125154304 "GET /api/v1/categories/attributes/ HTTP/1.1" 401 145
INFO 2025-08-09 23:55:35,681 basehttp 51879 6141980672 "GET /api/v1/product-requests/ HTTP/1.1" 200 469
INFO 2025-08-09 23:55:35,694 basehttp 51879 6158807040 "GET /api/v1/product-requests/requests/ HTTP/1.1" 200 14167
WARNING 2025-08-09 23:55:35,699 log 51879 13035925504 Unauthorized: /api/v1/product-requests/requests/
WARNING 2025-08-09 23:55:35,699 basehttp 51879 13035925504 "POST /api/v1/product-requests/requests/ HTTP/1.1" 401 145
INFO 2025-08-09 23:55:35,707 basehttp 51879 13052751872 "GET /api/v1/product-requests/consumer-electronics/ HTTP/1.1" 200 6976
INFO 2025-08-09 23:55:35,714 basehttp 51879 6125154304 "GET /api/v1/product-requests/vehicle-spares/ HTTP/1.1" 200 4557
INFO 2025-08-09 23:55:35,721 basehttp 51879 6141980672 "GET /api/v1/product-requests/tyres-rims/ HTTP/1.1" 200 3352
WARNING 2025-08-09 23:55:35,725 log 51879 6158807040 Unauthorized: /api/v1/product-requests/messages/
WARNING 2025-08-09 23:55:35,725 basehttp 51879 6158807040 "GET /api/v1/product-requests/messages/ HTTP/1.1" 401 145
WARNING 2025-08-09 23:55:35,729 log 51879 13035925504 Unauthorized: /api/v1/product-requests/watchlist/
WARNING 2025-08-09 23:55:35,729 basehttp 51879 13035925504 "GET /api/v1/product-requests/watchlist/ HTTP/1.1" 401 145
INFO 2025-08-09 23:55:35,734 basehttp 51879 6125154304 "GET /api/v1/quotes/ HTTP/1.1" 200 396
WARNING 2025-08-09 23:55:35,738 log 51879 6141980672 Unauthorized: /api/v1/quotes/quotes/
WARNING 2025-08-09 23:55:35,738 basehttp 51879 6141980672 "GET /api/v1/quotes/quotes/ HTTP/1.1" 401 145
WARNING 2025-08-09 23:55:35,742 log 51879 6158807040 Unauthorized: /api/v1/quotes/quote-items/
WARNING 2025-08-09 23:55:35,742 basehttp 51879 6158807040 "GET /api/v1/quotes/quote-items/ HTTP/1.1" 401 145
WARNING 2025-08-09 23:55:35,746 log 51879 13035925504 Unauthorized: /api/v1/quotes/quote-attachments/
WARNING 2025-08-09 23:55:35,746 basehttp 51879 13035925504 "GET /api/v1/quotes/quote-attachments/ HTTP/1.1" 401 145
WARNING 2025-08-09 23:55:35,750 log 51879 13052751872 Unauthorized: /api/v1/quotes/quote-messages/
WARNING 2025-08-09 23:55:35,751 basehttp 51879 13052751872 "GET /api/v1/quotes/quote-messages/ HTTP/1.1" 401 145
WARNING 2025-08-09 23:55:35,755 log 51879 6125154304 Unauthorized: /api/v1/quotes/quote-comparisons/
WARNING 2025-08-09 23:55:35,755 basehttp 51879 6125154304 "GET /api/v1/quotes/quote-comparisons/ HTTP/1.1" 401 145
INFO 2025-08-09 23:55:35,759 basehttp 51879 6141980672 "GET /api/v1/transactions/ HTTP/1.1" 200 2
INFO 2025-08-09 23:55:35,762 basehttp 51879 6158807040 "GET /api/v1/ratings/ HTTP/1.1" 200 2
INFO 2025-08-09 23:55:35,774 basehttp 51879 13035925504 "GET /api/v1/analytics/ HTTP/1.1" 200 569
WARNING 2025-08-09 23:55:35,778 log 51879 6125154304 Unauthorized: /api/v1/analytics/product-request-analytics/
WARNING 2025-08-09 23:55:35,779 basehttp 51879 6125154304 "GET /api/v1/analytics/product-request-analytics/ HTTP/1.1" 401 145
WARNING 2025-08-09 23:55:35,785 log 51879 6141980672 Unauthorized: /api/v1/analytics/category-analytics/
WARNING 2025-08-09 23:55:35,785 basehttp 51879 6141980672 "GET /api/v1/analytics/category-analytics/ HTTP/1.1" 401 145
WARNING 2025-08-09 23:55:35,789 log 51879 6158807040 Unauthorized: /api/v1/analytics/user-behavior-analytics/
WARNING 2025-08-09 23:55:35,789 basehttp 51879 6158807040 "GET /api/v1/analytics/user-behavior-analytics/ HTTP/1.1" 401 145
WARNING 2025-08-09 23:55:35,792 log 51879 13035925504 Unauthorized: /api/v1/analytics/search-analytics/
WARNING 2025-08-09 23:55:35,792 basehttp 51879 13035925504 "GET /api/v1/analytics/search-analytics/ HTTP/1.1" 401 145
WARNING 2025-08-09 23:55:35,797 log 51879 13052751872 Unauthorized: /api/v1/analytics/sales-analytics/
WARNING 2025-08-09 23:55:35,797 basehttp 51879 13052751872 "GET /api/v1/analytics/sales-analytics/ HTTP/1.1" 401 145
WARNING 2025-08-09 23:55:35,801 log 51879 6125154304 Unauthorized: /api/v1/analytics/inventory-analytics/
WARNING 2025-08-09 23:55:35,802 basehttp 51879 6125154304 "GET /api/v1/analytics/inventory-analytics/ HTTP/1.1" 401 145
WARNING 2025-08-09 23:55:35,805 log 51879 6141980672 Unauthorized: /api/v1/analytics/reports/
WARNING 2025-08-09 23:55:35,806 basehttp 51879 6141980672 "GET /api/v1/analytics/reports/ HTTP/1.1" 401 145
WARNING 2025-08-09 23:55:35,818 log 51879 6158807040 Not Found: /api/v1/analytics/dashboard/
WARNING 2025-08-09 23:55:35,818 basehttp 51879 6158807040 "GET /api/v1/analytics/dashboard/ HTTP/1.1" 404 19492
WARNING 2025-08-09 23:55:35,922 log 51879 13035925504 Unauthorized: /api/token/
WARNING 2025-08-09 23:55:35,922 basehttp 51879 13035925504 "POST /api/token/ HTTP/1.1" 401 188
INFO 2025-08-10 01:34:28,417 basehttp 51879 6125154304 "GET / HTTP/1.1" 200 1682
WARNING 2025-08-10 01:37:41,106 log 51879 6125154304 Not Found: /api/v1/core/profiles/
WARNING 2025-08-10 01:37:41,107 basehttp 51879 6125154304 "GET /api/v1/core/profiles/ HTTP/1.1" 404 4309
INFO 2025-08-10 01:37:48,500 basehttp 51879 6125154304 "GET /admin/ HTTP/1.1" 302 0
INFO 2025-08-10 03:07:56,418 autoreload 51878 8771748224 /Users/thulanimoyo/MEGA downloads/new downloads/BIDR_Backend/product_management_service/product_requests/models.py changed, reloading.
INFO 2025-08-10 03:07:56,716 autoreload 51879 8771748224 /Users/thulanimoyo/MEGA downloads/new downloads/BIDR_Backend/product_management_service/product_requests/models.py changed, reloading.
INFO 2025-08-10 03:07:57,414 autoreload 77591 8771748224 Watching for file changes with StatReloader
INFO 2025-08-10 03:07:57,435 autoreload 77595 8771748224 Watching for file changes with StatReloader
INFO 2025-08-25 00:16:11,454 autoreload 92113 8582251968 Watching for file changes with StatReloader
INFO 2025-08-25 00:16:21,188 basehttp 92113 6190837760 "GET / HTTP/1.1" 200 1682
WARNING 2025-08-25 00:16:30,762 log 92113 6190837760 Not Found: /api/v1/requests/
WARNING 2025-08-25 00:16:30,763 basehttp 92113 6190837760 "GET /api/v1/requests/ HTTP/1.1" 404 4563
INFO 2025-08-25 00:16:41,811 basehttp 92113 6190837760 "GET /api/v1/product-requests/ HTTP/1.1" 200 469
INFO 2025-08-25 00:16:47,597 basehttp 92113 6190837760 "GET /inventory/api/v1/requests/requests/ HTTP/1.1" 200 14153
WARNING 2025-08-25 00:17:07,936 log 92113 6190837760 Unauthorized: /inventory/api/v1/requests/requests/
WARNING 2025-08-25 00:17:07,937 basehttp 92113 6190837760 "POST /inventory/api/v1/requests/requests/ HTTP/1.1" 401 145
WARNING 2025-08-25 00:17:21,243 log 92113 6190837760 Not Found: /api/
WARNING 2025-08-25 00:17:21,245 basehttp 92113 6190837760 "GET /api/ HTTP/1.1" 404 4527
INFO 2025-08-25 00:17:46,198 basehttp 92113 6190837760 "POST /api/token/ HTTP/1.1" 200 489
WARNING 2025-08-25 00:17:57,865 log 92113 6190837760 Bad Request: /inventory/api/v1/requests/requests/
WARNING 2025-08-25 00:17:57,865 basehttp 92113 6190837760 "POST /inventory/api/v1/requests/requests/ HTTP/1.1" 400 366
INFO 2025-08-25 00:21:59,185 basehttp 92113 6190837760 "OPTIONS /api/token/ HTTP/1.1" 200 0
INFO 2025-08-25 00:21:59,348 basehttp 92113 6190837760 "POST /api/token/ HTTP/1.1" 200 489
INFO 2025-08-25 00:21:59,503 basehttp 92113 6190837760 "OPTIONS /inventory/api/v1/requests/requests/ HTTP/1.1" 200 0
WARNING 2025-08-25 00:21:59,515 log 92113 6190837760 Bad Request: /inventory/api/v1/requests/requests/
WARNING 2025-08-25 00:21:59,515 basehttp 92113 6190837760 "POST /inventory/api/v1/requests/requests/ HTTP/1.1" 400 185
INFO 2025-08-25 00:45:29,628 basehttp 92113 6190837760 "OPTIONS /api/token/ HTTP/1.1" 200 0
INFO 2025-08-25 00:45:29,875 basehttp 92113 6190837760 "POST /api/token/ HTTP/1.1" 200 489
INFO 2025-08-25 00:45:29,921 basehttp 92113 6190837760 "OPTIONS /inventory/api/v1/requests/requests/ HTTP/1.1" 200 0
WARNING 2025-08-25 00:45:29,967 log 92113 6190837760 Bad Request: /inventory/api/v1/requests/requests/
WARNING 2025-08-25 00:45:29,968 basehttp 92113 6190837760 "POST /inventory/api/v1/requests/requests/ HTTP/1.1" 400 162
INFO 2025-08-25 00:49:07,240 basehttp 92113 6190837760 "POST /api/token/ HTTP/1.1" 200 489
WARNING 2025-08-25 00:49:07,329 log 92113 6190837760 Bad Request: /inventory/api/v1/requests/requests/
WARNING 2025-08-25 00:49:07,329 basehttp 92113 6190837760 "POST /inventory/api/v1/requests/requests/ HTTP/1.1" 400 162
INFO 2025-08-25 01:21:13,188 basehttp 92113 6190837760 "POST /api/token/ HTTP/1.1" 200 489
WARNING 2025-08-25 01:21:13,395 log 92113 6190837760 Bad Request: /inventory/api/v1/requests/requests/
WARNING 2025-08-25 01:21:13,396 basehttp 92113 6190837760 "POST /inventory/api/v1/requests/requests/ HTTP/1.1" 400 162
INFO 2025-08-25 01:28:50,710 basehttp 92113 6190837760 "POST /api/token/ HTTP/1.1" 200 489
WARNING 2025-08-25 01:28:50,863 log 92113 6190837760 Bad Request: /inventory/api/v1/requests/requests/
WARNING 2025-08-25 01:28:50,863 basehttp 92113 6190837760 "POST /inventory/api/v1/requests/requests/ HTTP/1.1" 400 162
INFO 2025-08-25 01:30:35,354 basehttp 92113 6190837760 "POST /api/token/ HTTP/1.1" 200 489
WARNING 2025-08-25 01:30:35,525 log 92113 6190837760 Bad Request: /inventory/api/v1/requests/requests/
WARNING 2025-08-25 01:30:35,525 basehttp 92113 6190837760 "POST /inventory/api/v1/requests/requests/ HTTP/1.1" 400 162
INFO 2025-08-25 01:30:54,727 basehttp 92113 6190837760 "POST /api/token/ HTTP/1.1" 200 489
INFO 2025-08-25 01:30:54,953 basehttp 92113 6190837760 "POST /inventory/api/v1/requests/requests/ HTTP/1.1" 201 1093
INFO 2025-08-25 01:32:21,180 autoreload 92113 8582251968 /Users/thulanimoyo/MEGA downloads/new downloads/BIDR_Backend/product_management_service/product_requests/serializers.py changed, reloading.
INFO 2025-08-25 01:32:21,734 autoreload 16790 8582251968 Watching for file changes with StatReloader
INFO 2025-08-25 01:32:31,419 autoreload 16790 8582251968 /Users/thulanimoyo/MEGA downloads/new downloads/BIDR_Backend/product_management_service/product_requests/serializers.py changed, reloading.
INFO 2025-08-25 01:32:31,873 autoreload 16838 8582251968 Watching for file changes with StatReloader
INFO 2025-08-25 01:32:59,382 autoreload 16838 8582251968 /Users/thulanimoyo/MEGA downloads/new downloads/BIDR_Backend/product_management_service/product_requests/serializers.py changed, reloading.
INFO 2025-08-25 01:32:59,816 autoreload 16995 8582251968 Watching for file changes with StatReloader
INFO 2025-08-25 01:39:56,993 basehttp 16995 6197882880 "POST /api/token/ HTTP/1.1" 200 489
WARNING 2025-08-25 01:39:57,256 log 16995 6197882880 Bad Request: /inventory/api/v1/requests/requests/
WARNING 2025-08-25 01:39:57,257 basehttp 16995 6197882880 "POST /inventory/api/v1/requests/requests/ HTTP/1.1" 400 181
INFO 2025-08-25 01:40:37,832 basehttp 16995 6197882880 "POST /api/token/ HTTP/1.1" 200 489
WARNING 2025-08-25 01:40:38,092 log 16995 6197882880 Bad Request: /inventory/api/v1/requests/requests/
WARNING 2025-08-25 01:40:38,092 basehttp 16995 6197882880 "POST /inventory/api/v1/requests/requests/ HTTP/1.1" 400 181
INFO 2025-08-25 01:40:38,729 basehttp 16995 6197882880 "POST /api/token/ HTTP/1.1" 200 489
WARNING 2025-08-25 01:40:38,955 log 16995 6197882880 Bad Request: /inventory/api/v1/requests/requests/
WARNING 2025-08-25 01:40:38,955 basehttp 16995 6197882880 "POST /inventory/api/v1/requests/requests/ HTTP/1.1" 400 181
INFO 2025-08-25 01:40:51,333 basehttp 16995 6197882880 "POST /api/token/ HTTP/1.1" 200 489
WARNING 2025-08-25 01:40:51,598 log 16995 6197882880 Bad Request: /inventory/api/v1/requests/requests/
WARNING 2025-08-25 01:40:51,598 basehttp 16995 6197882880 "POST /inventory/api/v1/requests/requests/ HTTP/1.1" 400 181
INFO 2025-08-25 01:40:52,173 basehttp 16995 6197882880 "POST /api/token/ HTTP/1.1" 200 489
WARNING 2025-08-25 01:40:52,401 log 16995 6197882880 Bad Request: /inventory/api/v1/requests/requests/
WARNING 2025-08-25 01:40:52,402 basehttp 16995 6197882880 "POST /inventory/api/v1/requests/requests/ HTTP/1.1" 400 181
INFO 2025-08-25 01:41:01,395 basehttp 16995 6197882880 "POST /api/token/ HTTP/1.1" 200 489
WARNING 2025-08-25 01:41:01,656 log 16995 6197882880 Bad Request: /inventory/api/v1/requests/requests/
WARNING 2025-08-25 01:41:01,656 basehttp 16995 6197882880 "POST /inventory/api/v1/requests/requests/ HTTP/1.1" 400 181
INFO 2025-08-25 01:41:02,557 basehttp 16995 6197882880 "POST /api/token/ HTTP/1.1" 200 489
WARNING 2025-08-25 01:41:02,767 log 16995 6197882880 Bad Request: /inventory/api/v1/requests/requests/
WARNING 2025-08-25 01:41:02,768 basehttp 16995 6197882880 "POST /inventory/api/v1/requests/requests/ HTTP/1.1" 400 181
INFO 2025-08-25 01:42:17,943 autoreload 16995 8582251968 /Users/thulanimoyo/MEGA downloads/new downloads/BIDR_Backend/product_management_service/product_requests/serializers.py changed, reloading.
INFO 2025-08-25 01:42:18,711 autoreload 19460 8582251968 Watching for file changes with StatReloader
INFO 2025-08-25 01:42:29,505 autoreload 19460 8582251968 /Users/thulanimoyo/MEGA downloads/new downloads/BIDR_Backend/product_management_service/product_requests/serializers.py changed, reloading.
INFO 2025-08-25 01:42:30,087 autoreload 19507 8582251968 Watching for file changes with StatReloader
INFO 2025-08-25 13:11:25,661 basehttp 19507 6123614208 "OPTIONS /api/token/ HTTP/1.1" 200 0
INFO 2025-08-25 13:11:25,860 basehttp 19507 6123614208 "POST /api/token/ HTTP/1.1" 200 489
INFO 2025-08-25 13:11:25,956 basehttp 19507 6123614208 "OPTIONS /inventory/api/v1/requests/requests/ HTTP/1.1" 200 0
WARNING 2025-08-25 13:11:25,971 log 19507 6123614208 Bad Request: /inventory/api/v1/requests/requests/
WARNING 2025-08-25 13:11:25,972 basehttp 19507 6123614208 "POST /inventory/api/v1/requests/requests/ HTTP/1.1" 400 181
INFO 2025-08-25 13:23:06,072 basehttp 19507 6123614208 "POST /api/token/ HTTP/1.1" 200 489
WARNING 2025-08-25 13:23:06,221 log 19507 6123614208 Bad Request: /inventory/api/v1/requests/requests/
WARNING 2025-08-25 13:23:06,221 basehttp 19507 6123614208 "POST /inventory/api/v1/requests/requests/ HTTP/1.1" 400 181
INFO 2025-08-25 13:33:33,138 basehttp 19507 6123614208 "POST /api/token/ HTTP/1.1" 200 489
WARNING 2025-08-25 13:33:33,277 log 19507 6123614208 Bad Request: /inventory/api/v1/requests/requests/
WARNING 2025-08-25 13:33:33,278 basehttp 19507 6123614208 "POST /inventory/api/v1/requests/requests/ HTTP/1.1" 400 181
INFO 2025-08-25 13:38:18,403 basehttp 19507 6123614208 "POST /api/token/ HTTP/1.1" 200 489
WARNING 2025-08-25 13:38:18,564 log 19507 6123614208 Bad Request: /inventory/api/v1/requests/requests/
WARNING 2025-08-25 13:38:18,564 basehttp 19507 6123614208 "POST /inventory/api/v1/requests/requests/ HTTP/1.1" 400 181
INFO 2025-08-25 13:58:30,055 basehttp 19507 6123614208 "GET /admin HTTP/1.1" 301 0
INFO 2025-08-25 13:58:30,145 basehttp 19507 6140440576 "GET /admin/ HTTP/1.1" 302 0
INFO 2025-08-25 13:58:30,182 basehttp 19507 6140440576 "GET /admin/login/?next=/admin/ HTTP/1.1" 200 4158
INFO 2025-08-25 13:58:30,212 basehttp 19507 6123614208 "GET /static/admin/css/dark_mode.css HTTP/1.1" 200 2682
INFO 2025-08-25 13:58:30,212 basehttp 19507 12901707776 "GET /static/admin/css/login.css HTTP/1.1" 200 958
INFO 2025-08-25 13:58:30,212 basehttp 19507 12935360512 "GET /static/admin/js/theme.js HTTP/1.1" 200 1943
INFO 2025-08-25 13:58:30,213 basehttp 19507 6140440576 "GET /static/admin/css/base.css HTTP/1.1" 200 21544
INFO 2025-08-25 13:58:30,214 basehttp 19507 6157266944 "GET /static/admin/css/nav_sidebar.css HTTP/1.1" 200 2810
INFO 2025-08-25 13:58:30,214 basehttp 19507 12918534144 "GET /static/admin/css/responsive.css HTTP/1.1" 200 17905
INFO 2025-08-25 13:58:30,214 basehttp 19507 12901707776 "GET /static/admin/js/nav_sidebar.js HTTP/1.1" 200 3063
WARNING 2025-08-25 13:58:30,242 log 19507 12901707776 Not Found: /favicon.ico
WARNING 2025-08-25 13:58:30,242 basehttp 19507 12901707776 "GET /favicon.ico HTTP/1.1" 404 4097
INFO 2025-08-25 13:58:34,381 basehttp 19507 12901707776 "POST /admin/login/?next=/admin/ HTTP/1.1" 200 4328
INFO 2025-08-25 14:17:23,945 autoreload 19507 8582251968 /Users/thulanimoyo/MEGA downloads/new downloads/BIDR_Backend/product_management_service/product_requests/views.py changed, reloading.
INFO 2025-08-25 14:17:24,763 autoreload 49663 8582251968 Watching for file changes with StatReloader
INFO 2025-08-25 14:17:38,638 autoreload 49663 8582251968 /Users/thulanimoyo/MEGA downloads/new downloads/BIDR_Backend/product_management_service/product_requests/views.py changed, reloading.
INFO 2025-08-25 14:17:39,036 autoreload 49739 8582251968 Watching for file changes with StatReloader
INFO 2025-08-25 14:17:58,018 autoreload 49739 8582251968 /Users/thulanimoyo/MEGA downloads/new downloads/BIDR_Backend/product_management_service/product_requests/views.py changed, reloading.
INFO 2025-08-25 14:17:58,477 autoreload 49824 8582251968 Watching for file changes with StatReloader
INFO 2025-08-25 14:18:09,164 autoreload 49824 8582251968 /Users/thulanimoyo/MEGA downloads/new downloads/BIDR_Backend/product_management_service/product_requests/views.py changed, reloading.
INFO 2025-08-25 14:18:09,615 autoreload 49898 8582251968 Watching for file changes with StatReloader
INFO 2025-08-25 14:18:22,407 autoreload 49898 8582251968 /Users/thulanimoyo/MEGA downloads/new downloads/BIDR_Backend/product_management_service/product_requests/views.py changed, reloading.
INFO 2025-08-25 14:18:22,834 autoreload 49956 8582251968 Watching for file changes with StatReloader
INFO 2025-08-25 14:18:36,645 autoreload 49956 8582251968 /Users/thulanimoyo/MEGA downloads/new downloads/BIDR_Backend/product_management_service/product_requests/views.py changed, reloading.
INFO 2025-08-25 14:18:37,241 autoreload 50031 8582251968 Watching for file changes with StatReloader
INFO 2025-08-25 14:18:47,045 autoreload 50031 8582251968 /Users/thulanimoyo/MEGA downloads/new downloads/BIDR_Backend/product_management_service/product_requests/views.py changed, reloading.
INFO 2025-08-25 14:18:47,630 autoreload 50086 8582251968 Watching for file changes with StatReloader
INFO 2025-08-26 11:17:59,663 autoreload 78752 8697595328 Watching for file changes with StatReloader
INFO 2025-08-26 11:18:46,630 autoreload 79296 8697595328 Watching for file changes with StatReloader
INFO 2025-08-26 11:19:28,495 basehttp 79296 13035925504 "GET /api/v1/product-requests/requests/ HTTP/1.1" 200 91192
INFO 2025-08-26 11:19:28,526 basehttp 79296 13086404608 "GET /static/rest_framework/css/default.css HTTP/1.1" 200 1152
INFO 2025-08-26 11:19:28,527 basehttp 79296 13120057344 "GET /static/rest_framework/js/ajax-form.js HTTP/1.1" 200 3796
INFO 2025-08-26 11:19:28,528 basehttp 79296 13052751872 "GET /static/rest_framework/css/bootstrap-tweaks.css HTTP/1.1" 200 3426
INFO 2025-08-26 11:19:28,528 basehttp 79296 13069578240 "GET /static/rest_framework/css/prettify.css HTTP/1.1" 200 817
INFO 2025-08-26 11:19:28,535 basehttp 79296 13035925504 "GET /static/rest_framework/css/bootstrap.min.css HTTP/1.1" 200 121457
INFO 2025-08-26 11:19:28,543 basehttp 79296 13069578240 "GET /static/rest_framework/js/default.js HTTP/1.1" 200 1268
INFO 2025-08-26 11:19:28,545 basehttp 79296 13052751872 "GET /static/rest_framework/js/prettify-min.js HTTP/1.1" 200 13632
INFO 2025-08-26 11:19:28,548 basehttp 79296 13120057344 "GET /static/rest_framework/js/csrf.js HTTP/1.1" 200 1793
INFO 2025-08-26 11:19:28,549 basehttp 79296 13035925504 "GET /static/rest_framework/js/load-ajax-form.js HTTP/1.1" 200 59
INFO 2025-08-26 11:19:28,550 basehttp 79296 13086404608 "GET /static/rest_framework/js/bootstrap.min.js HTTP/1.1" 200 39680
INFO 2025-08-26 11:19:28,552 basehttp 79296 13103230976 "GET /static/rest_framework/js/jquery-3.7.1.min.js HTTP/1.1" 200 87533
INFO 2025-08-26 11:19:28,553 basehttp 79296 13069578240 "GET /static/rest_framework/img/grid.png HTTP/1.1" 200 1458
INFO 2025-08-26 11:19:28,575 basehttp 79296 13069578240 "GET /static/rest_framework/fonts/glyphicons-halflings-regular.woff2 HTTP/1.1" 200 18028
WARNING 2025-08-26 11:19:28,629 log 79296 13069578240 Not Found: /favicon.ico
WARNING 2025-08-26 11:19:28,629 basehttp 79296 13069578240 "GET /favicon.ico HTTP/1.1" 404 4097
INFO 2025-08-26 11:19:44,760 basehttp 79296 13136883712 "GET /api/v1/product-requests/requests/ HTTP/1.1" 200 14150
INFO 2025-08-26 11:23:36,262 basehttp 79296 13136883712 "GET /api/v1/product-requests/requests/ HTTP/1.1" 200 14150
INFO 2025-08-26 11:24:22,080 basehttp 79296 13136883712 "GET /api/v1/product-requests/requests/ HTTP/1.1" 200 14150
INFO 2025-08-26 11:33:33,521 basehttp 79296 13035925504 "GET /api/v1/product-requests/requests/ HTTP/1.1" 200 14150
INFO 2025-08-26 11:36:24,483 basehttp 79296 13035925504 "GET /api/v1/product-requests/requests/ HTTP/1.1" 200 14150
INFO 2025-08-26 11:39:11,801 basehttp 79296 13035925504 "GET /api/v1/product-requests/requests/ HTTP/1.1" 200 14150
INFO 2025-08-26 11:46:06,802 basehttp 79296 13035925504 "GET /api/v1/product-requests/requests/ HTTP/1.1" 200 14150
INFO 2025-08-26 11:50:10,445 basehttp 79296 13035925504 "GET /api/v1/product-requests/requests/ HTTP/1.1" 200 14150
INFO 2025-08-26 11:55:08,273 basehttp 79296 13035925504 "GET /api/v1/product-requests/requests/ HTTP/1.1" 200 14150
INFO 2025-08-26 12:40:45,206 basehttp 79296 13035925504 "GET /api/v1/product-requests/requests/ HTTP/1.1" 200 14150
INFO 2025-08-26 13:15:46,112 basehttp 79296 13035925504 "GET /api/v1/product-requests/requests/ HTTP/1.1" 200 14150
INFO 2025-08-26 13:26:02,237 basehttp 79296 13035925504 "GET /api/v1/product-requests/requests/ HTTP/1.1" 200 14150
INFO 2025-08-26 14:37:30,960 basehttp 79296 13035925504 "GET /admin HTTP/1.1" 301 0
INFO 2025-08-26 14:37:31,022 basehttp 79296 13052751872 "GET /admin/ HTTP/1.1" 302 0
INFO 2025-08-26 14:37:31,050 basehttp 79296 13052751872 "GET /admin/login/?next=/admin/ HTTP/1.1" 200 4158
INFO 2025-08-26 14:37:31,072 basehttp 79296 13052751872 "GET /static/admin/css/base.css HTTP/1.1" 200 21544
INFO 2025-08-26 14:37:31,072 basehttp 79296 13086404608 "GET /static/admin/css/login.css HTTP/1.1" 200 958
INFO 2025-08-26 14:37:31,073 basehttp 79296 13035925504 "GET /static/admin/css/dark_mode.css HTTP/1.1" 200 2682
INFO 2025-08-26 14:37:31,073 basehttp 79296 13069578240 "GET /static/admin/css/nav_sidebar.css HTTP/1.1" 200 2810
INFO 2025-08-26 14:37:31,074 basehttp 79296 13120057344 "GET /static/admin/js/theme.js HTTP/1.1" 200 1943
INFO 2025-08-26 14:37:31,075 basehttp 79296 13103230976 "GET /static/admin/css/responsive.css HTTP/1.1" 200 17905
INFO 2025-08-26 14:37:31,076 basehttp 79296 13052751872 "GET /static/admin/js/nav_sidebar.js HTTP/1.1" 200 3063
INFO 2025-08-26 14:37:54,392 basehttp 79296 13052751872 "POST /admin/login/?next=/admin/ HTTP/1.1" 200 4319
INFO 2025-08-26 14:40:08,356 basehttp 79296 13052751872 "POST /admin/login/?next=/admin/ HTTP/1.1" 302 0
INFO 2025-08-26 14:40:08,379 basehttp 79296 13052751872 "GET /admin/ HTTP/1.1" 200 22345
INFO 2025-08-26 14:40:08,396 basehttp 79296 13052751872 "GET /static/admin/css/dashboard.css HTTP/1.1" 200 441
INFO 2025-08-26 14:40:08,402 basehttp 79296 13052751872 "GET /static/admin/img/icon-addlink.svg HTTP/1.1" 200 331
INFO 2025-08-26 14:40:08,403 basehttp 79296 13120057344 "GET /static/admin/img/icon-changelink.svg HTTP/1.1" 200 380
INFO 2025-08-26 14:40:16,188 basehttp 79296 13052751872 "GET /admin/product_requests/productrequest/ HTTP/1.1" 200 48937
INFO 2025-08-26 14:40:16,196 basehttp 79296 13052751872 "GET /static/admin/css/changelists.css HTTP/1.1" 200 6811
INFO 2025-08-26 14:40:16,201 basehttp 79296 13103230976 "GET /static/admin/js/jquery.init.js HTTP/1.1" 200 347
INFO 2025-08-26 14:40:16,202 basehttp 79296 13035925504 "GET /static/admin/js/core.js HTTP/1.1" 200 6208
INFO 2025-08-26 14:40:16,203 basehttp 79296 13086404608 "GET /static/admin/js/actions.js HTTP/1.1" 200 8067
INFO 2025-08-26 14:40:16,204 basehttp 79296 13069578240 "GET /static/admin/js/admin/RelatedObjectLookups.js HTTP/1.1" 200 9042
INFO 2025-08-26 14:40:16,207 basehttp 79296 13103230976 "GET /static/admin/js/urlify.js HTTP/1.1" 200 7887
INFO 2025-08-26 14:40:16,211 basehttp 79296 13035925504 "GET /static/admin/js/prepopulate.js HTTP/1.1" 200 1531
INFO 2025-08-26 14:40:16,211 basehttp 79296 13069578240 "GET /static/admin/img/search.svg HTTP/1.1" 200 458
INFO 2025-08-26 14:40:16,215 basehttp 79296 13052751872 "GET /admin/jsi18n/ HTTP/1.1" 200 3342
INFO 2025-08-26 14:40:16,217 basehttp 79296 13120057344 "GET /static/admin/js/vendor/jquery/jquery.js HTTP/1.1" 200 285314
INFO 2025-08-26 14:40:16,219 basehttp 79296 13086404608 "GET /static/admin/js/vendor/xregexp/xregexp.js HTTP/1.1" 200 325171
INFO 2025-08-26 14:40:16,224 basehttp 79296 13086404608 "GET /static/admin/js/filters.js HTTP/1.1" 200 978
INFO 2025-08-26 14:40:16,237 basehttp 79296 13086404608 "GET /static/admin/img/tooltag-add.svg HTTP/1.1" 200 331
INFO 2025-08-26 14:40:16,238 basehttp 79296 13120057344 "GET /static/admin/img/sorting-icons.svg HTTP/1.1" 200 1097
INFO 2025-08-26 14:40:16,238 basehttp 79296 13052751872 "GET /static/admin/img/icon-viewlink.svg HTTP/1.1" 200 581
INFO 2025-08-26 14:40:27,904 basehttp 79296 13052751872 "GET /admin/quotes/quote/ HTTP/1.1" 200 21938
INFO 2025-08-26 14:40:27,915 basehttp 79296 13052751872 "GET /admin/jsi18n/ HTTP/1.1" 200 3342
ERROR 2025-08-26 14:40:29,474 log 79296 13052751872 Internal Server Error: /admin/quotes/quote/add/
Traceback (most recent call last):
  File "/Library/Frameworks/Python.framework/Versions/3.10/lib/python3.10/site-packages/django/db/models/options.py", line 681, in get_field
    return self.fields_map[field_name]
KeyError: 'is_expired'

During handling of the above exception, another exception occurred:

Traceback (most recent call last):
  File "/Library/Frameworks/Python.framework/Versions/3.10/lib/python3.10/site-packages/django/contrib/admin/utils.py", line 289, in lookup_field
    f = _get_non_gfk_field(opts, name)
  File "/Library/Frameworks/Python.framework/Versions/3.10/lib/python3.10/site-packages/django/contrib/admin/utils.py", line 322, in _get_non_gfk_field
    field = opts.get_field(name)
  File "/Library/Frameworks/Python.framework/Versions/3.10/lib/python3.10/site-packages/django/db/models/options.py", line 683, in get_field
    raise FieldDoesNotExist(
django.core.exceptions.FieldDoesNotExist: Quote has no field named 'is_expired'

During handling of the above exception, another exception occurred:

Traceback (most recent call last):
  File "/Library/Frameworks/Python.framework/Versions/3.10/lib/python3.10/site-packages/django/core/handlers/exception.py", line 55, in inner
    response = get_response(request)
  File "/Library/Frameworks/Python.framework/Versions/3.10/lib/python3.10/site-packages/django/core/handlers/base.py", line 220, in _get_response
    response = response.render()
  File "/Library/Frameworks/Python.framework/Versions/3.10/lib/python3.10/site-packages/django/template/response.py", line 114, in render
    self.content = self.rendered_content
  File "/Library/Frameworks/Python.framework/Versions/3.10/lib/python3.10/site-packages/django/template/response.py", line 92, in rendered_content
    return template.render(context, self._request)
  File "/Library/Frameworks/Python.framework/Versions/3.10/lib/python3.10/site-packages/django/template/backends/django.py", line 61, in render
    return self.template.render(context)
  File "/Library/Frameworks/Python.framework/Versions/3.10/lib/python3.10/site-packages/django/template/base.py", line 171, in render
    return self._render(context)
  File "/Library/Frameworks/Python.framework/Versions/3.10/lib/python3.10/site-packages/django/template/base.py", line 163, in _render
    return self.nodelist.render(context)
  File "/Library/Frameworks/Python.framework/Versions/3.10/lib/python3.10/site-packages/django/template/base.py", line 1000, in render
    return SafeString("".join([node.render_annotated(context) for node in self]))
  File "/Library/Frameworks/Python.framework/Versions/3.10/lib/python3.10/site-packages/django/template/base.py", line 1000, in <listcomp>
    return SafeString("".join([node.render_annotated(context) for node in self]))
  File "/Library/Frameworks/Python.framework/Versions/3.10/lib/python3.10/site-packages/django/template/base.py", line 961, in render_annotated
    return self.render(context)
  File "/Library/Frameworks/Python.framework/Versions/3.10/lib/python3.10/site-packages/django/template/loader_tags.py", line 159, in render
    return compiled_parent._render(context)
  File "/Library/Frameworks/Python.framework/Versions/3.10/lib/python3.10/site-packages/django/template/base.py", line 163, in _render
    return self.nodelist.render(context)
  File "/Library/Frameworks/Python.framework/Versions/3.10/lib/python3.10/site-packages/django/template/base.py", line 1000, in render
    return SafeString("".join([node.render_annotated(context) for node in self]))
  File "/Library/Frameworks/Python.framework/Versions/3.10/lib/python3.10/site-packages/django/template/base.py", line 1000, in <listcomp>
    return SafeString("".join([node.render_annotated(context) for node in self]))
  File "/Library/Frameworks/Python.framework/Versions/3.10/lib/python3.10/site-packages/django/template/base.py", line 961, in render_annotated
    return self.render(context)
  File "/Library/Frameworks/Python.framework/Versions/3.10/lib/python3.10/site-packages/django/template/loader_tags.py", line 159, in render
    return compiled_parent._render(context)
  File "/Library/Frameworks/Python.framework/Versions/3.10/lib/python3.10/site-packages/django/template/base.py", line 163, in _render
    return self.nodelist.render(context)
  File "/Library/Frameworks/Python.framework/Versions/3.10/lib/python3.10/site-packages/django/template/base.py", line 1000, in render
    return SafeString("".join([node.render_annotated(context) for node in self]))
  File "/Library/Frameworks/Python.framework/Versions/3.10/lib/python3.10/site-packages/django/template/base.py", line 1000, in <listcomp>
    return SafeString("".join([node.render_annotated(context) for node in self]))
  File "/Library/Frameworks/Python.framework/Versions/3.10/lib/python3.10/site-packages/django/template/base.py", line 961, in render_annotated
    return self.render(context)
  File "/Library/Frameworks/Python.framework/Versions/3.10/lib/python3.10/site-packages/django/template/loader_tags.py", line 65, in render
    result = block.nodelist.render(context)
  File "/Library/Frameworks/Python.framework/Versions/3.10/lib/python3.10/site-packages/django/template/base.py", line 1000, in render
    return SafeString("".join([node.render_annotated(context) for node in self]))
  File "/Library/Frameworks/Python.framework/Versions/3.10/lib/python3.10/site-packages/django/template/base.py", line 1000, in <listcomp>
    return SafeString("".join([node.render_annotated(context) for node in self]))
  File "/Library/Frameworks/Python.framework/Versions/3.10/lib/python3.10/site-packages/django/template/base.py", line 961, in render_annotated
    return self.render(context)
  File "/Library/Frameworks/Python.framework/Versions/3.10/lib/python3.10/site-packages/django/template/loader_tags.py", line 65, in render
    result = block.nodelist.render(context)
  File "/Library/Frameworks/Python.framework/Versions/3.10/lib/python3.10/site-packages/django/template/base.py", line 1000, in render
    return SafeString("".join([node.render_annotated(context) for node in self]))
  File "/Library/Frameworks/Python.framework/Versions/3.10/lib/python3.10/site-packages/django/template/base.py", line 1000, in <listcomp>
    return SafeString("".join([node.render_annotated(context) for node in self]))
  File "/Library/Frameworks/Python.framework/Versions/3.10/lib/python3.10/site-packages/django/template/base.py", line 961, in render_annotated
    return self.render(context)
  File "/Library/Frameworks/Python.framework/Versions/3.10/lib/python3.10/site-packages/django/template/defaulttags.py", line 242, in render
    nodelist.append(node.render_annotated(context))
  File "/Library/Frameworks/Python.framework/Versions/3.10/lib/python3.10/site-packages/django/template/base.py", line 961, in render_annotated
    return self.render(context)
  File "/Library/Frameworks/Python.framework/Versions/3.10/lib/python3.10/site-packages/django/template/loader_tags.py", line 210, in render
    return template.render(context)
  File "/Library/Frameworks/Python.framework/Versions/3.10/lib/python3.10/site-packages/django/template/base.py", line 173, in render
    return self._render(context)
  File "/Library/Frameworks/Python.framework/Versions/3.10/lib/python3.10/site-packages/django/template/base.py", line 163, in _render
    return self.nodelist.render(context)
  File "/Library/Frameworks/Python.framework/Versions/3.10/lib/python3.10/site-packages/django/template/base.py", line 1000, in render
    return SafeString("".join([node.render_annotated(context) for node in self]))
  File "/Library/Frameworks/Python.framework/Versions/3.10/lib/python3.10/site-packages/django/template/base.py", line 1000, in <listcomp>
    return SafeString("".join([node.render_annotated(context) for node in self]))
  File "/Library/Frameworks/Python.framework/Versions/3.10/lib/python3.10/site-packages/django/template/base.py", line 961, in render_annotated
    return self.render(context)
  File "/Library/Frameworks/Python.framework/Versions/3.10/lib/python3.10/site-packages/django/template/defaulttags.py", line 242, in render
    nodelist.append(node.render_annotated(context))
  File "/Library/Frameworks/Python.framework/Versions/3.10/lib/python3.10/site-packages/django/template/base.py", line 961, in render_annotated
    return self.render(context)
  File "/Library/Frameworks/Python.framework/Versions/3.10/lib/python3.10/site-packages/django/template/defaulttags.py", line 242, in render
    nodelist.append(node.render_annotated(context))
  File "/Library/Frameworks/Python.framework/Versions/3.10/lib/python3.10/site-packages/django/template/base.py", line 961, in render_annotated
    return self.render(context)
  File "/Library/Frameworks/Python.framework/Versions/3.10/lib/python3.10/site-packages/django/template/defaulttags.py", line 326, in render
    return nodelist.render(context)
  File "/Library/Frameworks/Python.framework/Versions/3.10/lib/python3.10/site-packages/django/template/base.py", line 1000, in render
    return SafeString("".join([node.render_annotated(context) for node in self]))
  File "/Library/Frameworks/Python.framework/Versions/3.10/lib/python3.10/site-packages/django/template/base.py", line 1000, in <listcomp>
    return SafeString("".join([node.render_annotated(context) for node in self]))
  File "/Library/Frameworks/Python.framework/Versions/3.10/lib/python3.10/site-packages/django/template/base.py", line 961, in render_annotated
    return self.render(context)
  File "/Library/Frameworks/Python.framework/Versions/3.10/lib/python3.10/site-packages/django/template/defaulttags.py", line 326, in render
    return nodelist.render(context)
  File "/Library/Frameworks/Python.framework/Versions/3.10/lib/python3.10/site-packages/django/template/base.py", line 1000, in render
    return SafeString("".join([node.render_annotated(context) for node in self]))
  File "/Library/Frameworks/Python.framework/Versions/3.10/lib/python3.10/site-packages/django/template/base.py", line 1000, in <listcomp>
    return SafeString("".join([node.render_annotated(context) for node in self]))
  File "/Library/Frameworks/Python.framework/Versions/3.10/lib/python3.10/site-packages/django/template/base.py", line 961, in render_annotated
    return self.render(context)
  File "/Library/Frameworks/Python.framework/Versions/3.10/lib/python3.10/site-packages/django/template/base.py", line 1059, in render
    output = self.filter_expression.resolve(context)
  File "/Library/Frameworks/Python.framework/Versions/3.10/lib/python3.10/site-packages/django/template/base.py", line 710, in resolve
    obj = self.var.resolve(context)
  File "/Library/Frameworks/Python.framework/Versions/3.10/lib/python3.10/site-packages/django/template/base.py", line 842, in resolve
    value = self._resolve_lookup(context)
  File "/Library/Frameworks/Python.framework/Versions/3.10/lib/python3.10/site-packages/django/template/base.py", line 909, in _resolve_lookup
    current = current()
  File "/Library/Frameworks/Python.framework/Versions/3.10/lib/python3.10/site-packages/django/contrib/admin/helpers.py", line 270, in contents
    f, attr, value = lookup_field(field, obj, model_admin)
  File "/Library/Frameworks/Python.framework/Versions/3.10/lib/python3.10/site-packages/django/contrib/admin/utils.py", line 300, in lookup_field
    attr = getattr(obj, name)
  File "/Users/thulanimoyo/MEGA downloads/new downloads/BIDR_Backend/product_management_service/quotes/models.py", line 134, in is_expired
    return timezone.now() > self.valid_until
TypeError: '>' not supported between instances of 'datetime.datetime' and 'NoneType'
ERROR 2025-08-26 14:40:29,480 basehttp 79296 13052751872 "GET /admin/quotes/quote/add/ HTTP/1.1" 500 674417
INFO 2025-08-26 14:41:06,781 autoreload 79296 8697595328 /Users/thulanimoyo/MEGA downloads/new downloads/BIDR_Backend/product_management_service/quotes/models.py changed, reloading.
INFO 2025-08-26 14:41:07,397 autoreload 72617 8697595328 Watching for file changes with StatReloader
INFO 2025-08-26 14:41:14,919 autoreload 72617 8697595328 /Users/thulanimoyo/MEGA downloads/new downloads/BIDR_Backend/product_management_service/quotes/models.py changed, reloading.
INFO 2025-08-26 14:41:15,760 autoreload 72691 8697595328 Watching for file changes with StatReloader
INFO 2025-08-26 14:41:33,792 autoreload 72691 8697595328 /Users/thulanimoyo/MEGA downloads/new downloads/BIDR_Backend/product_management_service/quotes/models.py changed, reloading.
INFO 2025-08-26 14:41:34,304 autoreload 72891 8697595328 Watching for file changes with StatReloader
INFO 2025-08-26 14:43:19,478 basehttp 72891 6122876928 "GET /admin/quotes/quote/add/ HTTP/1.1" 302 0
INFO 2025-08-26 14:50:27,934 basehttp 72891 6122876928 "GET /admin/quotes/quote/add/ HTTP/1.1" 200 45791
INFO 2025-08-26 14:50:27,974 basehttp 72891 6122876928 "GET /static/admin/css/forms.css HTTP/1.1" 200 9090
INFO 2025-08-26 14:50:27,975 basehttp 72891 6173356032 "GET /static/admin/js/collapse.js HTTP/1.1" 200 1803
INFO 2025-08-26 14:50:27,983 basehttp 72891 13186969600 "GET /static/admin/js/inlines.js HTTP/1.1" 200 15526
INFO 2025-08-26 14:50:27,985 basehttp 72891 6156529664 "GET /static/admin/js/calendar.js HTTP/1.1" 200 9141
INFO 2025-08-26 14:50:27,989 basehttp 72891 6173356032 "GET /static/admin/css/widgets.css HTTP/1.1" 200 11800
INFO 2025-08-26 14:50:27,993 basehttp 72891 6122876928 "GET /static/admin/js/prepopulate_init.js HTTP/1.1" 200 586
INFO 2025-08-26 14:50:27,994 basehttp 72891 6139703296 "GET /admin/jsi18n/ HTTP/1.1" 200 3342
INFO 2025-08-26 14:50:27,998 basehttp 72891 13170143232 "GET /static/admin/js/admin/DateTimeShortcuts.js HTTP/1.1" 200 19319
INFO 2025-08-26 14:50:28,006 basehttp 72891 13170143232 "GET /static/admin/js/change_form.js HTTP/1.1" 200 606
INFO 2025-08-26 14:50:28,079 basehttp 72891 13170143232 "GET /static/admin/img/icon-calendar.svg HTTP/1.1" 200 1086
INFO 2025-08-26 14:50:28,080 basehttp 72891 6139703296 "GET /static/admin/img/icon-clock.svg HTTP/1.1" 200 677
INFO 2025-08-26 14:57:52,425 basehttp 72891 6122876928 "GET /admin/quotes/quote/ HTTP/1.1" 200 25294
INFO 2025-08-26 15:00:41,689 basehttp 72891 6139703296 "GET /api/v1/product-requests/requests/ HTTP/1.1" 200 14150
INFO 2025-08-26 15:12:18,476 basehttp 72891 6122876928 "GET /api/v1/product-requests/requests/ HTTP/1.1" 200 14150
INFO 2025-08-26 15:12:23,490 basehttp 72891 6122876928 "GET /api/v1/product-requests/requests/?page_size=1 HTTP/1.1" 200 14162
INFO 2025-08-26 15:12:49,332 autoreload 72891 8697595328 /Users/thulanimoyo/MEGA downloads/new downloads/BIDR_Backend/product_management_service/product_requests/serializers.py changed, reloading.
INFO 2025-08-26 15:12:49,928 autoreload 86813 8697595328 Watching for file changes with StatReloader
INFO 2025-08-26 15:12:59,558 autoreload 86813 8697595328 /Users/thulanimoyo/MEGA downloads/new downloads/BIDR_Backend/product_management_service/product_requests/serializers.py changed, reloading.
INFO 2025-08-26 15:12:59,963 autoreload 86886 8697595328 Watching for file changes with StatReloader
INFO 2025-08-26 15:13:10,605 autoreload 86886 8697595328 /Users/thulanimoyo/MEGA downloads/new downloads/BIDR_Backend/product_management_service/product_requests/serializers.py changed, reloading.
INFO 2025-08-26 15:13:10,979 autoreload 86947 8697595328 Watching for file changes with StatReloader
INFO 2025-08-26 15:13:44,416 basehttp 86947 6130397184 "GET /api/v1/product-requests/requests/?page_size=1 HTTP/1.1" 200 19481
INFO 2025-08-26 15:27:29,802 basehttp 86947 6130397184 "GET /api/v1/product-requests/requests/ HTTP/1.1" 200 31258
INFO 2025-08-26 15:29:43,438 basehttp 86947 6130397184 "GET /api/v1/product-requests/requests/ HTTP/1.1" 200 31258
INFO 2025-08-26 15:31:50,384 basehttp 86947 6147223552 "GET /api/v1/product-requests/requests/ HTTP/1.1" 200 31258
INFO 2025-08-26 15:42:56,325 basehttp 86947 6147223552 "GET /api/v1/product-requests/requests/ HTTP/1.1" 200 31258
INFO 2025-08-26 15:43:06,477 basehttp 86947 6147223552 "OPTIONS /api/v1/product-requests/requests/0/ HTTP/1.1" 200 0
WARNING 2025-08-26 15:43:06,524 log 86947 6147223552 Not Found: /api/v1/product-requests/requests/0/
WARNING 2025-08-26 15:43:06,524 basehttp 86947 6147223552 "DELETE /api/v1/product-requests/requests/0/ HTTP/1.1" 404 110
INFO 2025-08-26 15:47:17,869 basehttp 86947 6147223552 "GET /api/v1/product-requests/requests/ HTTP/1.1" 200 31258
INFO 2025-08-26 15:49:00,346 basehttp 86947 6147223552 "GET /api/v1/product-requests/requests/ HTTP/1.1" 200 31258
INFO 2025-08-26 15:49:44,613 basehttp 86947 6147223552 "GET /api/v1/product-requests/requests/ HTTP/1.1" 200 31258
INFO 2025-08-26 15:53:42,597 basehttp 86947 6164049920 "GET /api/v1/product-requests/requests/ HTTP/1.1" 200 31258
INFO 2025-08-26 15:54:01,442 basehttp 86947 6164049920 "OPTIONS /api/v1/product-requests/requests/2c26c275-1289-4bbf-a24e-792d3ce499b1/ HTTP/1.1" 200 0
INFO 2025-08-26 15:54:01,471 basehttp 86947 6164049920 "DELETE /api/v1/product-requests/requests/2c26c275-1289-4bbf-a24e-792d3ce499b1/ HTTP/1.1" 204 0
INFO 2025-08-26 15:54:03,546 basehttp 86947 6164049920 "GET /api/v1/product-requests/requests/ HTTP/1.1" 200 30379
INFO 2025-08-26 16:01:31,993 autoreload 86947 8697595328 /Users/thulanimoyo/MEGA downloads/new downloads/BIDR_Backend/product_management_service/product_requests/models.py changed, reloading.
INFO 2025-08-26 16:01:32,859 autoreload 23875 8697595328 Watching for file changes with StatReloader
INFO 2025-08-26 16:02:21,811 autoreload 23875 8697595328 /Users/thulanimoyo/MEGA downloads/new downloads/BIDR_Backend/product_management_service/product_requests/admin.py changed, reloading.
INFO 2025-08-26 16:02:22,467 autoreload 24241 8697595328 Watching for file changes with StatReloader
INFO 2025-08-26 16:04:16,326 autoreload 24241 8697595328 /Users/thulanimoyo/MEGA downloads/new downloads/BIDR_Backend/product_management_service/product_requests/serializers.py changed, reloading.
INFO 2025-08-26 16:04:16,835 autoreload 25120 8697595328 Watching for file changes with StatReloader
INFO 2025-08-26 16:05:15,874 autoreload 25120 8697595328 /Users/thulanimoyo/MEGA downloads/new downloads/BIDR_Backend/product_management_service/product_requests/views.py changed, reloading.
INFO 2025-08-26 16:05:16,352 autoreload 25557 8697595328 Watching for file changes with StatReloader
INFO 2025-08-26 16:05:28,265 autoreload 25557 8697595328 /Users/thulanimoyo/MEGA downloads/new downloads/BIDR_Backend/product_management_service/product_requests/views.py changed, reloading.
INFO 2025-08-26 16:05:28,653 autoreload 25678 8697595328 Watching for file changes with StatReloader
INFO 2025-08-26 16:05:46,505 autoreload 25678 8697595328 /Users/thulanimoyo/MEGA downloads/new downloads/BIDR_Backend/product_management_service/product_requests/views.py changed, reloading.
INFO 2025-08-26 16:05:47,247 autoreload 25818 8697595328 Watching for file changes with StatReloader
INFO 2025-08-26 16:06:03,189 autoreload 25818 8697595328 /Users/thulanimoyo/MEGA downloads/new downloads/BIDR_Backend/product_management_service/product_requests/urls.py changed, reloading.
INFO 2025-08-26 16:06:03,760 autoreload 25947 8697595328 Watching for file changes with StatReloader
INFO 2025-08-26 16:11:50,170 basehttp 25947 6166769664 "GET /api/v1/product-requests/requests/ HTTP/1.1" 200 30379
INFO 2025-08-26 16:13:13,733 basehttp 25947 6166769664 "GET /admin/quotes/quote/ HTTP/1.1" 200 54261
INFO 2025-08-26 16:13:13,778 basehttp 25947 6166769664 "GET /admin/jsi18n/ HTTP/1.1" 200 3342
ERROR 2025-08-26 16:13:17,838 log 25947 6166769664 Internal Server Error: /admin/product_requests/order/
Traceback (most recent call last):
  File "/Library/Frameworks/Python.framework/Versions/3.10/lib/python3.10/site-packages/django/db/backends/utils.py", line 105, in _execute
    return self.cursor.execute(sql, params)
  File "/Library/Frameworks/Python.framework/Versions/3.10/lib/python3.10/site-packages/django/db/backends/sqlite3/base.py", line 329, in execute
    return super().execute(query, params)
sqlite3.OperationalError: no such table: orders

The above exception was the direct cause of the following exception:

Traceback (most recent call last):
  File "/Library/Frameworks/Python.framework/Versions/3.10/lib/python3.10/site-packages/django/core/handlers/exception.py", line 55, in inner
    response = get_response(request)
  File "/Library/Frameworks/Python.framework/Versions/3.10/lib/python3.10/site-packages/django/core/handlers/base.py", line 197, in _get_response
    response = wrapped_callback(request, *callback_args, **callback_kwargs)
  File "/Library/Frameworks/Python.framework/Versions/3.10/lib/python3.10/site-packages/django/contrib/admin/options.py", line 716, in wrapper
    return self.admin_site.admin_view(view)(*args, **kwargs)
  File "/Library/Frameworks/Python.framework/Versions/3.10/lib/python3.10/site-packages/django/utils/decorators.py", line 188, in _view_wrapper
    result = _process_exception(request, e)
  File "/Library/Frameworks/Python.framework/Versions/3.10/lib/python3.10/site-packages/django/utils/decorators.py", line 186, in _view_wrapper
    response = view_func(request, *args, **kwargs)
  File "/Library/Frameworks/Python.framework/Versions/3.10/lib/python3.10/site-packages/django/views/decorators/cache.py", line 80, in _view_wrapper
    response = view_func(request, *args, **kwargs)
  File "/Library/Frameworks/Python.framework/Versions/3.10/lib/python3.10/site-packages/django/contrib/admin/sites.py", line 240, in inner
    return view(request, *args, **kwargs)
  File "/Library/Frameworks/Python.framework/Versions/3.10/lib/python3.10/site-packages/django/utils/decorators.py", line 48, in _wrapper
    return bound_method(*args, **kwargs)
  File "/Library/Frameworks/Python.framework/Versions/3.10/lib/python3.10/site-packages/django/utils/decorators.py", line 188, in _view_wrapper
    result = _process_exception(request, e)
  File "/Library/Frameworks/Python.framework/Versions/3.10/lib/python3.10/site-packages/django/utils/decorators.py", line 186, in _view_wrapper
    response = view_func(request, *args, **kwargs)
  File "/Library/Frameworks/Python.framework/Versions/3.10/lib/python3.10/site-packages/django/contrib/admin/options.py", line 1987, in changelist_view
    cl = self.get_changelist_instance(request)
  File "/Library/Frameworks/Python.framework/Versions/3.10/lib/python3.10/site-packages/django/contrib/admin/options.py", line 864, in get_changelist_instance
    return ChangeList(
  File "/Library/Frameworks/Python.framework/Versions/3.10/lib/python3.10/site-packages/django/contrib/admin/views/main.py", line 145, in __init__
    self.get_results(request)
  File "/Library/Frameworks/Python.framework/Versions/3.10/lib/python3.10/site-packages/django/contrib/admin/views/main.py", line 312, in get_results
    result_count = paginator.count
  File "/Library/Frameworks/Python.framework/Versions/3.10/lib/python3.10/site-packages/django/utils/functional.py", line 47, in __get__
    res = instance.__dict__[self.name] = self.func(instance)
  File "/Library/Frameworks/Python.framework/Versions/3.10/lib/python3.10/site-packages/django/core/paginator.py", line 110, in count
    return c()
  File "/Library/Frameworks/Python.framework/Versions/3.10/lib/python3.10/site-packages/django/db/models/query.py", line 620, in count
    return self.query.get_count(using=self.db)
  File "/Library/Frameworks/Python.framework/Versions/3.10/lib/python3.10/site-packages/django/db/models/sql/query.py", line 629, in get_count
    return obj.get_aggregation(using, {"__count": Count("*")})["__count"]
  File "/Library/Frameworks/Python.framework/Versions/3.10/lib/python3.10/site-packages/django/db/models/sql/query.py", line 615, in get_aggregation
    result = compiler.execute_sql(SINGLE)
  File "/Library/Frameworks/Python.framework/Versions/3.10/lib/python3.10/site-packages/django/db/models/sql/compiler.py", line 1562, in execute_sql
    cursor.execute(sql, params)
  File "/Library/Frameworks/Python.framework/Versions/3.10/lib/python3.10/site-packages/django/db/backends/utils.py", line 122, in execute
    return super().execute(sql, params)
  File "/Library/Frameworks/Python.framework/Versions/3.10/lib/python3.10/site-packages/django/db/backends/utils.py", line 79, in execute
    return self._execute_with_wrappers(
  File "/Library/Frameworks/Python.framework/Versions/3.10/lib/python3.10/site-packages/django/db/backends/utils.py", line 92, in _execute_with_wrappers
    return executor(sql, params, many, context)
  File "/Library/Frameworks/Python.framework/Versions/3.10/lib/python3.10/site-packages/django/db/backends/utils.py", line 100, in _execute
    with self.db.wrap_database_errors:
  File "/Library/Frameworks/Python.framework/Versions/3.10/lib/python3.10/site-packages/django/db/utils.py", line 91, in __exit__
    raise dj_exc_value.with_traceback(traceback) from exc_value
  File "/Library/Frameworks/Python.framework/Versions/3.10/lib/python3.10/site-packages/django/db/backends/utils.py", line 105, in _execute
    return self.cursor.execute(sql, params)
  File "/Library/Frameworks/Python.framework/Versions/3.10/lib/python3.10/site-packages/django/db/backends/sqlite3/base.py", line 329, in execute
    return super().execute(query, params)
django.db.utils.OperationalError: no such table: orders
ERROR 2025-08-26 16:13:17,844 basehttp 25947 6166769664 "GET /admin/product_requests/order/ HTTP/1.1" 500 203842
ERROR 2025-08-26 16:25:39,779 log 25947 6166769664 Internal Server Error: /admin/product_requests/order/
Traceback (most recent call last):
  File "/Library/Frameworks/Python.framework/Versions/3.10/lib/python3.10/site-packages/django/db/backends/utils.py", line 105, in _execute
    return self.cursor.execute(sql, params)
  File "/Library/Frameworks/Python.framework/Versions/3.10/lib/python3.10/site-packages/django/db/backends/sqlite3/base.py", line 329, in execute
    return super().execute(query, params)
sqlite3.OperationalError: no such table: orders

The above exception was the direct cause of the following exception:

Traceback (most recent call last):
  File "/Library/Frameworks/Python.framework/Versions/3.10/lib/python3.10/site-packages/django/core/handlers/exception.py", line 55, in inner
    response = get_response(request)
  File "/Library/Frameworks/Python.framework/Versions/3.10/lib/python3.10/site-packages/django/core/handlers/base.py", line 197, in _get_response
    response = wrapped_callback(request, *callback_args, **callback_kwargs)
  File "/Library/Frameworks/Python.framework/Versions/3.10/lib/python3.10/site-packages/django/contrib/admin/options.py", line 716, in wrapper
    return self.admin_site.admin_view(view)(*args, **kwargs)
  File "/Library/Frameworks/Python.framework/Versions/3.10/lib/python3.10/site-packages/django/utils/decorators.py", line 188, in _view_wrapper
    result = _process_exception(request, e)
  File "/Library/Frameworks/Python.framework/Versions/3.10/lib/python3.10/site-packages/django/utils/decorators.py", line 186, in _view_wrapper
    response = view_func(request, *args, **kwargs)
  File "/Library/Frameworks/Python.framework/Versions/3.10/lib/python3.10/site-packages/django/views/decorators/cache.py", line 80, in _view_wrapper
    response = view_func(request, *args, **kwargs)
  File "/Library/Frameworks/Python.framework/Versions/3.10/lib/python3.10/site-packages/django/contrib/admin/sites.py", line 240, in inner
    return view(request, *args, **kwargs)
  File "/Library/Frameworks/Python.framework/Versions/3.10/lib/python3.10/site-packages/django/utils/decorators.py", line 48, in _wrapper
    return bound_method(*args, **kwargs)
  File "/Library/Frameworks/Python.framework/Versions/3.10/lib/python3.10/site-packages/django/utils/decorators.py", line 188, in _view_wrapper
    result = _process_exception(request, e)
  File "/Library/Frameworks/Python.framework/Versions/3.10/lib/python3.10/site-packages/django/utils/decorators.py", line 186, in _view_wrapper
    response = view_func(request, *args, **kwargs)
  File "/Library/Frameworks/Python.framework/Versions/3.10/lib/python3.10/site-packages/django/contrib/admin/options.py", line 1987, in changelist_view
    cl = self.get_changelist_instance(request)
  File "/Library/Frameworks/Python.framework/Versions/3.10/lib/python3.10/site-packages/django/contrib/admin/options.py", line 864, in get_changelist_instance
    return ChangeList(
  File "/Library/Frameworks/Python.framework/Versions/3.10/lib/python3.10/site-packages/django/contrib/admin/views/main.py", line 145, in __init__
    self.get_results(request)
  File "/Library/Frameworks/Python.framework/Versions/3.10/lib/python3.10/site-packages/django/contrib/admin/views/main.py", line 312, in get_results
    result_count = paginator.count
  File "/Library/Frameworks/Python.framework/Versions/3.10/lib/python3.10/site-packages/django/utils/functional.py", line 47, in __get__
    res = instance.__dict__[self.name] = self.func(instance)
  File "/Library/Frameworks/Python.framework/Versions/3.10/lib/python3.10/site-packages/django/core/paginator.py", line 110, in count
    return c()
  File "/Library/Frameworks/Python.framework/Versions/3.10/lib/python3.10/site-packages/django/db/models/query.py", line 620, in count
    return self.query.get_count(using=self.db)
  File "/Library/Frameworks/Python.framework/Versions/3.10/lib/python3.10/site-packages/django/db/models/sql/query.py", line 629, in get_count
    return obj.get_aggregation(using, {"__count": Count("*")})["__count"]
  File "/Library/Frameworks/Python.framework/Versions/3.10/lib/python3.10/site-packages/django/db/models/sql/query.py", line 615, in get_aggregation
    result = compiler.execute_sql(SINGLE)
  File "/Library/Frameworks/Python.framework/Versions/3.10/lib/python3.10/site-packages/django/db/models/sql/compiler.py", line 1562, in execute_sql
    cursor.execute(sql, params)
  File "/Library/Frameworks/Python.framework/Versions/3.10/lib/python3.10/site-packages/django/db/backends/utils.py", line 122, in execute
    return super().execute(sql, params)
  File "/Library/Frameworks/Python.framework/Versions/3.10/lib/python3.10/site-packages/django/db/backends/utils.py", line 79, in execute
    return self._execute_with_wrappers(
  File "/Library/Frameworks/Python.framework/Versions/3.10/lib/python3.10/site-packages/django/db/backends/utils.py", line 92, in _execute_with_wrappers
    return executor(sql, params, many, context)
  File "/Library/Frameworks/Python.framework/Versions/3.10/lib/python3.10/site-packages/django/db/backends/utils.py", line 100, in _execute
    with self.db.wrap_database_errors:
  File "/Library/Frameworks/Python.framework/Versions/3.10/lib/python3.10/site-packages/django/db/utils.py", line 91, in __exit__
    raise dj_exc_value.with_traceback(traceback) from exc_value
  File "/Library/Frameworks/Python.framework/Versions/3.10/lib/python3.10/site-packages/django/db/backends/utils.py", line 105, in _execute
    return self.cursor.execute(sql, params)
  File "/Library/Frameworks/Python.framework/Versions/3.10/lib/python3.10/site-packages/django/db/backends/sqlite3/base.py", line 329, in execute
    return super().execute(query, params)
django.db.utils.OperationalError: no such table: orders
ERROR 2025-08-26 16:25:39,819 basehttp 25947 6166769664 "GET /admin/product_requests/order/ HTTP/1.1" 500 203979
ERROR 2025-08-26 16:25:42,548 log 25947 6166769664 Internal Server Error: /admin/product_requests/order/
Traceback (most recent call last):
  File "/Library/Frameworks/Python.framework/Versions/3.10/lib/python3.10/site-packages/django/db/backends/utils.py", line 105, in _execute
    return self.cursor.execute(sql, params)
  File "/Library/Frameworks/Python.framework/Versions/3.10/lib/python3.10/site-packages/django/db/backends/sqlite3/base.py", line 329, in execute
    return super().execute(query, params)
sqlite3.OperationalError: no such table: orders

The above exception was the direct cause of the following exception:

Traceback (most recent call last):
  File "/Library/Frameworks/Python.framework/Versions/3.10/lib/python3.10/site-packages/django/core/handlers/exception.py", line 55, in inner
    response = get_response(request)
  File "/Library/Frameworks/Python.framework/Versions/3.10/lib/python3.10/site-packages/django/core/handlers/base.py", line 197, in _get_response
    response = wrapped_callback(request, *callback_args, **callback_kwargs)
  File "/Library/Frameworks/Python.framework/Versions/3.10/lib/python3.10/site-packages/django/contrib/admin/options.py", line 716, in wrapper
    return self.admin_site.admin_view(view)(*args, **kwargs)
  File "/Library/Frameworks/Python.framework/Versions/3.10/lib/python3.10/site-packages/django/utils/decorators.py", line 188, in _view_wrapper
    result = _process_exception(request, e)
  File "/Library/Frameworks/Python.framework/Versions/3.10/lib/python3.10/site-packages/django/utils/decorators.py", line 186, in _view_wrapper
    response = view_func(request, *args, **kwargs)
  File "/Library/Frameworks/Python.framework/Versions/3.10/lib/python3.10/site-packages/django/views/decorators/cache.py", line 80, in _view_wrapper
    response = view_func(request, *args, **kwargs)
  File "/Library/Frameworks/Python.framework/Versions/3.10/lib/python3.10/site-packages/django/contrib/admin/sites.py", line 240, in inner
    return view(request, *args, **kwargs)
  File "/Library/Frameworks/Python.framework/Versions/3.10/lib/python3.10/site-packages/django/utils/decorators.py", line 48, in _wrapper
    return bound_method(*args, **kwargs)
  File "/Library/Frameworks/Python.framework/Versions/3.10/lib/python3.10/site-packages/django/utils/decorators.py", line 188, in _view_wrapper
    result = _process_exception(request, e)
  File "/Library/Frameworks/Python.framework/Versions/3.10/lib/python3.10/site-packages/django/utils/decorators.py", line 186, in _view_wrapper
    response = view_func(request, *args, **kwargs)
  File "/Library/Frameworks/Python.framework/Versions/3.10/lib/python3.10/site-packages/django/contrib/admin/options.py", line 1987, in changelist_view
    cl = self.get_changelist_instance(request)
  File "/Library/Frameworks/Python.framework/Versions/3.10/lib/python3.10/site-packages/django/contrib/admin/options.py", line 864, in get_changelist_instance
    return ChangeList(
  File "/Library/Frameworks/Python.framework/Versions/3.10/lib/python3.10/site-packages/django/contrib/admin/views/main.py", line 145, in __init__
    self.get_results(request)
  File "/Library/Frameworks/Python.framework/Versions/3.10/lib/python3.10/site-packages/django/contrib/admin/views/main.py", line 312, in get_results
    result_count = paginator.count
  File "/Library/Frameworks/Python.framework/Versions/3.10/lib/python3.10/site-packages/django/utils/functional.py", line 47, in __get__
    res = instance.__dict__[self.name] = self.func(instance)
  File "/Library/Frameworks/Python.framework/Versions/3.10/lib/python3.10/site-packages/django/core/paginator.py", line 110, in count
    return c()
  File "/Library/Frameworks/Python.framework/Versions/3.10/lib/python3.10/site-packages/django/db/models/query.py", line 620, in count
    return self.query.get_count(using=self.db)
  File "/Library/Frameworks/Python.framework/Versions/3.10/lib/python3.10/site-packages/django/db/models/sql/query.py", line 629, in get_count
    return obj.get_aggregation(using, {"__count": Count("*")})["__count"]
  File "/Library/Frameworks/Python.framework/Versions/3.10/lib/python3.10/site-packages/django/db/models/sql/query.py", line 615, in get_aggregation
    result = compiler.execute_sql(SINGLE)
  File "/Library/Frameworks/Python.framework/Versions/3.10/lib/python3.10/site-packages/django/db/models/sql/compiler.py", line 1562, in execute_sql
    cursor.execute(sql, params)
  File "/Library/Frameworks/Python.framework/Versions/3.10/lib/python3.10/site-packages/django/db/backends/utils.py", line 122, in execute
    return super().execute(sql, params)
  File "/Library/Frameworks/Python.framework/Versions/3.10/lib/python3.10/site-packages/django/db/backends/utils.py", line 79, in execute
    return self._execute_with_wrappers(
  File "/Library/Frameworks/Python.framework/Versions/3.10/lib/python3.10/site-packages/django/db/backends/utils.py", line 92, in _execute_with_wrappers
    return executor(sql, params, many, context)
  File "/Library/Frameworks/Python.framework/Versions/3.10/lib/python3.10/site-packages/django/db/backends/utils.py", line 100, in _execute
    with self.db.wrap_database_errors:
  File "/Library/Frameworks/Python.framework/Versions/3.10/lib/python3.10/site-packages/django/db/utils.py", line 91, in __exit__
    raise dj_exc_value.with_traceback(traceback) from exc_value
  File "/Library/Frameworks/Python.framework/Versions/3.10/lib/python3.10/site-packages/django/db/backends/utils.py", line 105, in _execute
    return self.cursor.execute(sql, params)
  File "/Library/Frameworks/Python.framework/Versions/3.10/lib/python3.10/site-packages/django/db/backends/sqlite3/base.py", line 329, in execute
    return super().execute(query, params)
django.db.utils.OperationalError: no such table: orders
ERROR 2025-08-26 16:25:42,550 basehttp 25947 6166769664 "GET /admin/product_requests/order/ HTTP/1.1" 500 203979
INFO 2025-08-26 16:26:48,474 autoreload 36558 8697595328 Watching for file changes with StatReloader
WARNING 2025-08-26 16:29:42,010 log 25947 6325039104 Not Found: /api/product-requests/orders/
WARNING 2025-08-26 16:29:42,011 basehttp 25947 6325039104 "GET /api/product-requests/orders/ HTTP/1.1" 404 4599
WARNING 2025-08-26 16:29:48,685 log 25947 6325039104 Unauthorized: /api/v1/product-requests/orders/
WARNING 2025-08-26 16:29:48,685 basehttp 25947 6325039104 "GET /api/v1/product-requests/orders/ HTTP/1.1" 401 145
INFO 2025-08-26 16:30:20,418 basehttp 25947 6166769664 "GET /admin/product_requests/order/ HTTP/1.1" 200 32439
INFO 2025-08-26 16:30:20,503 basehttp 25947 6166769664 "GET /admin/jsi18n/ HTTP/1.1" 200 3342
INFO 2025-08-26 16:30:36,924 autoreload 25947 8697595328 /Users/thulanimoyo/MEGA downloads/new downloads/BIDR_Backend/product_management_service/product_requests/views.py changed, reloading.
INFO 2025-08-26 16:30:37,545 autoreload 38831 8697595328 Watching for file changes with StatReloader
INFO 2025-08-26 16:30:41,865 basehttp 38831 13186969600 "GET /admin/product_requests/order/12502143-20e5-4db7-af0e-15505d67b000/change/ HTTP/1.1" 200 56584
INFO 2025-08-26 16:30:41,899 basehttp 38831 13186969600 "GET /admin/jsi18n/ HTTP/1.1" 200 3342
INFO 2025-08-26 16:30:46,623 basehttp 38831 13220622336 "GET /api/v1/product-requests/orders/by_status_categories/ HTTP/1.1" 200 1851
INFO 2025-08-26 16:40:17,735 basehttp 38831 13186969600 "GET /api/v1/product-requests/requests/ HTTP/1.1" 200 32737
INFO 2025-08-26 16:42:37,178 basehttp 38831 13186969600 "GET /api/v1/product-requests/requests/ HTTP/1.1" 200 32737
INFO 2025-08-26 16:42:39,869 basehttp 38831 13186969600 "OPTIONS /login/ HTTP/1.1" 200 0
WARNING 2025-08-26 16:42:39,894 log 38831 13186969600 Not Found: /login/
WARNING 2025-08-26 16:42:39,894 basehttp 38831 13186969600 "POST /login/ HTTP/1.1" 404 4083
INFO 2025-08-26 16:42:39,914 basehttp 38831 13186969600 "OPTIONS /api/orders/ HTTP/1.1" 200 0
WARNING 2025-08-26 16:42:39,928 log 38831 13186969600 Not Found: /api/orders/
WARNING 2025-08-26 16:42:39,928 basehttp 38831 13186969600 "GET /api/orders/ HTTP/1.1" 404 4548
INFO 2025-08-26 16:44:54,112 basehttp 38831 13186969600 "GET /api/v1/product-requests/requests/ HTTP/1.1" 200 32737
WARNING 2025-08-26 16:44:57,319 log 38831 13186969600 Not Found: /api/orders/
WARNING 2025-08-26 16:44:57,319 basehttp 38831 13186969600 "GET /api/orders/ HTTP/1.1" 404 4548
WARNING 2025-08-26 16:45:19,429 log 38831 13186969600 Not Found: /api/orders/
WARNING 2025-08-26 16:45:19,429 basehttp 38831 13186969600 "GET /api/orders/ HTTP/1.1" 404 4548
INFO 2025-08-26 16:50:22,616 basehttp 38831 13186969600 "GET /api/v1/product-requests/requests/ HTTP/1.1" 200 32737
INFO 2025-08-26 16:50:25,539 basehttp 38831 13186969600 "OPTIONS /api/v1/product-requests/orders/ HTTP/1.1" 200 0
WARNING 2025-08-26 16:50:25,591 log 38831 13186969600 Unauthorized: /api/v1/product-requests/orders/
WARNING 2025-08-26 16:50:25,592 basehttp 38831 13186969600 "GET /api/v1/product-requests/orders/ HTTP/1.1" 401 145
INFO 2025-08-26 16:51:32,189 autoreload 38831 8697595328 /Users/thulanimoyo/MEGA downloads/new downloads/BIDR_Backend/product_management_service/product_requests/views.py changed, reloading.
INFO 2025-08-26 16:51:33,290 autoreload 48907 8697595328 Watching for file changes with StatReloader
INFO 2025-08-26 16:52:03,998 autoreload 48907 8697595328 /Users/thulanimoyo/MEGA downloads/new downloads/BIDR_Backend/product_management_service/product_requests/views.py changed, reloading.
INFO 2025-08-26 16:52:04,803 autoreload 49187 8697595328 Watching for file changes with StatReloader
INFO 2025-08-26 16:52:33,447 basehttp 49187 6170701824 "GET /api/v1/product-requests/orders/ HTTP/1.1" 200 4724
INFO 2025-08-26 16:52:34,154 basehttp 49187 6170701824 "GET /api/v1/product-requests/orders/ HTTP/1.1" 200 4724
INFO 2025-08-26 16:52:34,635 basehttp 49187 6170701824 "GET /api/v1/product-requests/orders/ HTTP/1.1" 200 4724
INFO 2025-08-26 16:52:35,691 basehttp 49187 6170701824 "GET /api/v1/product-requests/orders/ HTTP/1.1" 200 4724
INFO 2025-08-26 16:53:01,153 basehttp 49187 6170701824 "GET /api/v1/product-requests/requests/ HTTP/1.1" 200 32737
INFO 2025-08-26 16:53:04,322 basehttp 49187 6170701824 "GET /api/v1/product-requests/orders/ HTTP/1.1" 200 4724
INFO 2025-08-26 16:54:44,937 basehttp 49187 6170701824 "GET /api/v1/product-requests/requests/ HTTP/1.1" 200 32737
INFO 2025-08-26 16:54:49,507 basehttp 49187 6170701824 "GET /api/v1/product-requests/orders/ HTTP/1.1" 200 4724
INFO 2025-08-26 16:55:00,866 basehttp 49187 6170701824 "GET /api/v1/product-requests/orders/ HTTP/1.1" 200 4724
INFO 2025-08-26 16:55:30,402 basehttp 49187 6170701824 "GET /api/v1/product-requests/orders/ HTTP/1.1" 200 4724
INFO 2025-08-26 16:56:53,178 basehttp 49187 6170701824 "GET /api/v1/product-requests/orders/ HTTP/1.1" 200 4724
INFO 2025-08-26 16:56:57,645 basehttp 49187 6170701824 "GET /api/v1/product-requests/orders/ HTTP/1.1" 200 4724
INFO 2025-08-26 16:57:08,485 basehttp 49187 6170701824 "GET /api/v1/product-requests/orders/ HTTP/1.1" 200 4724
INFO 2025-08-26 17:03:08,817 basehttp 49187 6170701824 "GET /api/v1/product-requests/requests/ HTTP/1.1" 200 32737
INFO 2025-08-26 17:03:11,128 basehttp 49187 6170701824 "GET /api/v1/product-requests/orders/ HTTP/1.1" 200 4724
INFO 2025-08-26 17:07:48,165 basehttp 49187 6170701824 "GET /api/v1/product-requests/requests/ HTTP/1.1" 200 32737
INFO 2025-08-26 17:07:50,959 basehttp 49187 6170701824 "GET /api/v1/product-requests/orders/ HTTP/1.1" 200 4724
INFO 2025-08-26 17:23:29,599 basehttp 49187 6170701824 "GET /api/v1/product-requests/requests/ HTTP/1.1" 200 32737
INFO 2025-08-26 17:23:53,695 basehttp 49187 6170701824 "GET /api/v1/product-requests/orders/ HTTP/1.1" 200 4724
INFO 2025-08-26 17:30:42,445 basehttp 49187 6170701824 "GET /api/v1/product-requests/requests/ HTTP/1.1" 200 32737
INFO 2025-08-26 17:30:44,307 basehttp 49187 6170701824 "GET /api/v1/product-requests/orders/ HTTP/1.1" 200 4724
INFO 2025-08-26 17:30:47,038 basehttp 49187 6170701824 "GET /api/v1/product-requests/orders/ HTTP/1.1" 200 4724
INFO 2025-08-26 17:33:31,103 basehttp 49187 6170701824 "GET /api/v1/product-requests/requests/ HTTP/1.1" 200 32737
INFO 2025-08-26 17:33:44,412 basehttp 49187 6170701824 "GET /api/v1/product-requests/requests/ HTTP/1.1" 200 32737
INFO 2025-08-26 17:52:49,280 basehttp 49187 6170701824 "GET /api/v1/product-requests/requests/ HTTP/1.1" 200 32737
INFO 2025-08-26 18:01:06,941 basehttp 49187 6170701824 "GET /api/v1/product-requests/orders/ HTTP/1.1" 200 4724
INFO 2025-08-26 18:26:03,178 basehttp 49187 6170701824 "GET /api/v1/product-requests/requests/ HTTP/1.1" 200 32737
INFO 2025-08-26 18:26:32,505 basehttp 49187 6170701824 "GET /api/v1/product-requests/requests/ HTTP/1.1" 200 32737
INFO 2025-08-26 18:28:42,772 basehttp 49187 6170701824 "GET /api/v1/product-requests/requests/ HTTP/1.1" 200 32737
INFO 2025-08-26 20:59:00,632 basehttp 49187 6170701824 "GET /api/v1/product-requests/requests/ HTTP/1.1" 200 142183
INFO 2025-08-26 20:59:09,309 basehttp 49187 6170701824 "GET /admin/product_requests/order/12502143-20e5-4db7-af0e-15505d67b000/change/ HTTP/1.1" 200 56584
INFO 2025-08-26 21:11:31,872 basehttp 49187 6170701824 "OPTIONS /login/ HTTP/1.1" 200 0
WARNING 2025-08-26 21:11:31,931 log 49187 6170701824 Not Found: /login/
WARNING 2025-08-26 21:11:31,931 basehttp 49187 6170701824 "POST /login/ HTTP/1.1" 404 4083
WARNING 2025-08-26 21:12:06,492 log 49187 6170701824 Not Found: /login/
WARNING 2025-08-26 21:12:06,494 basehttp 49187 6170701824 "POST /login/ HTTP/1.1" 404 4083
INFO 2025-08-26 21:20:26,411 basehttp 49187 6170701824 "OPTIONS /login/ HTTP/1.1" 200 0
WARNING 2025-08-26 21:20:26,426 log 49187 6170701824 Not Found: /login/
WARNING 2025-08-26 21:20:26,426 basehttp 49187 6170701824 "POST /login/ HTTP/1.1" 404 4083
WARNING 2025-08-26 21:21:39,717 log 49187 6170701824 Not Found: /login/
WARNING 2025-08-26 21:21:39,718 basehttp 49187 6170701824 "POST /login/ HTTP/1.1" 404 4083
INFO 2025-08-26 21:23:42,398 basehttp 49187 6170701824 "GET /api/v1/product-requests/requests/ HTTP/1.1" 200 32737
INFO 2025-08-26 21:41:19,753 basehttp 49187 6170701824 "OPTIONS /api/v1/product-requests/requests/ HTTP/1.1" 200 0
WARNING 2025-08-26 21:41:19,838 log 49187 6170701824 Unauthorized: /api/v1/product-requests/requests/
WARNING 2025-08-26 21:41:19,838 basehttp 49187 6170701824 "POST /api/v1/product-requests/requests/ HTTP/1.1" 401 297
WARNING 2025-08-26 21:42:59,726 log 49187 6170701824 Unauthorized: /api/v1/product-requests/requests/
WARNING 2025-08-26 21:42:59,727 basehttp 49187 6170701824 "POST /api/v1/product-requests/requests/ HTTP/1.1" 401 297
INFO 2025-08-26 21:45:13,437 autoreload 49187 8697595328 /Users/thulanimoyo/MEGA downloads/new downloads/BIDR_Backend/product_management_service/product_management_service/settings.py changed, reloading.
INFO 2025-08-26 21:45:14,187 autoreload 67284 8697595328 Watching for file changes with StatReloader
INFO 2025-08-26 21:49:11,448 basehttp 67284 6135001088 "GET /api/v1/product-requests/requests/ HTTP/1.1" 200 32737
INFO 2025-08-26 21:51:46,563 basehttp 67284 6135001088 "GET /api/v1/product-requests/requests/ HTTP/1.1" 200 32737
INFO 2025-08-26 21:52:01,719 basehttp 67284 6135001088 "OPTIONS /api/v1/product-requests/orders/ HTTP/1.1" 200 0
WARNING 2025-08-26 21:52:01,739 log 67284 6135001088 Bad Request: /api/v1/product-requests/orders/
WARNING 2025-08-26 21:52:01,739 basehttp 67284 6135001088 "POST /api/v1/product-requests/orders/ HTTP/1.1" 400 159
WARNING 2025-08-26 22:05:39,916 log 67284 6135001088 Bad Request: /api/v1/product-requests/requests/
WARNING 2025-08-26 22:05:39,921 basehttp 67284 6135001088 "POST /api/v1/product-requests/requests/ HTTP/1.1" 400 181
INFO 2025-08-26 22:21:53,313 basehttp 67284 6135001088 "GET /api/v1/product-requests/requests/ HTTP/1.1" 200 32737
WARNING 2025-08-26 22:23:08,046 log 67284 6135001088 Bad Request: /api/v1/product-requests/requests/
WARNING 2025-08-26 22:23:08,048 basehttp 67284 6135001088 "POST /api/v1/product-requests/requests/ HTTP/1.1" 400 181
INFO 2025-08-26 22:23:52,146 basehttp 67284 6135001088 "GET /api/v1/product-requests/requests/ HTTP/1.1" 200 32737
WARNING 2025-08-26 22:24:20,838 log 67284 6135001088 Bad Request: /api/v1/product-requests/orders/
WARNING 2025-08-26 22:24:20,839 basehttp 67284 6135001088 "POST /api/v1/product-requests/orders/ HTTP/1.1" 400 159
WARNING 2025-08-26 22:30:01,315 log 67284 6135001088 Bad Request: /api/v1/product-requests/requests/
WARNING 2025-08-26 22:30:01,319 basehttp 67284 6135001088 "POST /api/v1/product-requests/requests/ HTTP/1.1" 400 181
INFO 2025-08-26 22:40:45,317 basehttp 67284 6135001088 "GET /api/v1/product-requests/requests/ HTTP/1.1" 200 32737
INFO 2025-08-26 22:40:57,699 basehttp 67284 6135001088 "POST /api/v1/product-requests/requests/ HTTP/1.1" 201 966
INFO 2025-08-26 22:41:39,629 autoreload 67284 8697595328 /Users/thulanimoyo/MEGA downloads/new downloads/BIDR_Backend/product_management_service/product_requests/serializers.py changed, reloading.
INFO 2025-08-26 22:41:40,196 autoreload 93396 8697595328 Watching for file changes with StatReloader
INFO 2025-08-26 22:41:52,915 autoreload 93396 8697595328 /Users/thulanimoyo/MEGA downloads/new downloads/BIDR_Backend/product_management_service/product_requests/serializers.py changed, reloading.
INFO 2025-08-26 22:41:53,289 autoreload 93463 8697595328 Watching for file changes with StatReloader
INFO 2025-08-26 22:42:11,263 basehttp 93463 6122614784 "POST /api/v1/product-requests/requests/ HTTP/1.1" 201 1087
INFO 2025-08-26 22:42:21,133 autoreload 93783 8697595328 Watching for file changes with StatReloader
WARNING 2025-08-26 22:46:05,529 log 93783 6193098752 Bad Request: /api/v1/product-requests/requests/
WARNING 2025-08-26 22:46:05,530 basehttp 93783 6193098752 "POST /api/v1/product-requests/requests/ HTTP/1.1" 400 181
INFO 2025-08-26 22:47:04,142 autoreload 95513 8697595328 Watching for file changes with StatReloader
INFO 2025-08-26 22:47:54,490 basehttp 95513 6135345152 "GET /api/v1/product-requests/requests/ HTTP/1.1" 200 30013
WARNING 2025-08-26 22:49:08,052 log 95513 6135345152 Bad Request: /api/v1/product-requests/requests/
WARNING 2025-08-26 22:49:08,053 basehttp 95513 6135345152 "POST /api/v1/product-requests/requests/ HTTP/1.1" 400 240
INFO 2025-08-26 22:55:20,611 basehttp 95513 6135345152 "GET /api/v1/product-requests/requests/ HTTP/1.1" 200 30013
INFO 2025-08-26 23:35:56,873 basehttp 95513 6135345152 "GET /api/v1/product-requests/requests/ HTTP/1.1" 200 30013
INFO 2025-08-27 03:58:14,785 basehttp 95513 6135345152 "GET /api/v1/product-requests/requests/ HTTP/1.1" 200 30013
INFO 2025-08-27 04:58:11,744 basehttp 95513 6135345152 "GET /api/v1/product-requests/requests/ HTTP/1.1" 200 30013
INFO 2025-08-27 05:04:12,595 basehttp 95513 6135345152 "GET /api/v1/product-requests/requests/ HTTP/1.1" 200 30013
INFO 2025-08-27 05:10:23,253 basehttp 95513 6135345152 "GET /api/v1/product-requests/requests/ HTTP/1.1" 200 30013
INFO 2025-08-27 06:27:43,978 basehttp 95513 6135345152 "GET /api/v1/product-requests/requests/ HTTP/1.1" 200 30013
INFO 2025-08-27 06:32:50,108 basehttp 95513 6135345152 "GET /api/v1/product-requests/requests/ HTTP/1.1" 200 30013
INFO 2025-08-27 06:34:06,011 basehttp 95513 6135345152 "GET /api/v1/product-requests/requests/ HTTP/1.1" 200 30013
INFO 2025-08-27 06:36:05,441 basehttp 95513 6135345152 "GET /api/v1/product-requests/requests/ HTTP/1.1" 200 30013
INFO 2025-08-27 06:38:17,080 basehttp 95513 6135345152 "GET /api/v1/product-requests/requests/ HTTP/1.1" 200 30013
INFO 2025-08-27 06:38:34,346 basehttp 95513 6135345152 "GET /api/v1/product-requests/requests/ HTTP/1.1" 200 30013
INFO 2025-08-27 06:47:30,374 basehttp 95513 6135345152 "GET /api/v1/product-requests/requests/ HTTP/1.1" 200 30013
INFO 2025-08-27 08:21:38,102 basehttp 95513 6135345152 "GET /api/v1/product-requests/requests/ HTTP/1.1" 200 30013
INFO 2025-08-27 09:49:17,523 basehttp 95513 6135345152 "GET /api/v1/product-requests/requests/ HTTP/1.1" 200 30013
INFO 2025-08-27 09:49:23,123 basehttp 95513 6135345152 "GET /api/v1/product-requests/requests/ HTTP/1.1" 200 30013
INFO 2025-08-27 10:00:27,288 basehttp 95513 6135345152 "GET /api/v1/product-requests/requests/ HTTP/1.1" 200 30013
INFO 2025-08-27 10:08:30,817 basehttp 95513 6135345152 "GET /api/v1/product-requests/requests/ HTTP/1.1" 200 30013
INFO 2025-08-27 10:15:04,504 basehttp 95513 6135345152 "GET /api/v1/product-requests/requests/ HTTP/1.1" 200 30013
INFO 2025-08-27 10:18:48,662 basehttp 95513 6135345152 "GET /api/v1/product-requests/requests/ HTTP/1.1" 200 30013
INFO 2025-08-27 10:19:43,322 basehttp 95513 6135345152 "GET /api/v1/product-requests/requests/ HTTP/1.1" 200 30013
WARNING 2025-08-27 10:21:57,073 log 95513 6135345152 Bad Request: /api/v1/product-requests/requests/
WARNING 2025-08-27 10:21:57,080 basehttp 95513 6135345152 "POST /api/v1/product-requests/requests/ HTTP/1.1" 400 181
INFO 2025-08-27 10:51:30,915 autoreload 74486 8697595328 Watching for file changes with StatReloader
INFO 2025-08-27 10:55:41,610 autoreload 77456 8697595328 Watching for file changes with StatReloader
INFO 2025-08-27 12:13:52,093 autoreload 88629 8697595328 Watching for file changes with StatReloader
WARNING 2025-08-27 12:30:41,212 log 88629 6122516480 Not Found: /sales/view_normalized_claims_data/
WARNING 2025-08-27 12:30:41,219 basehttp 88629 6122516480 "POST /sales/view_normalized_claims_data/ HTTP/1.1" 404 4953
INFO 2025-08-27 13:42:54,819 basehttp 95513 6135345152 "GET /admin/product_requests/order/12502143-20e5-4db7-af0e-15505d67b000/change/ HTTP/1.1" 302 0
INFO 2025-08-27 13:42:54,902 basehttp 95513 6135345152 "GET /admin/login/?next=/admin/product_requests/order/12502143-20e5-4db7-af0e-15505d67b000/change/ HTTP/1.1" 200 4292
INFO 2025-08-27 16:19:31,407 basehttp 95513 6135345152 "GET /api/v1/product-requests/requests/ HTTP/1.1" 200 136021
INFO 2025-08-27 16:22:05,632 basehttp 95513 6135345152 "POST /admin/login/?next=/admin/product_requests/order/12502143-20e5-4db7-af0e-15505d67b000/change/ HTTP/1.1" 302 0
INFO 2025-08-27 16:22:05,838 basehttp 95513 6135345152 "GET /admin/product_requests/order/12502143-20e5-4db7-af0e-15505d67b000/change/ HTTP/1.1" 200 57092
INFO 2025-08-27 16:22:05,910 basehttp 95513 6135345152 "GET /admin/jsi18n/ HTTP/1.1" 200 3342
INFO 2025-08-27 17:18:06,770 autoreload 89020 8697595328 Watching for file changes with StatReloader
INFO 2025-08-27 18:28:23,963 autoreload 46948 8697595328 Watching for file changes with StatReloader
INFO 2025-08-27 18:28:54,737 autoreload 47455 8697595328 Watching for file changes with StatReloader
WARNING 2025-08-27 18:30:11,774 log 47455 12901707776 Bad Request: /api/v1/product-requests/requests/
WARNING 2025-08-27 18:30:11,776 basehttp 47455 12901707776 "POST /api/v1/product-requests/requests/ HTTP/1.1" 400 181
INFO 2025-08-27 18:31:19,050 autoreload 47455 8697595328 /Users/thulanimoyo/MEGA downloads/new downloads/BIDR_Backend/product_management_service/product_requests/views.py changed, reloading.
INFO 2025-08-27 18:31:20,617 autoreload 49338 8697595328 Watching for file changes with StatReloader
INFO 2025-08-27 18:31:29,714 autoreload 49484 8697595328 Watching for file changes with StatReloader
INFO 2025-08-27 18:31:33,042 autoreload 49484 8697595328 /Users/thulanimoyo/MEGA downloads/new downloads/BIDR_Backend/product_management_service/product_requests/views.py changed, reloading.
INFO 2025-08-27 18:31:34,376 autoreload 49547 8697595328 Watching for file changes with StatReloader
WARNING 2025-08-27 18:31:36,708 log 49547 12901707776 Bad Request: /api/v1/product-requests/requests/
WARNING 2025-08-27 18:31:36,709 basehttp 49547 12901707776 "POST /api/v1/product-requests/requests/ HTTP/1.1" 400 181
WARNING 2025-08-27 18:32:47,142 log 49547 12901707776 Bad Request: /api/v1/product-requests/requests/
WARNING 2025-08-27 18:32:47,143 basehttp 49547 12901707776 "POST /api/v1/product-requests/requests/ HTTP/1.1" 400 181
INFO 2025-08-27 18:40:08,411 basehttp 49547 13304360960 "GET /api/v1/product-requests/requests/ HTTP/1.1" 200 30009
WARNING 2025-08-27 18:47:03,615 log 49547 13304360960 Bad Request: /api/v1/product-requests/requests/
WARNING 2025-08-27 18:47:03,616 basehttp 49547 13304360960 "POST /api/v1/product-requests/requests/ HTTP/1.1" 400 181
INFO 2025-08-27 18:47:34,315 autoreload 61575 8697595328 Watching for file changes with StatReloader
WARNING 2025-08-27 18:47:42,523 log 61575 6212530176 Bad Request: /api/v1/product-requests/requests/
WARNING 2025-08-27 18:47:42,524 basehttp 61575 6212530176 "POST /api/v1/product-requests/requests/ HTTP/1.1" 400 181
INFO 2025-08-27 18:51:21,134 autoreload 61575 8697595328 /Users/thulanimoyo/MEGA downloads/new downloads/BIDR_Backend/product_management_service/product_requests/serializers.py changed, reloading.
INFO 2025-08-27 18:51:22,638 autoreload 63097 8697595328 Watching for file changes with StatReloader
INFO 2025-08-27 18:51:38,680 autoreload 63308 8697595328 Watching for file changes with StatReloader
WARNING 2025-08-27 18:51:51,518 log 63308 6325039104 Bad Request: /api/v1/product-requests/requests/
WARNING 2025-08-27 18:51:51,519 basehttp 63308 6325039104 "POST /api/v1/product-requests/requests/ HTTP/1.1" 400 181
INFO 2025-08-27 18:55:12,043 basehttp 63308 13304360960 "GET /api/v1/product-requests/requests/ HTTP/1.1" 200 30009
WARNING 2025-08-27 18:57:30,547 log 63308 13304360960 Bad Request: /api/v1/product-requests/requests/
WARNING 2025-08-27 18:57:30,548 basehttp 63308 13304360960 "POST /api/v1/product-requests/requests/ HTTP/1.1" 400 181
WARNING 2025-08-27 19:00:36,856 log 63308 13304360960 Bad Request: /api/v1/product-requests/requests/
WARNING 2025-08-27 19:00:36,858 basehttp 63308 13304360960 "POST /api/v1/product-requests/requests/ HTTP/1.1" 400 181
INFO 2025-08-27 19:01:38,950 autoreload 63308 8697595328 /Users/thulanimoyo/MEGA downloads/new downloads/BIDR_Backend/product_management_service/product_requests/serializers.py changed, reloading.
INFO 2025-08-27 19:01:41,239 autoreload 67830 8697595328 Watching for file changes with StatReloader
INFO 2025-08-27 19:01:55,535 autoreload 67953 8697595328 Watching for file changes with StatReloader
INFO 2025-08-27 19:02:06,679 basehttp 67953 13203795968 "GET /api/v1/product-requests/requests/ HTTP/1.1" 200 30009
WARNING 2025-08-27 19:02:47,570 log 67953 13203795968 Bad Request: /api/v1/product-requests/requests/
WARNING 2025-08-27 19:02:47,570 basehttp 67953 13203795968 "POST /api/v1/product-requests/requests/ HTTP/1.1" 400 162
INFO 2025-08-27 19:03:39,044 autoreload 67953 8697595328 /Users/thulanimoyo/MEGA downloads/new downloads/BIDR_Backend/product_management_service/product_requests/views.py changed, reloading.
INFO 2025-08-27 19:03:40,469 autoreload 68577 8697595328 Watching for file changes with StatReloader
INFO 2025-08-27 19:03:55,628 autoreload 68577 8697595328 /Users/thulanimoyo/MEGA downloads/new downloads/BIDR_Backend/product_management_service/product_requests/views.py changed, reloading.
INFO 2025-08-27 19:03:57,352 autoreload 68724 8697595328 Watching for file changes with StatReloader
INFO 2025-08-27 19:04:09,128 autoreload 68822 8697595328 Watching for file changes with StatReloader
WARNING 2025-08-27 19:04:13,128 log 68822 12935360512 Bad Request: /api/v1/product-requests/requests/
WARNING 2025-08-27 19:04:13,129 basehttp 68822 12935360512 "POST /api/v1/product-requests/requests/ HTTP/1.1" 400 162
INFO 2025-08-27 19:05:08,758 autoreload 68822 8697595328 /Users/thulanimoyo/MEGA downloads/new downloads/BIDR_Backend/product_management_service/product_requests/serializers.py changed, reloading.
INFO 2025-08-27 19:05:10,553 autoreload 69330 8697595328 Watching for file changes with StatReloader
INFO 2025-08-27 19:05:36,848 autoreload 69567 8697595328 Watching for file changes with StatReloader
ERROR 2025-08-27 19:05:49,724 log 69567 6392344576 Internal Server Error: /api/v1/product-requests/requests/
ERROR 2025-08-27 19:05:49,727 basehttp 69567 6392344576 "POST /api/v1/product-requests/requests/ HTTP/1.1" 500 96
INFO 2025-08-27 19:07:14,620 autoreload 69567 8697595328 /Users/thulanimoyo/MEGA downloads/new downloads/BIDR_Backend/product_management_service/product_requests/serializers.py changed, reloading.
INFO 2025-08-27 19:07:16,843 autoreload 70379 8697595328 Watching for file changes with StatReloader
INFO 2025-08-27 19:07:56,785 autoreload 70622 8697595328 Watching for file changes with StatReloader
INFO 2025-08-27 19:08:06,358 basehttp 70622 13203795968 "POST /api/v1/product-requests/requests/ HTTP/1.1" 201 1046
INFO 2025-08-27 19:09:55,576 basehttp 70622 13203795968 "GET /api/v1/product-requests/requests/ HTTP/1.1" 200 27758
INFO 2025-08-27 19:42:14,930 basehttp 70622 13203795968 "GET /api/v1/product-requests/requests/ HTTP/1.1" 200 27758
INFO 2025-08-27 19:43:46,625 basehttp 70622 13203795968 "POST /api/v1/product-requests/requests/ HTTP/1.1" 201 1038
INFO 2025-08-27 19:44:21,254 basehttp 70622 13203795968 "GET /api/v1/product-requests/requests/ HTTP/1.1" 200 27631
INFO 2025-08-27 19:56:44,248 autoreload 70622 8697595328 /Users/thulanimoyo/MEGA downloads/new downloads/BIDR_Backend/product_management_service/product_requests/models.py changed, reloading.
INFO 2025-08-27 19:56:45,352 autoreload 87510 8697595328 Watching for file changes with StatReloader
INFO 2025-08-27 19:57:01,012 autoreload 87510 8697595328 /Users/thulanimoyo/MEGA downloads/new downloads/BIDR_Backend/product_management_service/product_requests/models.py changed, reloading.
INFO 2025-08-27 19:57:02,288 autoreload 87668 8697595328 Watching for file changes with StatReloader
INFO 2025-08-27 19:57:27,024 autoreload 87668 8697595328 /Users/thulanimoyo/MEGA downloads/new downloads/BIDR_Backend/product_management_service/product_requests/serializers.py changed, reloading.
INFO 2025-08-27 19:57:28,439 autoreload 87881 8697595328 Watching for file changes with StatReloader
INFO 2025-08-27 19:57:45,429 autoreload 87881 8697595328 /Users/thulanimoyo/MEGA downloads/new downloads/BIDR_Backend/product_management_service/product_requests/serializers.py changed, reloading.
INFO 2025-08-27 19:57:47,891 autoreload 88024 8697595328 Watching for file changes with StatReloader
INFO 2025-08-27 19:58:15,204 autoreload 88024 8697595328 /Users/thulanimoyo/MEGA downloads/new downloads/BIDR_Backend/product_management_service/product_requests/views.py changed, reloading.
INFO 2025-08-27 19:58:16,287 autoreload 88260 8697595328 Watching for file changes with StatReloader
INFO 2025-08-27 19:58:36,470 autoreload 88260 8697595328 /Users/thulanimoyo/MEGA downloads/new downloads/BIDR_Backend/product_management_service/product_requests/views.py changed, reloading.
INFO 2025-08-27 19:58:37,592 autoreload 88427 8697595328 Watching for file changes with StatReloader
ERROR 2025-08-27 19:59:48,793 log 88427 6249361408 Internal Server Error: /api/v1/product-requests/requests/
ERROR 2025-08-27 19:59:48,794 basehttp 88427 6249361408 "GET /api/v1/product-requests/requests/?auth_user_id?7b186537-5f40-43fc-8545-09f04dcc7c84 HTTP/1.1" 500 96
INFO 2025-08-27 20:00:25,021 autoreload 88427 8697595328 /Users/thulanimoyo/MEGA downloads/new downloads/BIDR_Backend/product_management_service/product_requests/models.py changed, reloading.
INFO 2025-08-27 20:00:25,885 autoreload 89309 8697595328 Watching for file changes with StatReloader
INFO 2025-08-27 20:01:46,201 basehttp 89309 6214873088 "GET /api/v1/product-requests/requests/?auth_user_id?7b186537-5f40-43fc-8545-09f04dcc7c84 HTTP/1.1" 200 27684
INFO 2025-08-27 20:02:46,986 autoreload 90636 8697595328 Watching for file changes with StatReloader
INFO 2025-08-27 20:04:25,310 basehttp 90636 6325039104 "OPTIONS /api/v1/product-requests/requests/by_auth_user/?auth_user_uid=7b186537-5f40-43fc-8545-09f04dcc7c84 HTTP/1.1" 200 0
INFO 2025-08-27 20:04:25,435 basehttp 90636 6325039104 "GET /api/v1/product-requests/requests/by_auth_user/?auth_user_uid=7b186537-5f40-43fc-8545-09f04dcc7c84 HTTP/1.1" 200 52
INFO 2025-08-27 20:04:27,422 basehttp 90636 6325039104 "GET /api/v1/product-requests/requests/by_auth_user/?auth_user_uid=7b186537-5f40-43fc-8545-09f04dcc7c84 HTTP/1.1" 200 52
INFO 2025-08-27 20:05:32,599 basehttp 90636 6325039104 "POST /api/v1/product-requests/requests/ HTTP/1.1" 201 1101
INFO 2025-08-27 20:05:38,454 basehttp 90636 6325039104 "GET /api/v1/product-requests/requests/by_auth_user/?auth_user_uid=7b186537-5f40-43fc-8545-09f04dcc7c84 HTTP/1.1" 200 669
INFO 2025-08-28 02:37:00,851 basehttp 90636 12901707776 "OPTIONS /api/v1/product-requests/requests/by_auth_user/?auth_user_uid=7b186537-5f40-43fc-8545-09f04dcc7c84 HTTP/1.1" 200 0
INFO 2025-08-28 02:37:00,947 basehttp 90636 12901707776 "GET /api/v1/product-requests/requests/by_auth_user/?auth_user_uid=7b186537-5f40-43fc-8545-09f04dcc7c84 HTTP/1.1" 200 669
INFO 2025-08-28 02:44:15,358 basehttp 90636 12901707776 "GET /api/v1/product-requests/requests/by_auth_user/?auth_user_uid=7b186537-5f40-43fc-8545-09f04dcc7c84 HTTP/1.1" 200 669
INFO 2025-08-28 02:59:11,350 basehttp 90636 12901707776 "GET /api/v1/product-requests/requests/ HTTP/1.1" 200 93937
INFO 2025-08-28 03:02:04,269 basehttp 90636 12918534144 "GET /api/v1/product-requests/requests/by_auth_user/?auth_user_uid=7b186537-5f40-43fc-8545-09f04dcc7c84 HTTP/1.1" 200 669
INFO 2025-08-28 03:03:28,250 basehttp 90636 12918534144 "GET /api/v1/product-requests/requests/by_auth_user/?auth_user_uid=7b186537-5f40-43fc-8545-09f04dcc7c84 HTTP/1.1" 200 669
INFO 2025-08-28 03:05:14,045 basehttp 90636 12901707776 "GET /admin/ HTTP/1.1" 302 0
INFO 2025-08-28 03:05:14,099 basehttp 90636 12901707776 "GET /admin/login/?next=/admin/ HTTP/1.1" 200 4173
INFO 2025-08-28 03:05:14,143 basehttp 90636 12935360512 "GET /static/admin/css/nav_sidebar.css HTTP/1.1" 200 2810
INFO 2025-08-28 03:05:14,143 basehttp 90636 12918534144 "GET /static/admin/css/dark_mode.css HTTP/1.1" 200 2808
INFO 2025-08-28 03:05:14,144 basehttp 90636 12952186880 "GET /static/admin/css/login.css HTTP/1.1" 200 951
INFO 2025-08-28 03:05:14,144 basehttp 90636 12985839616 "GET /static/admin/js/theme.js HTTP/1.1" 200 1653
INFO 2025-08-28 03:05:14,145 basehttp 90636 12969013248 "GET /static/admin/css/responsive.css HTTP/1.1" 200 16565
INFO 2025-08-28 03:05:14,146 basehttp 90636 12901707776 "GET /static/admin/css/base.css HTTP/1.1" 200 22120
INFO 2025-08-28 03:05:14,150 basehttp 90636 12969013248 "GET /static/admin/js/nav_sidebar.js HTTP/1.1" 200 3063
WARNING 2025-08-28 03:05:14,211 log 90636 12969013248 Not Found: /favicon.ico
WARNING 2025-08-28 03:05:14,211 basehttp 90636 12969013248 "GET /favicon.ico HTTP/1.1" 404 4883
INFO 2025-08-28 03:05:51,563 basehttp 90636 13002665984 "GET /admin/product_requests/order/12502143-20e5-4db7-af0e-15505d67b000/change/ HTTP/1.1" 200 65749
INFO 2025-08-28 03:05:58,656 basehttp 90636 13002665984 "GET /admin/login/?next=/admin/product_requests/order/12502143-20e5-4db7-af0e-15505d67b000/change/ HTTP/1.1" 302 0
INFO 2025-08-28 03:05:58,837 basehttp 90636 13002665984 "GET /admin/ HTTP/1.1" 200 31600
INFO 2025-08-28 03:06:07,745 basehttp 90636 13002665984 "GET /admin/product_requests/productrequest/ HTTP/1.1" 200 63626
INFO 2025-08-28 03:06:07,775 basehttp 90636 13002665984 "GET /admin/jsi18n/ HTTP/1.1" 200 3342
INFO 2025-08-28 03:06:28,041 basehttp 90636 13002665984 "GET /admin/product_requests/productrequest/aa53cecb-6f56-4582-842c-5c4d8e2b694d/change/ HTTP/1.1" 200 74549
INFO 2025-08-28 03:06:28,067 basehttp 90636 13019492352 "GET /static/admin/img/icon-unknown.svg HTTP/1.1" 200 655
INFO 2025-08-28 03:06:28,075 basehttp 90636 13002665984 "GET /admin/jsi18n/ HTTP/1.1" 200 3342
INFO 2025-08-28 03:06:28,102 basehttp 90636 13002665984 "GET /static/admin/img/inline-delete.svg HTTP/1.1" 200 537
INFO 2025-08-28 03:06:34,867 basehttp 90636 13002665984 "GET /admin/product_requests/productrequest/ HTTP/1.1" 200 63626
INFO 2025-08-28 03:06:46,454 basehttp 90636 13002665984 "GET /admin/product_requests/productrequest/aa53cecb-6f56-4582-842c-5c4d8e2b694d/change/ HTTP/1.1" 200 74549
INFO 2025-08-28 03:06:46,482 basehttp 90636 13002665984 "GET /admin/jsi18n/ HTTP/1.1" 200 3342
INFO 2025-08-28 03:07:29,809 basehttp 90636 13002665984 "GET /admin/quotes/quote/ HTTP/1.1" 200 65699
INFO 2025-08-28 03:07:29,832 basehttp 90636 13002665984 "GET /admin/jsi18n/ HTTP/1.1" 200 3342
INFO 2025-08-28 03:07:32,317 basehttp 90636 13002665984 "GET /admin/quotes/quote/3e01bd9c-d8f1-4170-a019-8bb7c854a8ee/change/ HTTP/1.1" 200 56244
INFO 2025-08-28 03:07:32,407 basehttp 90636 13002665984 "GET /admin/jsi18n/ HTTP/1.1" 200 3342
INFO 2025-08-28 03:07:41,512 basehttp 90636 13002665984 "POST /admin/quotes/quote/3e01bd9c-d8f1-4170-a019-8bb7c854a8ee/change/ HTTP/1.1" 302 0
INFO 2025-08-28 03:07:41,755 basehttp 90636 13002665984 "GET /admin/quotes/quote/ HTTP/1.1" 200 65967
INFO 2025-08-28 03:07:41,792 basehttp 90636 13002665984 "GET /admin/jsi18n/ HTTP/1.1" 200 3342
INFO 2025-08-28 03:07:41,800 basehttp 90636 13002665984 "GET /static/admin/img/icon-yes.svg HTTP/1.1" 200 436
INFO 2025-08-28 03:08:19,659 basehttp 90636 13036318720 "GET /api/v1/product-requests/requests/by_auth_user/?auth_user_uid=7b186537-5f40-43fc-8545-09f04dcc7c84 HTTP/1.1" 200 1160
INFO 2025-08-28 03:14:02,366 basehttp 90636 12901707776 "GET /api/v1/product-requests/requests/by_auth_user/?auth_user_uid=7b186537-5f40-43fc-8545-09f04dcc7c84 HTTP/1.1" 200 1160
INFO 2025-08-28 03:14:10,955 basehttp 90636 12901707776 "GET /api/v1/product-requests/requests/ HTTP/1.1" 200 26532
INFO 2025-08-28 03:14:12,161 basehttp 90636 12901707776 "OPTIONS /api/v1/product-requests/orders/ HTTP/1.1" 200 0
INFO 2025-08-28 03:14:12,278 basehttp 90636 12901707776 "GET /api/v1/product-requests/orders/ HTTP/1.1" 200 4724
INFO 2025-08-28 03:19:14,792 basehttp 90636 12901707776 "GET /api/v1/product-requests/requests/by_auth_user/?auth_user_uid=7b186537-5f40-43fc-8545-09f04dcc7c84 HTTP/1.1" 200 1160
INFO 2025-08-28 03:19:25,778 basehttp 90636 12901707776 "GET /api/v1/product-requests/orders/ HTTP/1.1" 200 4724
INFO 2025-08-28 03:29:00,658 basehttp 90636 12901707776 "GET /api/v1/product-requests/requests/by_auth_user/?auth_user_uid=7b186537-5f40-43fc-8545-09f04dcc7c84 HTTP/1.1" 200 1160
INFO 2025-08-28 03:56:07,872 basehttp 90636 12901707776 "GET /api/v1/product-requests/requests/by_auth_user/?auth_user_uid=7b186537-5f40-43fc-8545-09f04dcc7c84 HTTP/1.1" 200 1160
INFO 2025-08-28 03:56:49,368 basehttp 90636 12901707776 "GET /api/v1/product-requests/requests/by_auth_user/?auth_user_uid=7b186537-5f40-43fc-8545-09f04dcc7c84 HTTP/1.1" 200 1160
INFO 2025-08-28 03:57:08,727 basehttp 90636 12901707776 "GET /api/v1/product-requests/requests/by_auth_user/?auth_user_uid=7b186537-5f40-43fc-8545-09f04dcc7c84 HTTP/1.1" 200 1160
INFO 2025-08-28 03:57:22,316 basehttp 90636 12901707776 "GET /api/v1/product-requests/requests/by_auth_user/?auth_user_uid=7b186537-5f40-43fc-8545-09f04dcc7c84 HTTP/1.1" 200 1160
INFO 2025-08-28 03:59:02,400 basehttp 90636 12901707776 "GET /api/v1/product-requests/requests/by_auth_user/?auth_user_uid=7b186537-5f40-43fc-8545-09f04dcc7c84 HTTP/1.1" 200 1160
INFO 2025-08-28 04:01:54,914 basehttp 90636 12901707776 "GET /api/v1/product-requests/requests/by_auth_user/?auth_user_uid=7b186537-5f40-43fc-8545-09f04dcc7c84 HTTP/1.1" 200 1160
INFO 2025-08-28 04:03:54,442 basehttp 90636 12901707776 "GET /api/v1/product-requests/requests/by_auth_user/?auth_user_uid=7b186537-5f40-43fc-8545-09f04dcc7c84 HTTP/1.1" 200 1160
INFO 2025-08-28 04:04:40,654 basehttp 90636 12901707776 "GET /api/v1/product-requests/requests/by_auth_user/?auth_user_uid=7b186537-5f40-43fc-8545-09f04dcc7c84 HTTP/1.1" 200 1160
INFO 2025-08-28 04:05:57,572 basehttp 90636 12901707776 "GET /api/v1/product-requests/requests/by_auth_user/?auth_user_uid=7b186537-5f40-43fc-8545-09f04dcc7c84 HTTP/1.1" 200 1160
INFO 2025-08-28 04:06:36,217 basehttp 90636 12901707776 "GET /api/v1/product-requests/requests/by_auth_user/?auth_user_uid=7b186537-5f40-43fc-8545-09f04dcc7c84 HTTP/1.1" 200 1160
INFO 2025-08-28 04:07:19,771 basehttp 90636 12901707776 "GET /api/v1/product-requests/requests/by_auth_user/?auth_user_uid=7b186537-5f40-43fc-8545-09f04dcc7c84 HTTP/1.1" 200 1160
INFO 2025-08-28 04:08:15,323 basehttp 90636 12901707776 "GET /api/v1/product-requests/requests/by_auth_user/?auth_user_uid=7b186537-5f40-43fc-8545-09f04dcc7c84 HTTP/1.1" 200 1160
INFO 2025-08-28 04:08:49,756 basehttp 90636 12901707776 "GET /api/v1/product-requests/requests/by_auth_user/?auth_user_uid=7b186537-5f40-43fc-8545-09f04dcc7c84 HTTP/1.1" 200 1160
INFO 2025-08-28 04:09:18,744 basehttp 90636 12901707776 "GET /api/v1/product-requests/requests/by_auth_user/?auth_user_uid=7b186537-5f40-43fc-8545-09f04dcc7c84 HTTP/1.1" 200 1160
INFO 2025-08-28 04:10:39,340 basehttp 90636 12901707776 "GET /api/v1/product-requests/requests/by_auth_user/?auth_user_uid=7b186537-5f40-43fc-8545-09f04dcc7c84 HTTP/1.1" 200 1160
INFO 2025-08-28 04:12:34,800 basehttp 90636 12901707776 "GET /api/v1/product-requests/requests/by_auth_user/?auth_user_uid=7b186537-5f40-43fc-8545-09f04dcc7c84 HTTP/1.1" 200 1160
INFO 2025-08-28 04:13:01,699 basehttp 90636 12901707776 "GET /api/v1/product-requests/requests/by_auth_user/?auth_user_uid=7b186537-5f40-43fc-8545-09f04dcc7c84 HTTP/1.1" 200 1160
INFO 2025-08-28 04:15:44,437 basehttp 90636 12901707776 "GET /api/v1/product-requests/requests/by_auth_user/?auth_user_uid=7b186537-5f40-43fc-8545-09f04dcc7c84 HTTP/1.1" 200 1160
INFO 2025-08-28 04:23:46,334 basehttp 90636 12901707776 "GET /api/v1/product-requests/requests/by_auth_user/?auth_user_uid=7b186537-5f40-43fc-8545-09f04dcc7c84 HTTP/1.1" 200 1160
INFO 2025-08-28 04:24:01,044 basehttp 90636 12901707776 "GET /api/v1/product-requests/requests/by_auth_user/?auth_user_uid=7b186537-5f40-43fc-8545-09f04dcc7c84 HTTP/1.1" 200 1160
INFO 2025-08-28 04:26:26,969 basehttp 90636 12901707776 "GET /api/v1/product-requests/requests/by_auth_user/?auth_user_uid=7b186537-5f40-43fc-8545-09f04dcc7c84 HTTP/1.1" 200 1160
INFO 2025-08-28 04:26:43,092 basehttp 90636 12901707776 "GET /api/v1/product-requests/requests/by_auth_user/?auth_user_uid=7b186537-5f40-43fc-8545-09f04dcc7c84 HTTP/1.1" 200 1160
INFO 2025-08-28 04:27:19,022 basehttp 90636 12901707776 "GET /api/v1/product-requests/requests/by_auth_user/?auth_user_uid=7b186537-5f40-43fc-8545-09f04dcc7c84 HTTP/1.1" 200 1160
INFO 2025-08-28 04:27:23,941 basehttp 90636 12901707776 "GET /api/v1/product-requests/requests/by_auth_user/?auth_user_uid=7b186537-5f40-43fc-8545-09f04dcc7c84 HTTP/1.1" 200 1160
INFO 2025-08-28 04:35:04,846 basehttp 90636 12901707776 "GET /api/v1/product-requests/requests/by_auth_user/?auth_user_uid=7b186537-5f40-43fc-8545-09f04dcc7c84 HTTP/1.1" 200 1160
INFO 2025-08-28 04:35:50,049 basehttp 90636 12901707776 "GET /api/v1/product-requests/requests/by_auth_user/?auth_user_uid=7b186537-5f40-43fc-8545-09f04dcc7c84 HTTP/1.1" 200 1160
INFO 2025-08-28 04:37:11,319 basehttp 90636 12901707776 "OPTIONS /api/v1/product-requests/requests/by_auth_user/?auth_user_uid=7b186537-5f40-43fc-8545-09f04dcc7c84 HTTP/1.1" 200 0
INFO 2025-08-28 04:37:11,475 basehttp 90636 12901707776 "GET /api/v1/product-requests/requests/by_auth_user/?auth_user_uid=7b186537-5f40-43fc-8545-09f04dcc7c84 HTTP/1.1" 200 1160
INFO 2025-08-28 04:37:56,372 basehttp 90636 12901707776 "GET /api/v1/product-requests/requests/by_auth_user/?auth_user_uid=7b186537-5f40-43fc-8545-09f04dcc7c84 HTTP/1.1" 200 1160
INFO 2025-08-28 04:38:28,380 basehttp 90636 12901707776 "GET /api/v1/product-requests/requests/by_auth_user/?auth_user_uid=7b186537-5f40-43fc-8545-09f04dcc7c84 HTTP/1.1" 200 1160
INFO 2025-08-28 04:38:41,708 basehttp 90636 12901707776 "GET /api/v1/product-requests/requests/by_auth_user/?auth_user_uid=7b186537-5f40-43fc-8545-09f04dcc7c84 HTTP/1.1" 200 1160
INFO 2025-08-28 04:39:21,123 basehttp 90636 12901707776 "GET /api/v1/product-requests/requests/by_auth_user/?auth_user_uid=7b186537-5f40-43fc-8545-09f04dcc7c84 HTTP/1.1" 200 1160
INFO 2025-08-28 04:41:35,732 basehttp 90636 12901707776 "GET /api/v1/product-requests/requests/by_auth_user/?auth_user_uid=7b186537-5f40-43fc-8545-09f04dcc7c84 HTTP/1.1" 200 1160
INFO 2025-08-28 04:42:32,913 basehttp 90636 12901707776 "GET /api/v1/product-requests/requests/by_auth_user/?auth_user_uid=7b186537-5f40-43fc-8545-09f04dcc7c84 HTTP/1.1" 200 1160
INFO 2025-08-28 04:44:56,043 basehttp 90636 12901707776 "GET /api/v1/product-requests/requests/by_auth_user/?auth_user_uid=7b186537-5f40-43fc-8545-09f04dcc7c84 HTTP/1.1" 200 1160
INFO 2025-08-28 05:12:24,659 basehttp 90636 12901707776 "GET /api/v1/product-requests/requests/by_auth_user/?auth_user_uid=7b186537-5f40-43fc-8545-09f04dcc7c84 HTTP/1.1" 200 1160
INFO 2025-08-28 05:13:35,525 basehttp 90636 12901707776 "GET /api/v1/product-requests/requests/by_auth_user/?auth_user_uid=7b186537-5f40-43fc-8545-09f04dcc7c84 HTTP/1.1" 200 1160
INFO 2025-08-28 05:14:40,536 basehttp 90636 12901707776 "GET /api/v1/product-requests/requests/by_auth_user/?auth_user_uid=7b186537-5f40-43fc-8545-09f04dcc7c84 HTTP/1.1" 200 1160
INFO 2025-08-28 05:15:34,633 basehttp 90636 12901707776 "GET /api/v1/product-requests/requests/by_auth_user/?auth_user_uid=7b186537-5f40-43fc-8545-09f04dcc7c84 HTTP/1.1" 200 1160
INFO 2025-08-28 05:16:09,575 basehttp 90636 12901707776 "GET /api/v1/product-requests/requests/by_auth_user/?auth_user_uid=7b186537-5f40-43fc-8545-09f04dcc7c84 HTTP/1.1" 200 1160
INFO 2025-08-28 05:16:32,952 basehttp 90636 12901707776 "GET /api/v1/product-requests/requests/by_auth_user/?auth_user_uid=7b186537-5f40-43fc-8545-09f04dcc7c84 HTTP/1.1" 200 1160
INFO 2025-08-28 05:18:55,346 basehttp 90636 12901707776 "GET /api/v1/product-requests/requests/by_auth_user/?auth_user_uid=7b186537-5f40-43fc-8545-09f04dcc7c84 HTTP/1.1" 200 1160
INFO 2025-08-28 05:23:29,404 basehttp 90636 12901707776 "OPTIONS /api/v1/product-requests/requests/aa53cecb-6f56-4582-842c-5c4d8e2b694d/ HTTP/1.1" 200 0
INFO 2025-08-28 05:23:29,612 basehttp 90636 12901707776 "DELETE /api/v1/product-requests/requests/aa53cecb-6f56-4582-842c-5c4d8e2b694d/ HTTP/1.1" 204 0
INFO 2025-08-28 05:23:31,674 basehttp 90636 12918534144 "GET /api/v1/product-requests/requests/by_auth_user/?auth_user_uid=7b186537-5f40-43fc-8545-09f04dcc7c84 HTTP/1.1" 200 52
INFO 2025-08-28 05:23:36,741 basehttp 90636 12901707776 "OPTIONS /api/v1/product-requests/orders/ HTTP/1.1" 200 0
INFO 2025-08-28 05:23:36,815 basehttp 90636 12901707776 "GET /api/v1/product-requests/orders/ HTTP/1.1" 200 4724
INFO 2025-08-28 05:24:36,807 basehttp 90636 12901707776 "GET /api/v1/product-requests/requests/by_auth_user/?auth_user_uid=7b186537-5f40-43fc-8545-09f04dcc7c84 HTTP/1.1" 200 52
INFO 2025-08-28 05:24:38,657 basehttp 90636 12901707776 "GET /api/v1/product-requests/requests/by_auth_user/?auth_user_uid=7b186537-5f40-43fc-8545-09f04dcc7c84 HTTP/1.1" 200 52
INFO 2025-08-28 05:24:39,602 basehttp 90636 12901707776 "GET /api/v1/product-requests/requests/by_auth_user/?auth_user_uid=7b186537-5f40-43fc-8545-09f04dcc7c84 HTTP/1.1" 200 52
INFO 2025-08-28 05:25:24,015 basehttp 90636 12901707776 "GET /api/v1/product-requests/requests/by_auth_user/?auth_user_uid=7b186537-5f40-43fc-8545-09f04dcc7c84 HTTP/1.1" 200 52
INFO 2025-08-28 07:59:53,181 autoreload 27557 8530314688 Watching for file changes with StatReloader
INFO 2025-08-28 08:38:56,899 basehttp 27557 6204239872 "OPTIONS /api/v1/product-requests/requests/by_auth_user/?auth_user_uid=7b186537-5f40-43fc-8545-09f04dcc7c84 HTTP/1.1" 200 0
INFO 2025-08-28 08:38:56,932 basehttp 27557 6204239872 "GET /api/v1/product-requests/requests/by_auth_user/?auth_user_uid=7b186537-5f40-43fc-8545-09f04dcc7c84 HTTP/1.1" 200 52
INFO 2025-08-28 12:36:27,871 basehttp 27557 6204239872 "GET /admin/quotes/quote/ HTTP/1.1" 200 64807
WARNING 2025-08-28 12:36:27,953 log 27557 6204239872 Not Found: /favicon.ico
WARNING 2025-08-28 12:36:27,953 basehttp 27557 6204239872 "GET /favicon.ico HTTP/1.1" 404 4883
INFO 2025-08-28 15:05:12,895 autoreload 27557 8530314688 /Users/thulanimoyo/MEGA downloads/new downloads/BIDR_Backend/product_management_service/product_requests/views.py changed, reloading.
INFO 2025-08-28 15:05:13,589 autoreload 86237 8530314688 Watching for file changes with StatReloader
INFO 2025-08-28 15:05:45,777 autoreload 86237 8530314688 /Users/thulanimoyo/MEGA downloads/new downloads/BIDR_Backend/product_management_service/product_requests/views.py changed, reloading.
INFO 2025-08-28 15:05:46,208 autoreload 86446 8530314688 Watching for file changes with StatReloader
INFO 2025-08-28 15:25:15,417 autoreload 94866 8530314688 Watching for file changes with StatReloader
INFO 2025-08-28 19:02:18,624 basehttp 86446 6125547520 "GET / HTTP/1.1" 200 1682
INFO 2025-08-28 19:02:27,803 basehttp 86446 6125547520 "GET /health/ HTTP/1.1" 200 131
INFO 2025-08-29 03:49:29,545 basehttp 86446 6125547520 "OPTIONS /resend-otp/ HTTP/1.1" 200 0
WARNING 2025-08-29 03:49:29,702 log 86446 6125547520 Not Found: /resend-otp/
WARNING 2025-08-29 03:49:29,703 basehttp 86446 6125547520 "POST /resend-otp/ HTTP/1.1" 404 4884
INFO 2025-08-29 12:35:01,000 autoreload 61265 8272463296 Watching for file changes with StatReloader
INFO 2025-08-29 12:49:08,984 basehttp 61265 13170143232 "OPTIONS /api/v1/product-requests/requests/by_auth_user/?auth_user_uid=7b186537-5f40-43fc-8545-09f04dcc7c84 HTTP/1.1" 200 0
INFO 2025-08-29 12:49:09,017 basehttp 61265 13170143232 "GET /api/v1/product-requests/requests/by_auth_user/?auth_user_uid=7b186537-5f40-43fc-8545-09f04dcc7c84 HTTP/1.1" 200 52
ERROR 2025-08-29 12:51:47,501 log 61265 13170143232 Internal Server Error: /api/v1/product-requests/requests/
ERROR 2025-08-29 12:51:47,501 basehttp 61265 13170143232 "POST /api/v1/product-requests/requests/ HTTP/1.1" 500 96
INFO 2025-08-29 12:52:23,106 basehttp 61265 13170143232 "GET /api/v1/product-requests/requests/by_auth_user/?auth_user_uid=7b186537-5f40-43fc-8545-09f04dcc7c84 HTTP/1.1" 200 52
ERROR 2025-08-29 12:52:59,874 log 61265 13170143232 Internal Server Error: /api/v1/product-requests/requests/
ERROR 2025-08-29 12:52:59,875 basehttp 61265 13170143232 "POST /api/v1/product-requests/requests/ HTTP/1.1" 500 96
INFO 2025-08-29 12:54:35,956 basehttp 61265 13170143232 "GET /api/v1/product-requests/requests/by_auth_user/?auth_user_uid=7b186537-5f40-43fc-8545-09f04dcc7c84 HTTP/1.1" 200 52
INFO 2025-08-29 12:56:10,551 autoreload 61265 8272463296 /Users/thulanimoyo/MEGA downloads/new downloads/BIDR_Backend/product_management_service/product_requests/views.py changed, reloading.
INFO 2025-08-29 12:56:11,108 autoreload 70402 8272463296 Watching for file changes with StatReloader
INFO 2025-08-29 12:56:25,869 autoreload 70402 8272463296 /Users/thulanimoyo/MEGA downloads/new downloads/BIDR_Backend/product_management_service/product_requests/views.py changed, reloading.
INFO 2025-08-29 12:56:26,320 autoreload 70513 8272463296 Watching for file changes with StatReloader
INFO 2025-08-29 12:56:45,337 autoreload 70513 8272463296 /Users/thulanimoyo/MEGA downloads/new downloads/BIDR_Backend/product_management_service/product_requests/views.py changed, reloading.
INFO 2025-08-29 12:56:45,785 autoreload 70635 8272463296 Watching for file changes with StatReloader
INFO 2025-08-29 12:57:07,962 autoreload 70635 8272463296 /Users/thulanimoyo/MEGA downloads/new downloads/BIDR_Backend/product_management_service/product_requests/views.py changed, reloading.
INFO 2025-08-29 12:57:08,431 autoreload 70758 8272463296 Watching for file changes with StatReloader
INFO 2025-08-29 14:22:33,597 basehttp 70758 6124023808 "GET /api/v1/product-requests/requests/by_auth_user/?auth_user_uid=7b186537-5f40-43fc-8545-09f04dcc7c84 HTTP/1.1" 200 52
INFO 2025-08-29 14:22:36,008 basehttp 70758 6124023808 "GET /api/v1/product-requests/requests/by_auth_user/?auth_user_uid=7b186537-5f40-43fc-8545-09f04dcc7c84 HTTP/1.1" 200 52
INFO 2025-08-29 14:25:54,341 basehttp 70758 6124023808 "POST /api/v1/product-requests/requests/ HTTP/1.1" 201 1100
INFO 2025-08-29 14:26:02,037 basehttp 70758 6124023808 "GET /api/v1/product-requests/requests/by_auth_user/?auth_user_uid=7b186537-5f40-43fc-8545-09f04dcc7c84 HTTP/1.1" 200 665
INFO 2025-08-29 14:33:34,844 basehttp 70758 6124023808 "GET /admin/ HTTP/1.1" 302 0
INFO 2025-08-29 14:33:34,864 basehttp 70758 6124023808 "GET /admin/login/?next=/admin/ HTTP/1.1" 200 4160
INFO 2025-08-29 14:33:34,896 basehttp 70758 6140850176 "GET /static/admin/css/dark_mode.css HTTP/1.1" 200 2804
INFO 2025-08-29 14:33:34,896 basehttp 70758 6157676544 "GET /static/admin/css/nav_sidebar.css HTTP/1.1" 200 2810
INFO 2025-08-29 14:33:34,897 basehttp 70758 12935360512 "GET /static/admin/js/theme.js HTTP/1.1" 200 1653
INFO 2025-08-29 14:33:34,897 basehttp 70758 12901707776 "GET /static/admin/css/login.css HTTP/1.1" 200 951
INFO 2025-08-29 14:33:34,897 basehttp 70758 6124023808 "GET /static/admin/css/base.css HTTP/1.1" 200 22092
INFO 2025-08-29 14:33:34,897 basehttp 70758 12918534144 "GET /static/admin/css/responsive.css HTTP/1.1" 200 17972
INFO 2025-08-29 14:33:34,900 basehttp 70758 12918534144 "GET /static/admin/js/nav_sidebar.js HTTP/1.1" 200 3063
WARNING 2025-08-29 14:33:34,918 log 70758 12918534144 Not Found: /favicon.ico
WARNING 2025-08-29 14:33:34,919 basehttp 70758 12918534144 "GET /favicon.ico HTTP/1.1" 404 4883
INFO 2025-08-29 14:38:34,535 basehttp 70758 12918534144 "POST /admin/login/?next=/admin/ HTTP/1.1" 200 4321
INFO 2025-08-29 14:39:11,964 basehttp 70758 12918534144 "POST /admin/login/?next=/admin/ HTTP/1.1" 200 4321
INFO 2025-08-29 14:42:35,214 basehttp 70758 12918534144 "POST /admin/login/?next=/admin/ HTTP/1.1" 200 4321
INFO 2025-08-29 14:44:12,788 basehttp 70758 6140850176 "GET /admin/login/ HTTP/1.1" 200 4147
INFO 2025-08-29 14:44:25,171 basehttp 70758 12918534144 "POST /admin/login/?next=/admin/ HTTP/1.1" 200 4321
INFO 2025-08-29 14:44:35,965 basehttp 70758 12918534144 "POST /admin/login/?next=/admin/ HTTP/1.1" 200 4321
INFO 2025-08-29 14:44:59,701 basehttp 70758 12918534144 "POST /admin/login/?next=/admin/ HTTP/1.1" 302 0
INFO 2025-08-29 14:44:59,718 basehttp 70758 12918534144 "GET /admin/ HTTP/1.1" 200 29957
INFO 2025-08-29 14:44:59,733 basehttp 70758 12918534144 "GET /static/admin/css/dashboard.css HTTP/1.1" 200 441
INFO 2025-08-29 14:44:59,739 basehttp 70758 6124023808 "GET /static/admin/img/icon-changelink.svg HTTP/1.1" 200 380
INFO 2025-08-29 14:44:59,739 basehttp 70758 12918534144 "GET /static/admin/img/icon-addlink.svg HTTP/1.1" 200 331
INFO 2025-08-29 14:45:07,113 basehttp 70758 6124023808 "GET /admin/product_requests/productrequest/ HTTP/1.1" 200 62073
INFO 2025-08-29 14:45:07,120 basehttp 70758 6124023808 "GET /static/admin/css/changelists.css HTTP/1.1" 200 6878
INFO 2025-08-29 14:45:07,124 basehttp 70758 6157676544 "GET /static/admin/js/jquery.init.js HTTP/1.1" 200 347
INFO 2025-08-29 14:45:07,128 basehttp 70758 6124023808 "GET /static/admin/js/actions.js HTTP/1.1" 200 8076
INFO 2025-08-29 14:45:07,128 basehttp 70758 12901707776 "GET /static/admin/js/core.js HTTP/1.1" 200 6208
INFO 2025-08-29 14:45:07,128 basehttp 70758 12935360512 "GET /static/admin/js/admin/RelatedObjectLookups.js HTTP/1.1" 200 9097
INFO 2025-08-29 14:45:07,129 basehttp 70758 6157676544 "GET /static/admin/js/urlify.js HTTP/1.1" 200 7887
INFO 2025-08-29 14:45:07,131 basehttp 70758 6124023808 "GET /static/admin/js/prepopulate.js HTTP/1.1" 200 1531
INFO 2025-08-29 14:45:07,132 basehttp 70758 12918534144 "GET /admin/jsi18n/ HTTP/1.1" 200 3342
INFO 2025-08-29 14:45:07,134 basehttp 70758 12935360512 "GET /static/admin/img/search.svg HTTP/1.1" 200 458
INFO 2025-08-29 14:45:07,136 basehttp 70758 6140850176 "GET /static/admin/js/vendor/jquery/jquery.js HTTP/1.1" 200 285314
INFO 2025-08-29 14:45:07,137 basehttp 70758 12901707776 "GET /static/admin/js/vendor/xregexp/xregexp.js HTTP/1.1" 200 325171
INFO 2025-08-29 14:45:07,139 basehttp 70758 6140850176 "GET /static/admin/js/filters.js HTTP/1.1" 200 978
INFO 2025-08-29 14:45:07,152 basehttp 70758 12901707776 "GET /static/admin/img/sorting-icons.svg HTTP/1.1" 200 1097
INFO 2025-08-29 14:45:07,152 basehttp 70758 6140850176 "GET /static/admin/img/tooltag-add.svg HTTP/1.1" 200 331
INFO 2025-08-29 14:45:07,152 basehttp 70758 12935360512 "GET /static/admin/img/icon-viewlink.svg HTTP/1.1" 200 581
INFO 2025-08-29 14:45:39,019 basehttp 70758 12935360512 "GET /admin/product_requests/productrequest/2d6a68a0-34bb-45a8-95d7-c94ca1abcaa7/change/ HTTP/1.1" 200 73037
INFO 2025-08-29 14:45:39,029 basehttp 70758 6124023808 "GET /static/admin/css/dark_mode.css HTTP/1.1" 304 0
INFO 2025-08-29 14:45:39,030 basehttp 70758 6157676544 "GET /static/admin/js/theme.js HTTP/1.1" 304 0
INFO 2025-08-29 14:45:39,030 basehttp 70758 12918534144 "GET /static/admin/css/base.css HTTP/1.1" 304 0
INFO 2025-08-29 14:45:39,031 basehttp 70758 6157676544 "GET /static/admin/css/responsive.css HTTP/1.1" 304 0
INFO 2025-08-29 14:45:39,032 basehttp 70758 12935360512 "GET /static/admin/css/forms.css HTTP/1.1" 200 8794
INFO 2025-08-29 14:45:39,032 basehttp 70758 6124023808 "GET /static/admin/css/nav_sidebar.css HTTP/1.1" 304 0
INFO 2025-08-29 14:45:39,032 basehttp 70758 12901707776 "GET /static/admin/js/inlines.js HTTP/1.1" 200 15526
INFO 2025-08-29 14:45:39,034 basehttp 70758 12918534144 "GET /static/admin/js/prepopulate_init.js HTTP/1.1" 200 586
INFO 2025-08-29 14:45:39,035 basehttp 70758 6140850176 "GET /admin/jsi18n/ HTTP/1.1" 200 3342
INFO 2025-08-29 14:45:39,035 basehttp 70758 6124023808 "GET /static/admin/css/widgets.css HTTP/1.1" 200 11564
INFO 2025-08-29 14:45:39,036 basehttp 70758 6140850176 "GET /static/admin/js/nav_sidebar.js HTTP/1.1" 304 0
INFO 2025-08-29 14:45:39,037 basehttp 70758 6124023808 "GET /static/admin/img/icon-unknown.svg HTTP/1.1" 200 655
INFO 2025-08-29 14:45:39,044 basehttp 70758 6124023808 "GET /static/admin/js/change_form.js HTTP/1.1" 200 606
INFO 2025-08-29 14:45:39,054 basehttp 70758 6124023808 "GET /static/admin/img/inline-delete.svg HTTP/1.1" 200 560
INFO 2025-08-29 14:48:44,988 basehttp 70758 12952186880 "OPTIONS /api/v1/product-requests/requests/by_auth_user/?auth_user_uid=7b186537-5f40-43fc-8545-09f04dcc7c84 HTTP/1.1" 200 0
INFO 2025-08-29 14:48:45,021 basehttp 70758 12952186880 "GET /api/v1/product-requests/requests/by_auth_user/?auth_user_uid=7b186537-5f40-43fc-8545-09f04dcc7c84 HTTP/1.1" 200 665
INFO 2025-08-29 14:49:05,572 basehttp 70758 6124023808 "GET /admin/product_requests/order/ HTTP/1.1" 200 37808
INFO 2025-08-29 14:49:05,586 basehttp 70758 6124023808 "GET /admin/jsi18n/ HTTP/1.1" 200 3342
INFO 2025-08-29 14:49:14,147 basehttp 70758 6124023808 "GET /admin/product_requests/order/add/ HTTP/1.1" 200 63246
INFO 2025-08-29 14:49:14,156 basehttp 70758 6140850176 "GET /static/admin/js/calendar.js HTTP/1.1" 200 9141
INFO 2025-08-29 14:49:14,157 basehttp 70758 12918534144 "GET /static/admin/js/admin/DateTimeShortcuts.js HTTP/1.1" 200 19319
INFO 2025-08-29 14:49:14,159 basehttp 70758 6124023808 "GET /admin/jsi18n/ HTTP/1.1" 200 3342
INFO 2025-08-29 14:49:14,175 basehttp 70758 6124023808 "GET /static/admin/img/icon-calendar.svg HTTP/1.1" 200 1086
INFO 2025-08-29 14:49:14,175 basehttp 70758 12918534144 "GET /static/admin/img/icon-clock.svg HTTP/1.1" 200 677
INFO 2025-08-29 14:49:21,462 basehttp 70758 12918534144 "GET /admin/quotes/quote/ HTTP/1.1" 200 63164
INFO 2025-08-29 14:49:21,471 basehttp 70758 12918534144 "GET /admin/jsi18n/ HTTP/1.1" 200 3342
INFO 2025-08-29 14:49:24,036 basehttp 70758 12918534144 "GET /admin/quotes/quote/d94c23cf-ffae-481a-b3d4-5d8d6b4c477e/change/ HTTP/1.1" 200 54632
INFO 2025-08-29 14:49:24,046 basehttp 70758 12918534144 "GET /admin/jsi18n/ HTTP/1.1" 200 3342
INFO 2025-08-29 14:49:35,612 basehttp 70758 12918534144 "POST /admin/quotes/quote/d94c23cf-ffae-481a-b3d4-5d8d6b4c477e/change/ HTTP/1.1" 302 0
INFO 2025-08-29 14:49:35,644 basehttp 70758 12918534144 "GET /admin/quotes/quote/ HTTP/1.1" 200 63418
INFO 2025-08-29 14:49:35,652 basehttp 70758 12918534144 "GET /admin/jsi18n/ HTTP/1.1" 200 3342
INFO 2025-08-29 14:49:35,660 basehttp 70758 12918534144 "GET /static/admin/img/icon-yes.svg HTTP/1.1" 200 436
INFO 2025-08-29 14:49:36,898 basehttp 70758 12918534144 "GET /admin/quotes/quote/e288df6f-9574-4eb0-b5da-127797e71693/change/ HTTP/1.1" 200 54601
INFO 2025-08-29 14:49:36,906 basehttp 70758 12918534144 "GET /admin/jsi18n/ HTTP/1.1" 200 3342
INFO 2025-08-29 14:49:45,730 basehttp 70758 12918534144 "POST /admin/quotes/quote/e288df6f-9574-4eb0-b5da-127797e71693/change/ HTTP/1.1" 302 0
INFO 2025-08-29 14:49:45,757 basehttp 70758 12918534144 "GET /admin/quotes/quote/ HTTP/1.1" 200 63388
INFO 2025-08-29 14:49:45,766 basehttp 70758 12918534144 "GET /admin/jsi18n/ HTTP/1.1" 200 3342
INFO 2025-08-29 14:49:47,708 basehttp 70758 12918534144 "GET /admin/quotes/quote/4e62e0f0-5432-424b-b8c9-44c8bf95e935/change/ HTTP/1.1" 200 54653
INFO 2025-08-29 14:49:47,717 basehttp 70758 12918534144 "GET /admin/jsi18n/ HTTP/1.1" 200 3342
INFO 2025-08-29 14:49:55,899 basehttp 70758 12918534144 "POST /admin/quotes/quote/4e62e0f0-5432-424b-b8c9-44c8bf95e935/change/ HTTP/1.1" 302 0
INFO 2025-08-29 14:49:55,926 basehttp 70758 12918534144 "GET /admin/quotes/quote/ HTTP/1.1" 200 63366
INFO 2025-08-29 14:49:55,935 basehttp 70758 12918534144 "GET /admin/jsi18n/ HTTP/1.1" 200 3342
INFO 2025-08-29 14:49:57,674 basehttp 70758 12918534144 "GET /admin/quotes/quote/f5f1d555-84f4-4c12-b963-c8bd48f5315f/change/ HTTP/1.1" 200 54466
INFO 2025-08-29 14:49:57,683 basehttp 70758 12918534144 "GET /admin/jsi18n/ HTTP/1.1" 200 3342
INFO 2025-08-29 14:50:05,377 basehttp 70758 12918534144 "POST /admin/quotes/quote/f5f1d555-84f4-4c12-b963-c8bd48f5315f/change/ HTTP/1.1" 302 0
INFO 2025-08-29 14:50:05,411 basehttp 70758 12918534144 "GET /admin/quotes/quote/ HTTP/1.1" 200 63338
INFO 2025-08-29 14:50:05,420 basehttp 70758 12918534144 "GET /admin/jsi18n/ HTTP/1.1" 200 3342
INFO 2025-08-29 14:50:26,474 basehttp 70758 12952186880 "GET /api/v1/product-requests/requests/by_auth_user/?auth_user_uid=7b186537-5f40-43fc-8545-09f04dcc7c84 HTTP/1.1" 200 2595
INFO 2025-08-29 14:50:50,994 basehttp 70758 12952186880 "GET /api/v1/product-requests/requests/by_auth_user/?auth_user_uid=7b186537-5f40-43fc-8545-09f04dcc7c84 HTTP/1.1" 200 2595
INFO 2025-08-29 15:57:02,084 basehttp 70758 6124023808 "GET /api/v1/product-requests/requests/by_auth_user/?auth_user_uid=7b186537-5f40-43fc-8545-09f04dcc7c84 HTTP/1.1" 200 2595
INFO 2025-08-29 16:33:51,278 basehttp 70758 6124023808 "GET /api/v1/product-requests/requests/by_auth_user/?auth_user_uid=7b186537-5f40-43fc-8545-09f04dcc7c84 HTTP/1.1" 200 2595
INFO 2025-08-29 16:35:21,275 basehttp 70758 6124023808 "OPTIONS /api/otp/verify/ HTTP/1.1" 200 0
WARNING 2025-08-29 16:35:21,291 log 70758 6124023808 Not Found: /api/otp/verify/
WARNING 2025-08-29 16:35:21,291 basehttp 70758 6124023808 "POST /api/otp/verify/ HTTP/1.1" 404 5562
WARNING 2025-08-29 16:35:47,476 log 70758 6124023808 Not Found: /api/otp/verify/
WARNING 2025-08-29 16:35:47,477 basehttp 70758 6124023808 "POST /api/otp/verify/ HTTP/1.1" 404 5562
INFO 2025-08-29 22:09:56,761 basehttp 70758 6124023808 "OPTIONS /api/v1/product-requests/requests/by_auth_user/?auth_user_uid= HTTP/1.1" 200 0
WARNING 2025-08-29 22:09:56,811 log 70758 6124023808 Bad Request: /api/v1/product-requests/requests/by_auth_user/
WARNING 2025-08-29 22:09:56,812 basehttp 70758 6124023808 "GET /api/v1/product-requests/requests/by_auth_user/?auth_user_uid= HTTP/1.1" 400 47
WARNING 2025-08-29 22:13:02,150 log 70758 6124023808 Bad Request: /api/v1/product-requests/requests/by_auth_user/
WARNING 2025-08-29 22:13:02,151 basehttp 70758 6124023808 "GET /api/v1/product-requests/requests/by_auth_user/?auth_user_uid= HTTP/1.1" 400 47
INFO 2025-08-29 22:20:09,685 basehttp 70758 6124023808 "OPTIONS /api/v1/product-requests/requests/by_auth_user/?auth_user_uid=5823c573-544d-4c4e-9999-f3c66aff75d7 HTTP/1.1" 200 0
INFO 2025-08-29 22:20:09,787 basehttp 70758 6124023808 "GET /api/v1/product-requests/requests/by_auth_user/?auth_user_uid=5823c573-544d-4c4e-9999-f3c66aff75d7 HTTP/1.1" 200 52
INFO 2025-08-30 00:15:40,682 basehttp 70758 6124023808 "POST /api/v1/product-requests/requests/ HTTP/1.1" 201 1141
INFO 2025-08-30 00:32:00,399 basehttp 70758 6124023808 "POST /api/v1/product-requests/requests/ HTTP/1.1" 201 1091
INFO 2025-08-30 00:32:04,477 basehttp 70758 6124023808 "OPTIONS /api/v1/product-requests/requests/by_auth_user/?auth_user_uid=7b186537-5f40-43fc-8545-09f04dcc7c84 HTTP/1.1" 200 0
INFO 2025-08-30 00:32:04,541 basehttp 70758 6124023808 "GET /api/v1/product-requests/requests/by_auth_user/?auth_user_uid=7b186537-5f40-43fc-8545-09f04dcc7c84 HTTP/1.1" 200 3821
INFO 2025-08-30 00:34:33,589 basehttp 70758 6124023808 "GET /api/v1/product-requests/requests/by_auth_user/?auth_user_uid=7b186537-5f40-43fc-8545-09f04dcc7c84 HTTP/1.1" 200 3821
INFO 2025-08-30 04:49:12,242 basehttp 70758 6124023808 "OPTIONS /api/v1/product-requests/requests/by_auth_user/?auth_user_uid=c97f2da1-810c-4f86-98b4-18b722d5eecb HTTP/1.1" 200 0
INFO 2025-08-30 04:49:12,446 basehttp 70758 6124023808 "GET /api/v1/product-requests/requests/by_auth_user/?auth_user_uid=c97f2da1-810c-4f86-98b4-18b722d5eecb HTTP/1.1" 200 52
INFO 2025-08-30 04:53:46,671 basehttp 70758 6124023808 "OPTIONS /api/v1/product-requests/requests/by_auth_user/?auth_user_uid=c97f2da1-810c-4f86-98b4-18b722d5eecb HTTP/1.1" 200 0
INFO 2025-08-30 04:53:46,746 basehttp 70758 6124023808 "GET /api/v1/product-requests/requests/by_auth_user/?auth_user_uid=c97f2da1-810c-4f86-98b4-18b722d5eecb HTTP/1.1" 200 52
INFO 2025-08-30 04:53:47,606 basehttp 70758 6124023808 "GET /api/v1/product-requests/requests/by_auth_user/?auth_user_uid=c97f2da1-810c-4f86-98b4-18b722d5eecb HTTP/1.1" 200 52
INFO 2025-08-30 04:56:12,682 basehttp 70758 6124023808 "GET /api/v1/product-requests/requests/by_auth_user/?auth_user_uid=c97f2da1-810c-4f86-98b4-18b722d5eecb HTTP/1.1" 200 52
INFO 2025-08-30 04:56:13,423 basehttp 70758 6124023808 "GET /api/v1/product-requests/requests/by_auth_user/?auth_user_uid=c97f2da1-810c-4f86-98b4-18b722d5eecb HTTP/1.1" 200 52
INFO 2025-08-30 04:56:28,331 basehttp 70758 6124023808 "GET /api/v1/product-requests/requests/by_auth_user/?auth_user_uid=c97f2da1-810c-4f86-98b4-18b722d5eecb HTTP/1.1" 200 52
INFO 2025-08-30 05:05:35,070 basehttp 70758 6124023808 "GET /api/v1/product-requests/requests/by_auth_user/?auth_user_uid=c97f2da1-810c-4f86-98b4-18b722d5eecb HTTP/1.1" 200 52
INFO 2025-08-30 05:05:36,262 basehttp 70758 6124023808 "GET /api/v1/product-requests/requests/by_auth_user/?auth_user_uid=c97f2da1-810c-4f86-98b4-18b722d5eecb HTTP/1.1" 200 52
INFO 2025-08-30 05:07:05,832 basehttp 70758 6124023808 "GET /admin/quotes/quote/ HTTP/1.1" 302 0
INFO 2025-08-30 05:07:05,907 basehttp 70758 6124023808 "GET /admin/login/?next=/admin/quotes/quote/ HTTP/1.1" 200 4186
INFO 2025-08-30 05:07:10,112 basehttp 70758 6124023808 "POST /admin/login/?next=/admin/quotes/quote/ HTTP/1.1" 302 0
INFO 2025-08-30 05:07:10,275 basehttp 70758 6124023808 "GET /admin/quotes/quote/ HTTP/1.1" 200 63049
INFO 2025-08-30 05:07:10,297 basehttp 70758 6124023808 "GET /static/admin/css/base.css HTTP/1.1" 304 0
INFO 2025-08-30 05:07:10,298 basehttp 70758 6157676544 "GET /static/admin/css/dark_mode.css HTTP/1.1" 304 0
INFO 2025-08-30 05:07:10,299 basehttp 70758 12918534144 "GET /static/admin/js/theme.js HTTP/1.1" 304 0
INFO 2025-08-30 05:07:10,299 basehttp 70758 12901707776 "GET /static/admin/css/nav_sidebar.css HTTP/1.1" 304 0
INFO 2025-08-30 05:07:10,300 basehttp 70758 6124023808 "GET /static/admin/css/responsive.css HTTP/1.1" 304 0
INFO 2025-08-30 05:07:10,300 basehttp 70758 12935360512 "GET /static/admin/css/changelists.css HTTP/1.1" 304 0
INFO 2025-08-30 05:07:10,301 basehttp 70758 6157676544 "GET /static/admin/js/vendor/jquery/jquery.js HTTP/1.1" 304 0
INFO 2025-08-30 05:07:10,301 basehttp 70758 6124023808 "GET /static/admin/js/core.js HTTP/1.1" 304 0
INFO 2025-08-30 05:07:10,302 basehttp 70758 12918534144 "GET /static/admin/js/jquery.init.js HTTP/1.1" 304 0
INFO 2025-08-30 05:07:10,302 basehttp 70758 12901707776 "GET /static/admin/js/urlify.js HTTP/1.1" 304 0
INFO 2025-08-30 05:07:10,303 basehttp 70758 12935360512 "GET /static/admin/js/prepopulate.js HTTP/1.1" 304 0
INFO 2025-08-30 05:07:10,303 basehttp 70758 6157676544 "GET /static/admin/js/admin/RelatedObjectLookups.js HTTP/1.1" 304 0
INFO 2025-08-30 05:07:10,304 basehttp 70758 6140850176 "GET /admin/jsi18n/ HTTP/1.1" 200 3342
INFO 2025-08-30 05:07:10,307 basehttp 70758 12918534144 "GET /static/admin/js/vendor/xregexp/xregexp.js HTTP/1.1" 304 0
INFO 2025-08-30 05:07:10,307 basehttp 70758 6124023808 "GET /static/admin/js/actions.js HTTP/1.1" 304 0
INFO 2025-08-30 05:07:10,308 basehttp 70758 6140850176 "GET /static/admin/img/search.svg HTTP/1.1" 304 0
INFO 2025-08-30 05:07:10,309 basehttp 70758 6140850176 "GET /static/admin/js/nav_sidebar.js HTTP/1.1" 304 0
INFO 2025-08-30 05:07:10,311 basehttp 70758 6140850176 "GET /static/admin/js/filters.js HTTP/1.1" 304 0
INFO 2025-08-30 05:07:10,314 basehttp 70758 6157676544 "GET /static/admin/img/icon-viewlink.svg HTTP/1.1" 304 0
INFO 2025-08-30 05:07:10,314 basehttp 70758 6140850176 "GET /static/admin/img/icon-addlink.svg HTTP/1.1" 304 0
INFO 2025-08-30 05:07:10,314 basehttp 70758 6124023808 "GET /static/admin/img/tooltag-add.svg HTTP/1.1" 304 0
INFO 2025-08-30 05:07:10,314 basehttp 70758 12918534144 "GET /static/admin/img/sorting-icons.svg HTTP/1.1" 304 0
INFO 2025-08-30 05:07:32,425 basehttp 70758 12918534144 "GET /admin/quotes/quote/d94c23cf-ffae-481a-b3d4-5d8d6b4c477e/change/ HTTP/1.1" 200 54849
INFO 2025-08-30 05:07:32,479 basehttp 70758 6157676544 "GET /static/admin/js/admin/DateTimeShortcuts.js HTTP/1.1" 304 0
INFO 2025-08-30 05:07:32,479 basehttp 70758 12918534144 "GET /static/admin/css/forms.css HTTP/1.1" 304 0
INFO 2025-08-30 05:07:32,480 basehttp 70758 12901707776 "GET /static/admin/js/prepopulate_init.js HTTP/1.1" 304 0
INFO 2025-08-30 05:07:32,483 basehttp 70758 12935360512 "GET /static/admin/js/inlines.js HTTP/1.1" 304 0
INFO 2025-08-30 05:07:32,484 basehttp 70758 6140850176 "GET /static/admin/js/calendar.js HTTP/1.1" 304 0
INFO 2025-08-30 05:07:32,492 basehttp 70758 6140850176 "GET /static/admin/css/widgets.css HTTP/1.1" 304 0
INFO 2025-08-30 05:07:32,505 basehttp 70758 6124023808 "GET /admin/jsi18n/ HTTP/1.1" 200 3342
INFO 2025-08-30 05:07:32,507 basehttp 70758 6140850176 "GET /static/admin/js/change_form.js HTTP/1.1" 304 0
INFO 2025-08-30 05:07:32,507 basehttp 70758 6124023808 "GET /static/admin/img/icon-changelink.svg HTTP/1.1" 304 0
INFO 2025-08-30 05:07:32,542 basehttp 70758 6140850176 "GET /static/admin/img/icon-clock.svg HTTP/1.1" 304 0
INFO 2025-08-30 05:07:32,542 basehttp 70758 6124023808 "GET /static/admin/img/icon-calendar.svg HTTP/1.1" 304 0
INFO 2025-08-30 05:08:17,259 basehttp 70758 6124023808 "GET /admin/product_requests/productrequest/ HTTP/1.1" 200 64197
INFO 2025-08-30 05:08:17,275 basehttp 70758 6124023808 "GET /admin/jsi18n/ HTTP/1.1" 200 3342
INFO 2025-08-30 05:08:19,218 basehttp 70758 6124023808 "GET /admin/product_requests/productrequest/6e3b88ae-85c6-44b0-85b3-efbd24f32aa2/change/ HTTP/1.1" 200 73142
INFO 2025-08-30 05:08:19,246 basehttp 70758 6124023808 "GET /admin/jsi18n/ HTTP/1.1" 200 3342
INFO 2025-08-30 05:08:19,251 basehttp 70758 6140850176 "GET /static/admin/img/icon-unknown.svg HTTP/1.1" 304 0
INFO 2025-08-30 05:08:19,280 basehttp 70758 6140850176 "GET /static/admin/img/inline-delete.svg HTTP/1.1" 304 0
INFO 2025-08-30 05:17:47,472 basehttp 70758 6124023808 "GET /admin/product_requests/productrequest/6e3b88ae-85c6-44b0-85b3-efbd24f32aa2/change/ HTTP/1.1" 302 0
INFO 2025-08-30 05:17:47,484 basehttp 70758 6124023808 "GET /admin/login/?next=/admin/product_requests/productrequest/6e3b88ae-85c6-44b0-85b3-efbd24f32aa2/change/ HTTP/1.1" 200 4312
INFO 2025-08-30 05:17:47,498 basehttp 70758 6124023808 "GET /static/admin/css/login.css HTTP/1.1" 304 0
INFO 2025-08-30 05:17:50,882 basehttp 70758 6124023808 "POST /admin/login/?next=/admin/product_requests/productrequest/6e3b88ae-85c6-44b0-85b3-efbd24f32aa2/change/ HTTP/1.1" 302 0
INFO 2025-08-30 05:17:50,937 basehttp 70758 6124023808 "GET /admin/product_requests/productrequest/6e3b88ae-85c6-44b0-85b3-efbd24f32aa2/change/ HTTP/1.1" 200 73142
INFO 2025-08-30 05:17:50,962 basehttp 70758 6124023808 "GET /admin/jsi18n/ HTTP/1.1" 200 3342
INFO 2025-08-30 05:18:05,488 basehttp 70758 6124023808 "GET /admin/product_requests/productrequest/ HTTP/1.1" 200 64197
INFO 2025-08-30 05:18:05,512 basehttp 70758 6124023808 "GET /admin/jsi18n/ HTTP/1.1" 200 3342
INFO 2025-08-30 05:18:38,609 basehttp 70758 6124023808 "GET /admin/app_logs/productrequestlog/ HTTP/1.1" 200 26827
INFO 2025-08-30 05:18:38,630 basehttp 70758 6124023808 "GET /admin/jsi18n/ HTTP/1.1" 200 3342
INFO 2025-08-30 05:18:40,598 basehttp 70758 6124023808 "GET /admin/app_logs/performancelog/ HTTP/1.1" 200 32878
INFO 2025-08-30 05:18:40,608 basehttp 70758 6140850176 "GET /static/admin/img/icon-yes.svg HTTP/1.1" 304 0
INFO 2025-08-30 05:18:40,609 basehttp 70758 6124023808 "GET /admin/jsi18n/ HTTP/1.1" 200 3342
INFO 2025-08-30 05:18:44,646 basehttp 70758 6124023808 "GET /admin/app_logs/categorylog/ HTTP/1.1" 200 26432
INFO 2025-08-30 05:18:44,672 basehttp 70758 6124023808 "GET /admin/jsi18n/ HTTP/1.1" 200 3342
INFO 2025-08-30 05:18:54,087 basehttp 70758 6124023808 "GET /admin/quotes/quote/ HTTP/1.1" 200 63049
INFO 2025-08-30 05:18:54,102 basehttp 70758 6124023808 "GET /admin/jsi18n/ HTTP/1.1" 200 3342
INFO 2025-08-30 05:19:01,586 basehttp 70758 6124023808 "GET /admin/product_requests/consumerelectronics/ HTTP/1.1" 200 41911
INFO 2025-08-30 05:19:01,602 basehttp 70758 6124023808 "GET /admin/jsi18n/ HTTP/1.1" 200 3342
INFO 2025-08-30 05:19:14,277 basehttp 70758 6124023808 "GET /admin/product_requests/vehiclespares/ HTTP/1.1" 200 44883
INFO 2025-08-30 05:19:14,296 basehttp 70758 6124023808 "GET /admin/jsi18n/ HTTP/1.1" 200 3342
INFO 2025-08-30 05:22:19,575 basehttp 70758 6124023808 "GET /admin/product_requests/productrequest/ HTTP/1.1" 302 0
INFO 2025-08-30 05:22:19,580 basehttp 70758 6124023808 "GET /admin/login/?next=/admin/product_requests/productrequest/ HTTP/1.1" 200 4224
INFO 2025-08-30 05:22:22,968 basehttp 70758 6124023808 "POST /admin/login/?next=/admin/product_requests/productrequest/ HTTP/1.1" 302 0
INFO 2025-08-30 05:22:22,998 basehttp 70758 6124023808 "GET /admin/product_requests/productrequest/ HTTP/1.1" 200 64197
INFO 2025-08-30 05:22:23,022 basehttp 70758 6124023808 "GET /admin/jsi18n/ HTTP/1.1" 200 3342
INFO 2025-08-30 05:40:17,472 autoreload 70758 8272463296 /Users/thulanimoyo/MEGA downloads/new downloads/BIDR_Backend/product_management_service/product_requests/views.py changed, reloading.
INFO 2025-08-30 05:40:18,094 autoreload 22691 8272463296 Watching for file changes with StatReloader
INFO 2025-08-30 06:01:40,298 basehttp 22691 6204813312 "GET /api/v1/product-requests/requests/by_auth_user/?auth_user_uid=c97f2da1-810c-4f86-98b4-18b722d5eecb HTTP/1.1" 200 52
INFO 2025-08-30 06:10:25,735 basehttp 22691 6204813312 "OPTIONS /api/v1/product-requests/requests/by_seller/?auth_user_uid=c97f2da1-810c-4f86-98b4-18b722d5eecb&lat=-26.2041&lng=28.0473 HTTP/1.1" 200 0
WARNING 2025-08-30 06:10:25,811 log 22691 6204813312 Bad Request: /api/v1/product-requests/requests/by_seller/
WARNING 2025-08-30 06:10:25,815 basehttp 22691 6204813312 "GET /api/v1/product-requests/requests/by_seller/?auth_user_uid=c97f2da1-810c-4f86-98b4-18b722d5eecb&lat=-26.2041&lng=28.0473 HTTP/1.1" 400 109
WARNING 2025-08-30 06:10:37,654 log 22691 6204813312 Bad Request: /api/v1/product-requests/requests/by_seller/
WARNING 2025-08-30 06:10:37,655 basehttp 22691 6204813312 "GET /api/v1/product-requests/requests/by_seller/?auth_user_uid=c97f2da1-810c-4f86-98b4-18b722d5eecb&lat=-26.2041&lng=28.0473 HTTP/1.1" 400 109
WARNING 2025-08-30 06:15:11,009 log 22691 6221639680 Bad Request: /api/v1/product-requests/requests/by_seller/
WARNING 2025-08-30 06:15:11,011 basehttp 22691 6221639680 "GET /api/v1/product-requests/requests/by_seller/?auth_user_uid=c97f2da1-810c-4f86-98b4-18b722d5eecb&lat=-26.2041&lng=28.0473 HTTP/1.1" 400 109
INFO 2025-08-30 06:16:01,538 autoreload 22691 8272463296 /Users/thulanimoyo/MEGA downloads/new downloads/BIDR_Backend/product_management_service/product_requests/views.py changed, reloading.
INFO 2025-08-30 06:16:02,044 autoreload 35908 8272463296 Watching for file changes with StatReloader
WARNING 2025-08-30 06:16:36,516 log 35908 6157365248 Not Found: /api/product-requests/by_seller/
WARNING 2025-08-30 06:16:36,516 basehttp 35908 6157365248 "GET /api/product-requests/by_seller/?auth_user_uid=6ebe9b21-0ecb-4fce-8fb4-4e1ed9b7f6de&lat=-1.2921&lng=36.8219 HTTP/1.1" 404 5692
WARNING 2025-08-30 06:16:42,483 log 35908 6157365248 Not Found: /api/product-requests/by_seller/
WARNING 2025-08-30 06:16:42,483 basehttp 35908 6157365248 "GET /api/product-requests/by_seller/?auth_user_uid=6ebe9b21-0ecb-4fce-8fb4-4e1ed9b7f6de&lat=-1.2921&lng=36.8219 HTTP/1.1" 404 5692
WARNING 2025-08-30 06:16:47,312 log 35908 6157365248 Not Found: /api/v1/product-requests/by_seller/
WARNING 2025-08-30 06:16:47,313 basehttp 35908 6157365248 "GET /api/v1/product-requests/by_seller/?auth_user_uid=6ebe9b21-0ecb-4fce-8fb4-4e1ed9b7f6de&lat=-1.2921&lng=36.8219 HTTP/1.1" 404 31536
WARNING 2025-08-30 06:16:55,010 log 35908 6157365248 Not Found: /api/v1/product-requests/requests/by_seller/
WARNING 2025-08-30 06:16:55,010 basehttp 35908 6157365248 "GET /api/v1/product-requests/requests/by_seller/?auth_user_uid=6ebe9b21-0ecb-4fce-8fb4-4e1ed9b7f6de&lat=-1.2921&lng=36.8219 HTTP/1.1" 404 125
WARNING 2025-08-30 06:17:06,363 log 35908 6157365248 Not Found: /api/v1/product-requests/requests/by_seller/
WARNING 2025-08-30 06:17:06,363 basehttp 35908 6157365248 "GET /api/v1/product-requests/requests/by_seller/?auth_user_uid=79cde510-e797-4556-a409-413e7844c9f7&lat=-1.2921&lng=36.8219 HTTP/1.1" 404 125
WARNING 2025-08-30 06:17:22,086 log 35908 6157365248 Not Found: /api/v1/product-requests/requests/by_seller/
WARNING 2025-08-30 06:17:22,087 basehttp 35908 6157365248 "GET /api/v1/product-requests/requests/by_seller/?auth_user_uid=c97f2da1-810c-4f86-98b4-18b722d5eecb&lat=-26.2041&lng=28.0473 HTTP/1.1" 404 125
WARNING 2025-08-30 06:17:22,780 log 35908 6157365248 Not Found: /api/v1/product-requests/requests/by_seller/
WARNING 2025-08-30 06:17:22,781 basehttp 35908 6157365248 "GET /api/v1/product-requests/requests/by_seller/?auth_user_uid=c97f2da1-810c-4f86-98b4-18b722d5eecb&lat=-26.2041&lng=28.0473 HTTP/1.1" 404 125
INFO 2025-08-30 06:17:37,985 autoreload 35908 8272463296 /Users/thulanimoyo/MEGA downloads/new downloads/BIDR_Backend/product_management_service/product_requests/views.py changed, reloading.
INFO 2025-08-30 06:17:38,466 autoreload 36692 8272463296 Watching for file changes with StatReloader
INFO 2025-08-30 06:17:52,231 autoreload 36692 8272463296 /Users/thulanimoyo/MEGA downloads/new downloads/BIDR_Backend/product_management_service/product_requests/views.py changed, reloading.
INFO 2025-08-30 06:17:52,719 autoreload 36781 8272463296 Watching for file changes with StatReloader
ERROR 2025-08-30 06:17:53,167 log 36781 6171308032 Internal Server Error: /api/v1/product-requests/requests/by_seller/
ERROR 2025-08-30 06:17:53,167 basehttp 36781 6171308032 "GET /api/v1/product-requests/requests/by_seller/?auth_user_uid=c97f2da1-810c-4f86-98b4-18b722d5eecb&lat=-26.2041&lng=28.0473 HTTP/1.1" 500 96
ERROR 2025-08-30 06:17:54,175 log 36781 6171308032 Internal Server Error: /api/v1/product-requests/requests/by_seller/
ERROR 2025-08-30 06:17:54,175 basehttp 36781 6171308032 "GET /api/v1/product-requests/requests/by_seller/?auth_user_uid=c97f2da1-810c-4f86-98b4-18b722d5eecb&lat=-26.2041&lng=28.0473 HTTP/1.1" 500 96
ERROR 2025-08-30 06:17:55,894 log 36781 6171308032 Internal Server Error: /api/v1/product-requests/requests/by_seller/
ERROR 2025-08-30 06:17:55,894 basehttp 36781 6171308032 "GET /api/v1/product-requests/requests/by_seller/?auth_user_uid=c97f2da1-810c-4f86-98b4-18b722d5eecb&lat=-26.2041&lng=28.0473 HTTP/1.1" 500 96
ERROR 2025-08-30 06:17:56,655 log 36781 6171308032 Internal Server Error: /api/v1/product-requests/requests/by_seller/
ERROR 2025-08-30 06:17:56,655 basehttp 36781 6171308032 "GET /api/v1/product-requests/requests/by_seller/?auth_user_uid=c97f2da1-810c-4f86-98b4-18b722d5eecb&lat=-26.2041&lng=28.0473 HTTP/1.1" 500 96
ERROR 2025-08-30 06:17:57,147 log 36781 6171308032 Internal Server Error: /api/v1/product-requests/requests/by_seller/
ERROR 2025-08-30 06:17:57,147 basehttp 36781 6171308032 "GET /api/v1/product-requests/requests/by_seller/?auth_user_uid=c97f2da1-810c-4f86-98b4-18b722d5eecb&lat=-26.2041&lng=28.0473 HTTP/1.1" 500 96
ERROR 2025-08-30 06:17:57,583 log 36781 6171308032 Internal Server Error: /api/v1/product-requests/requests/by_seller/
ERROR 2025-08-30 06:17:57,583 basehttp 36781 6171308032 "GET /api/v1/product-requests/requests/by_seller/?auth_user_uid=c97f2da1-810c-4f86-98b4-18b722d5eecb&lat=-26.2041&lng=28.0473 HTTP/1.1" 500 96
ERROR 2025-08-30 06:17:57,967 log 36781 6171308032 Internal Server Error: /api/v1/product-requests/requests/by_seller/
ERROR 2025-08-30 06:17:57,968 basehttp 36781 6171308032 "GET /api/v1/product-requests/requests/by_seller/?auth_user_uid=c97f2da1-810c-4f86-98b4-18b722d5eecb&lat=-26.2041&lng=28.0473 HTTP/1.1" 500 96
INFO 2025-08-30 06:18:00,283 autoreload 36781 8272463296 /Users/thulanimoyo/MEGA downloads/new downloads/BIDR_Backend/product_management_service/product_requests/views.py changed, reloading.
INFO 2025-08-30 06:18:00,668 autoreload 36830 8272463296 Watching for file changes with StatReloader
ERROR 2025-08-30 06:18:08,438 log 36830 6135853056 Internal Server Error: /api/v1/product-requests/requests/by_seller/
ERROR 2025-08-30 06:18:08,439 basehttp 36830 6135853056 "GET /api/v1/product-requests/requests/by_seller/?auth_user_uid=79cde510-e797-4556-a409-413e7844c9f7&lat=-1.2921&lng=36.8219 HTTP/1.1" 500 96
INFO 2025-08-30 06:18:34,467 autoreload 36830 8272463296 /Users/thulanimoyo/MEGA downloads/new downloads/BIDR_Backend/product_management_service/product_requests/views.py changed, reloading.
INFO 2025-08-30 06:18:34,963 autoreload 37149 8272463296 Watching for file changes with StatReloader
INFO 2025-08-30 06:18:45,645 autoreload 37149 8272463296 /Users/thulanimoyo/MEGA downloads/new downloads/BIDR_Backend/product_management_service/product_requests/views.py changed, reloading.
INFO 2025-08-30 06:18:46,134 autoreload 37205 8272463296 Watching for file changes with StatReloader
ERROR 2025-08-30 06:18:55,534 log 37205 6198915072 Internal Server Error: /api/v1/product-requests/requests/by_seller/
ERROR 2025-08-30 06:18:55,534 basehttp 37205 6198915072 "GET /api/v1/product-requests/requests/by_seller/?auth_user_uid=79cde510-e797-4556-a409-413e7844c9f7&lat=-1.2921&lng=36.8219 HTTP/1.1" 500 96
ERROR 2025-08-30 06:18:57,449 log 37205 6198915072 Internal Server Error: /api/v1/product-requests/requests/by_seller/
ERROR 2025-08-30 06:18:57,450 basehttp 37205 6198915072 "GET /api/v1/product-requests/requests/by_seller/?auth_user_uid=c97f2da1-810c-4f86-98b4-18b722d5eecb&lat=-26.2041&lng=28.0473 HTTP/1.1" 500 96
ERROR 2025-08-30 06:18:58,226 log 37205 6198915072 Internal Server Error: /api/v1/product-requests/requests/by_seller/
ERROR 2025-08-30 06:18:58,227 basehttp 37205 6198915072 "GET /api/v1/product-requests/requests/by_seller/?auth_user_uid=c97f2da1-810c-4f86-98b4-18b722d5eecb&lat=-26.2041&lng=28.0473 HTTP/1.1" 500 96
ERROR 2025-08-30 06:18:58,901 log 37205 6198915072 Internal Server Error: /api/v1/product-requests/requests/by_seller/
ERROR 2025-08-30 06:18:58,901 basehttp 37205 6198915072 "GET /api/v1/product-requests/requests/by_seller/?auth_user_uid=c97f2da1-810c-4f86-98b4-18b722d5eecb&lat=-26.2041&lng=28.0473 HTTP/1.1" 500 96
ERROR 2025-08-30 06:18:59,459 log 37205 6198915072 Internal Server Error: /api/v1/product-requests/requests/by_seller/
ERROR 2025-08-30 06:18:59,459 basehttp 37205 6198915072 "GET /api/v1/product-requests/requests/by_seller/?auth_user_uid=c97f2da1-810c-4f86-98b4-18b722d5eecb&lat=-26.2041&lng=28.0473 HTTP/1.1" 500 96
INFO 2025-08-30 06:19:46,458 autoreload 37205 8272463296 /Users/thulanimoyo/MEGA downloads/new downloads/BIDR_Backend/product_management_service/product_requests/views.py changed, reloading.
INFO 2025-08-30 06:19:46,927 autoreload 37813 8272463296 Watching for file changes with StatReloader
INFO 2025-08-30 06:19:55,386 autoreload 37813 8272463296 /Users/thulanimoyo/MEGA downloads/new downloads/BIDR_Backend/product_management_service/product_requests/views.py changed, reloading.
INFO 2025-08-30 06:19:55,706 autoreload 37871 8272463296 Watching for file changes with StatReloader
INFO 2025-08-30 06:20:42,307 autoreload 37871 8272463296 /Users/thulanimoyo/MEGA downloads/new downloads/BIDR_Backend/product_management_service/product_requests/views.py changed, reloading.
INFO 2025-08-30 06:20:42,743 autoreload 38105 8272463296 Watching for file changes with StatReloader
ERROR 2025-08-30 06:20:50,563 log 38105 6204043264 Internal Server Error: /api/v1/product-requests/requests/by_seller/
ERROR 2025-08-30 06:20:50,563 basehttp 38105 6204043264 "GET /api/v1/product-requests/requests/by_seller/?auth_user_uid=79cde510-e797-4556-a409-413e7844c9f7&lat=-1.2921&lng=36.8219 HTTP/1.1" 500 466
INFO 2025-08-30 06:21:29,716 autoreload 38105 8272463296 /Users/thulanimoyo/MEGA downloads/new downloads/BIDR_Backend/product_management_service/product_requests/views.py changed, reloading.
INFO 2025-08-30 06:21:30,143 autoreload 38501 8272463296 Watching for file changes with StatReloader
INFO 2025-08-30 06:21:39,522 basehttp 38501 6193262592 "GET /api/v1/product-requests/requests/by_seller/?auth_user_uid=79cde510-e797-4556-a409-413e7844c9f7&lat=-1.2921&lng=36.8219 HTTP/1.1" 200 165
INFO 2025-08-30 06:23:40,939 basehttp 38501 6193262592 "GET /api/v1/product-requests/requests/by_seller/?auth_user_uid=c97f2da1-810c-4f86-98b4-18b722d5eecb&lat=-26.2041&lng=28.0473 HTTP/1.1" 200 13415
INFO 2025-08-30 06:32:29,391 autoreload 42344 8272463296 Watching for file changes with StatReloader
INFO 2025-08-30 06:32:40,349 basehttp 42344 6132510720 "GET /api/v1/product-requests/requests/by_seller/?auth_user_uid=c97f2da1-810c-4f86-98b4-18b722d5eecb&lat=-26.2041&lng=28.0473 HTTP/1.1" 200 13415
INFO 2025-08-30 06:33:37,049 autoreload 42746 8272463296 Watching for file changes with StatReloader
INFO 2025-08-30 06:34:56,595 basehttp 42746 6122385408 "GET /admin/product_requests/productrequest/6e3b88ae-85c6-44b0-85b3-efbd24f32aa2/change/ HTTP/1.1" 302 0
INFO 2025-08-30 06:34:56,634 basehttp 42746 6122385408 "GET /admin/login/?next=/admin/product_requests/productrequest/6e3b88ae-85c6-44b0-85b3-efbd24f32aa2/change/ HTTP/1.1" 200 4312
INFO 2025-08-30 06:34:59,388 basehttp 42746 6122385408 "POST /admin/login/?next=/admin/product_requests/productrequest/6e3b88ae-85c6-44b0-85b3-efbd24f32aa2/change/ HTTP/1.1" 302 0
INFO 2025-08-30 06:34:59,467 basehttp 42746 6122385408 "GET /admin/product_requests/productrequest/6e3b88ae-85c6-44b0-85b3-efbd24f32aa2/change/ HTTP/1.1" 200 73142
INFO 2025-08-30 06:34:59,492 basehttp 42746 6122385408 "GET /admin/jsi18n/ HTTP/1.1" 200 3342
INFO 2025-08-30 06:36:37,748 autoreload 43751 8272463296 Watching for file changes with StatReloader
INFO 2025-08-30 06:36:49,736 basehttp 43751 6127939584 "GET /api/v1/product-requests/requests/by_seller/?auth_user_uid=c97f2da1-810c-4f86-98b4-18b722d5eecb&lat=-26.2041&lng=28.0473 HTTP/1.1" 200 13415
INFO 2025-08-30 06:36:50,500 basehttp 43751 6127939584 "GET /api/v1/product-requests/requests/by_seller/?auth_user_uid=c97f2da1-810c-4f86-98b4-18b722d5eecb&lat=-26.2041&lng=28.0473 HTTP/1.1" 200 13415
INFO 2025-08-30 06:39:02,268 autoreload 44564 8272463296 Watching for file changes with StatReloader
INFO 2025-08-30 06:39:54,225 autoreload 44946 8272463296 Watching for file changes with StatReloader
INFO 2025-08-30 06:41:23,274 basehttp 44946 6221574144 "GET /api/v1/product-requests/requests/by_seller/?auth_user_uid=c97f2da1-810c-4f86-98b4-18b722d5eecb&lat=-26.2041&lng=28.0473 HTTP/1.1" 200 13415
INFO 2025-08-30 06:41:23,307 basehttp 44946 6238400512 "GET /api/v1/product-requests/requests/by_seller/?auth_user_uid=c97f2da1-810c-4f86-98b4-18b722d5eecb&lat=-26.2041&lng=28.0473 HTTP/1.1" 200 13415
INFO 2025-08-30 06:58:52,949 basehttp 44946 6221574144 "OPTIONS /api/v1/product-requests/requests/by_seller/?auth_user_uid=c97f2da1-810c-4f86-98b4-18b722d5eecb&lat=-25.981289254959695&lng=28.118400671471015 HTTP/1.1" 200 0
INFO 2025-08-30 06:58:56,723 basehttp 44946 6221574144 "GET /api/v1/product-requests/requests/by_seller/?auth_user_uid=c97f2da1-810c-4f86-98b4-18b722d5eecb&lat=-25.981289254959695&lng=28.118400671471015 HTTP/1.1" 200 13437
INFO 2025-08-30 06:58:59,179 basehttp 44946 6221574144 "GET /api/v1/product-requests/requests/by_seller/?auth_user_uid=c97f2da1-810c-4f86-98b4-18b722d5eecb&lat=-25.981289254959695&lng=28.118400671471015 HTTP/1.1" 200 13437
INFO 2025-08-30 07:20:52,060 basehttp 44946 6221574144 "GET /api/v1/product-requests/requests/by_seller/?auth_user_uid=c97f2da1-810c-4f86-98b4-18b722d5eecb&lat=-26.2041&lng=28.0473 HTTP/1.1" 200 13415
INFO 2025-08-30 07:20:52,736 basehttp 44946 6221574144 "GET /api/v1/product-requests/requests/by_seller/?auth_user_uid=c97f2da1-810c-4f86-98b4-18b722d5eecb&lat=-26.2041&lng=28.0473 HTTP/1.1" 200 13415
INFO 2025-08-30 07:20:53,356 basehttp 44946 6221574144 "GET /api/v1/product-requests/requests/by_seller/?auth_user_uid=c97f2da1-810c-4f86-98b4-18b722d5eecb&lat=-26.2041&lng=28.0473 HTTP/1.1" 200 13415
INFO 2025-08-30 07:30:25,173 basehttp 44946 6221574144 "GET /api/v1/product-requests/requests/by_seller/?auth_user_uid=c97f2da1-810c-4f86-98b4-18b722d5eecb&lat=-26.2041&lng=28.0473 HTTP/1.1" 200 13415
INFO 2025-08-30 07:30:26,517 basehttp 44946 6221574144 "GET /api/v1/product-requests/requests/by_seller/?auth_user_uid=c97f2da1-810c-4f86-98b4-18b722d5eecb&lat=-26.2041&lng=28.0473 HTTP/1.1" 200 13415
INFO 2025-08-30 07:30:38,514 basehttp 44946 6221574144 "GET /api/v1/product-requests/requests/by_seller/?auth_user_uid=c97f2da1-810c-4f86-98b4-18b722d5eecb&lat=-26.2041&lng=28.0473 HTTP/1.1" 200 13415
INFO 2025-08-30 07:30:39,246 basehttp 44946 6221574144 "GET /api/v1/product-requests/requests/by_seller/?auth_user_uid=c97f2da1-810c-4f86-98b4-18b722d5eecb&lat=-26.2041&lng=28.0473 HTTP/1.1" 200 13415
INFO 2025-08-30 07:31:03,633 basehttp 44946 6221574144 "GET /api/v1/product-requests/requests/by_seller/?auth_user_uid=c97f2da1-810c-4f86-98b4-18b722d5eecb&lat=-26.2041&lng=28.0473 HTTP/1.1" 200 13415
INFO 2025-08-30 07:31:04,637 basehttp 44946 6221574144 "GET /api/v1/product-requests/requests/by_seller/?auth_user_uid=c97f2da1-810c-4f86-98b4-18b722d5eecb&lat=-26.2041&lng=28.0473 HTTP/1.1" 200 13415
INFO 2025-08-30 07:31:27,106 basehttp 44946 6221574144 "GET /api/v1/product-requests/requests/by_seller/?auth_user_uid=c97f2da1-810c-4f86-98b4-18b722d5eecb&lat=-26.2041&lng=28.0473 HTTP/1.1" 200 13415
INFO 2025-08-30 07:31:27,961 basehttp 44946 6221574144 "GET /api/v1/product-requests/requests/by_seller/?auth_user_uid=c97f2da1-810c-4f86-98b4-18b722d5eecb&lat=-26.2041&lng=28.0473 HTTP/1.1" 200 13415
INFO 2025-08-30 07:33:06,349 basehttp 44946 6221574144 "OPTIONS /api/v1/product-requests/requests/by_seller/?auth_user_uid=c97f2da1-810c-4f86-98b4-18b722d5eecb&lat=-25.981356406124934&lng=28.118323538273604 HTTP/1.1" 200 0
INFO 2025-08-30 07:33:06,801 basehttp 44946 6221574144 "GET /api/v1/product-requests/requests/by_seller/?auth_user_uid=c97f2da1-810c-4f86-98b4-18b722d5eecb&lat=-25.981356406124934&lng=28.118323538273604 HTTP/1.1" 200 13437
INFO 2025-08-30 07:33:07,958 basehttp 44946 6221574144 "GET /api/v1/product-requests/requests/by_seller/?auth_user_uid=c97f2da1-810c-4f86-98b4-18b722d5eecb&lat=-25.981356406124934&lng=28.118323538273604 HTTP/1.1" 200 13437
INFO 2025-08-30 07:34:53,177 basehttp 44946 6221574144 "OPTIONS /api/v1/product-requests/requests/by_seller/?auth_user_uid=c97f2da1-810c-4f86-98b4-18b722d5eecb&lat=-25.981351998632626&lng=28.118392771065825 HTTP/1.1" 200 0
INFO 2025-08-30 07:34:53,524 basehttp 44946 6221574144 "GET /api/v1/product-requests/requests/by_seller/?auth_user_uid=c97f2da1-810c-4f86-98b4-18b722d5eecb&lat=-25.981351998632626&lng=28.118392771065825 HTTP/1.1" 200 13437
INFO 2025-08-30 07:34:54,541 basehttp 44946 6221574144 "GET /api/v1/product-requests/requests/by_seller/?auth_user_uid=c97f2da1-810c-4f86-98b4-18b722d5eecb&lat=-25.981351998632626&lng=28.118392771065825 HTTP/1.1" 200 13437
INFO 2025-08-30 07:35:23,733 basehttp 44946 6221574144 "OPTIONS /api/v1/product-requests/requests/by_seller/?auth_user_uid=c97f2da1-810c-4f86-98b4-18b722d5eecb&lat=-25.981351996855015&lng=28.118392799637927 HTTP/1.1" 200 0
INFO 2025-08-30 07:35:24,153 basehttp 44946 6221574144 "GET /api/v1/product-requests/requests/by_seller/?auth_user_uid=c97f2da1-810c-4f86-98b4-18b722d5eecb&lat=-25.981351996855015&lng=28.118392799637927 HTTP/1.1" 200 13437
INFO 2025-08-30 07:35:25,763 basehttp 44946 6221574144 "GET /api/v1/product-requests/requests/by_seller/?auth_user_uid=c97f2da1-810c-4f86-98b4-18b722d5eecb&lat=-25.981351996855015&lng=28.118392799637927 HTTP/1.1" 200 13437
INFO 2025-08-30 07:35:40,862 basehttp 44946 6221574144 "OPTIONS /api/v1/product-requests/requests/by_seller/?auth_user_uid=c97f2da1-810c-4f86-98b4-18b722d5eecb&lat=-25.981351997987687&lng=28.118392781573107 HTTP/1.1" 200 0
INFO 2025-08-30 07:35:42,771 basehttp 44946 6221574144 "GET /api/v1/product-requests/requests/by_seller/?auth_user_uid=c97f2da1-810c-4f86-98b4-18b722d5eecb&lat=-25.981351997987687&lng=28.118392781573107 HTTP/1.1" 200 13437
INFO 2025-08-30 07:35:43,253 basehttp 44946 6221574144 "GET /api/v1/product-requests/requests/by_seller/?auth_user_uid=c97f2da1-810c-4f86-98b4-18b722d5eecb&lat=-25.981351997987687&lng=28.118392781573107 HTTP/1.1" 200 13437
INFO 2025-08-30 07:35:44,027 basehttp 44946 6221574144 "GET /api/v1/product-requests/requests/by_seller/?auth_user_uid=c97f2da1-810c-4f86-98b4-18b722d5eecb&lat=-25.981351997987687&lng=28.118392781573107 HTTP/1.1" 200 13437
INFO 2025-08-30 07:35:54,378 basehttp 44946 6221574144 "OPTIONS /api/v1/product-requests/requests/by_seller/?auth_user_uid=c97f2da1-810c-4f86-98b4-18b722d5eecb&lat=-25.98135199794544&lng=28.118392782247934 HTTP/1.1" 200 0
INFO 2025-08-30 07:35:55,325 basehttp 44946 6221574144 "GET /api/v1/product-requests/requests/by_seller/?auth_user_uid=c97f2da1-810c-4f86-98b4-18b722d5eecb&lat=-25.98135199794544&lng=28.118392782247934 HTTP/1.1" 200 13436
INFO 2025-08-30 07:35:56,088 basehttp 44946 6221574144 "GET /api/v1/product-requests/requests/by_seller/?auth_user_uid=c97f2da1-810c-4f86-98b4-18b722d5eecb&lat=-25.98135199794544&lng=28.118392782247934 HTTP/1.1" 200 13436
INFO 2025-08-30 07:37:12,093 basehttp 44946 6221574144 "OPTIONS /api/v1/product-requests/requests/by_seller/?auth_user_uid=c97f2da1-810c-4f86-98b4-18b722d5eecb&lat=-25.981349598119213&lng=28.118327248719734 HTTP/1.1" 200 0
INFO 2025-08-30 07:37:12,730 basehttp 44946 6221574144 "GET /api/v1/product-requests/requests/by_seller/?auth_user_uid=c97f2da1-810c-4f86-98b4-18b722d5eecb&lat=-25.981349598119213&lng=28.118327248719734 HTTP/1.1" 200 13437
INFO 2025-08-30 07:37:14,206 basehttp 44946 6221574144 "GET /api/v1/product-requests/requests/by_seller/?auth_user_uid=c97f2da1-810c-4f86-98b4-18b722d5eecb&lat=-25.981349598119213&lng=28.118327248719734 HTTP/1.1" 200 13437
INFO 2025-08-30 07:37:26,611 basehttp 44946 6221574144 "OPTIONS /api/v1/product-requests/requests/by_seller/?auth_user_uid=c97f2da1-810c-4f86-98b4-18b722d5eecb&lat=-25.981349594466785&lng=28.118327332197644 HTTP/1.1" 200 0
INFO 2025-08-30 07:37:27,837 basehttp 44946 6221574144 "GET /api/v1/product-requests/requests/by_seller/?auth_user_uid=c97f2da1-810c-4f86-98b4-18b722d5eecb&lat=-25.981349594466785&lng=28.118327332197644 HTTP/1.1" 200 13437
INFO 2025-08-30 07:37:28,472 basehttp 44946 6221574144 "GET /api/v1/product-requests/requests/by_seller/?auth_user_uid=c97f2da1-810c-4f86-98b4-18b722d5eecb&lat=-25.981349594466785&lng=28.118327332197644 HTTP/1.1" 200 13437
INFO 2025-08-30 07:39:27,339 basehttp 44946 6221574144 "OPTIONS /api/v1/product-requests/requests/by_seller/?auth_user_uid=c97f2da1-810c-4f86-98b4-18b722d5eecb&lat=-25.981416624050006&lng=28.118263626782493 HTTP/1.1" 200 0
INFO 2025-08-30 07:39:27,619 basehttp 44946 6221574144 "GET /api/v1/product-requests/requests/by_seller/?auth_user_uid=c97f2da1-810c-4f86-98b4-18b722d5eecb&lat=-25.981416624050006&lng=28.118263626782493 HTTP/1.1" 200 13437
INFO 2025-08-30 07:39:29,115 basehttp 44946 6221574144 "GET /api/v1/product-requests/requests/by_seller/?auth_user_uid=c97f2da1-810c-4f86-98b4-18b722d5eecb&lat=-25.981416624050006&lng=28.118263626782493 HTTP/1.1" 200 13437
INFO 2025-08-30 07:40:19,287 basehttp 44946 6221574144 "OPTIONS /api/v1/product-requests/requests/by_seller/?auth_user_uid=c97f2da1-810c-4f86-98b4-18b722d5eecb&lat=-25.981486406041963&lng=28.118248934434575 HTTP/1.1" 200 0
INFO 2025-08-30 07:40:19,578 basehttp 44946 6221574144 "GET /api/v1/product-requests/requests/by_seller/?auth_user_uid=c97f2da1-810c-4f86-98b4-18b722d5eecb&lat=-25.981486406041963&lng=28.118248934434575 HTTP/1.1" 200 13437
INFO 2025-08-30 07:40:20,983 basehttp 44946 6221574144 "GET /api/v1/product-requests/requests/by_seller/?auth_user_uid=c97f2da1-810c-4f86-98b4-18b722d5eecb&lat=-25.981486406041963&lng=28.118248934434575 HTTP/1.1" 200 13437
INFO 2025-08-30 07:43:18,024 basehttp 44946 6221574144 "OPTIONS /api/v1/product-requests/requests/by_seller/?auth_user_uid=c97f2da1-810c-4f86-98b4-18b722d5eecb&lat=-25.98139665188186&lng=28.118367996461014 HTTP/1.1" 200 0
INFO 2025-08-30 07:43:18,658 basehttp 44946 6221574144 "GET /api/v1/product-requests/requests/by_seller/?auth_user_uid=c97f2da1-810c-4f86-98b4-18b722d5eecb&lat=-25.98139665188186&lng=28.118367996461014 HTTP/1.1" 200 13436
INFO 2025-08-30 07:43:19,945 basehttp 44946 6221574144 "GET /api/v1/product-requests/requests/by_seller/?auth_user_uid=c97f2da1-810c-4f86-98b4-18b722d5eecb&lat=-25.98139665188186&lng=28.118367996461014 HTTP/1.1" 200 13436
INFO 2025-08-30 07:48:28,842 basehttp 44946 6221574144 "OPTIONS /api/v1/product-requests/requests/by_seller/?auth_user_uid=c97f2da1-810c-4f86-98b4-18b722d5eecb&lat=-25.98135463895852&lng=28.118297732342608 HTTP/1.1" 200 0
INFO 2025-08-30 07:48:29,094 basehttp 44946 6221574144 "GET /api/v1/product-requests/requests/by_seller/?auth_user_uid=c97f2da1-810c-4f86-98b4-18b722d5eecb&lat=-25.98135463895852&lng=28.118297732342608 HTTP/1.1" 200 13436
INFO 2025-08-30 07:48:30,668 basehttp 44946 6221574144 "GET /api/v1/product-requests/requests/by_seller/?auth_user_uid=c97f2da1-810c-4f86-98b4-18b722d5eecb&lat=-25.98135463895852&lng=28.118297732342608 HTTP/1.1" 200 13436
INFO 2025-08-30 07:48:55,097 basehttp 44946 6221574144 "OPTIONS /api/v1/product-requests/requests/by_seller/?auth_user_uid=c97f2da1-810c-4f86-98b4-18b722d5eecb&lat=-25.98135463890009&lng=28.11829771251146 HTTP/1.1" 200 0
INFO 2025-08-30 07:48:55,404 basehttp 44946 6221574144 "GET /api/v1/product-requests/requests/by_seller/?auth_user_uid=c97f2da1-810c-4f86-98b4-18b722d5eecb&lat=-25.98135463890009&lng=28.11829771251146 HTTP/1.1" 200 13435
INFO 2025-08-30 07:48:59,589 basehttp 44946 6221574144 "GET /api/v1/product-requests/requests/by_seller/?auth_user_uid=c97f2da1-810c-4f86-98b4-18b722d5eecb&lat=-25.98135463890009&lng=28.11829771251146 HTTP/1.1" 200 13435
INFO 2025-08-30 07:49:07,736 basehttp 44946 6221574144 "OPTIONS /api/v1/product-requests/requests/by_seller/?auth_user_uid=c97f2da1-810c-4f86-98b4-18b722d5eecb&lat=-25.981354638599694&lng=28.118297725966634 HTTP/1.1" 200 0
INFO 2025-08-30 07:49:08,322 basehttp 44946 6221574144 "GET /api/v1/product-requests/requests/by_seller/?auth_user_uid=c97f2da1-810c-4f86-98b4-18b722d5eecb&lat=-25.981354638599694&lng=28.118297725966634 HTTP/1.1" 200 13437
INFO 2025-08-30 07:49:09,716 basehttp 44946 6221574144 "GET /api/v1/product-requests/requests/by_seller/?auth_user_uid=c97f2da1-810c-4f86-98b4-18b722d5eecb&lat=-25.981354638599694&lng=28.118297725966634 HTTP/1.1" 200 13437
INFO 2025-08-30 08:15:46,983 basehttp 44946 6221574144 "GET /api/v1/product-requests/requests/by_seller/?auth_user_uid=c97f2da1-810c-4f86-98b4-18b722d5eecb&lat=-25.981354638599694&lng=28.118297725966634 HTTP/1.1" 200 13437
INFO 2025-08-30 08:18:29,664 basehttp 44946 6221574144 "GET /api/v1/product-requests/requests/by_seller/?auth_user_uid=c97f2da1-810c-4f86-98b4-18b722d5eecb&lat=-25.981354638599694&lng=28.118297725966634 HTTP/1.1" 200 13437
INFO 2025-08-30 08:20:14,463 basehttp 44946 6221574144 "GET /api/v1/product-requests/requests/by_seller/?auth_user_uid=c97f2da1-810c-4f86-98b4-18b722d5eecb&lat=-25.981354638599694&lng=28.118297725966634 HTTP/1.1" 200 13437
INFO 2025-08-30 08:22:58,356 basehttp 44946 6221574144 "GET /api/v1/product-requests/requests/by_seller/?auth_user_uid=c97f2da1-810c-4f86-98b4-18b722d5eecb&lat=-25.981354638599694&lng=28.118297725966634 HTTP/1.1" 200 13437
INFO 2025-08-30 08:23:24,651 basehttp 44946 6221574144 "GET /api/v1/product-requests/requests/by_seller/?auth_user_uid=c97f2da1-810c-4f86-98b4-18b722d5eecb&lat=-25.981354638599694&lng=28.118297725966634 HTTP/1.1" 200 13437
INFO 2025-08-30 08:31:08,678 basehttp 44946 6221574144 "OPTIONS /api/v1/product-requests/requests/by_seller/?auth_user_uid=c97f2da1-810c-4f86-98b4-18b722d5eecb&lat=-25.981433592796428&lng=28.118184288523853 HTTP/1.1" 200 0
INFO 2025-08-30 08:31:09,145 basehttp 44946 6221574144 "GET /api/v1/product-requests/requests/by_seller/?auth_user_uid=c97f2da1-810c-4f86-98b4-18b722d5eecb&lat=-25.981433592796428&lng=28.118184288523853 HTTP/1.1" 200 13437
INFO 2025-08-30 08:31:11,256 basehttp 44946 6221574144 "GET /api/v1/product-requests/requests/by_seller/?auth_user_uid=c97f2da1-810c-4f86-98b4-18b722d5eecb&lat=-25.981433592796428&lng=28.118184288523853 HTTP/1.1" 200 13437
INFO 2025-08-30 08:34:36,752 basehttp 44946 6221574144 "OPTIONS /api/v1/product-requests/requests/by_seller/?auth_user_uid=c97f2da1-810c-4f86-98b4-18b722d5eecb&lat=-25.981373970130985&lng=28.118317308408397 HTTP/1.1" 200 0
INFO 2025-08-30 08:34:37,050 basehttp 44946 6221574144 "GET /api/v1/product-requests/requests/by_seller/?auth_user_uid=c97f2da1-810c-4f86-98b4-18b722d5eecb&lat=-25.981373970130985&lng=28.118317308408397 HTTP/1.1" 200 13437
INFO 2025-08-30 08:34:37,342 basehttp 44946 6221574144 "GET /api/v1/product-requests/requests/by_seller/?auth_user_uid=c97f2da1-810c-4f86-98b4-18b722d5eecb&lat=-25.981373970130985&lng=28.118317308408397 HTTP/1.1" 200 13437
INFO 2025-08-30 08:34:56,739 basehttp 44946 6221574144 "OPTIONS /api/v1/product-requests/requests/by_seller/?auth_user_uid=c97f2da1-810c-4f86-98b4-18b722d5eecb&lat=-25.98137396332771&lng=28.118317319630176 HTTP/1.1" 200 0
INFO 2025-08-30 08:34:57,037 basehttp 44946 6221574144 "GET /api/v1/product-requests/requests/by_seller/?auth_user_uid=c97f2da1-810c-4f86-98b4-18b722d5eecb&lat=-25.98137396332771&lng=28.118317319630176 HTTP/1.1" 200 13436
INFO 2025-08-30 08:34:58,849 basehttp 44946 6221574144 "GET /api/v1/product-requests/requests/by_seller/?auth_user_uid=c97f2da1-810c-4f86-98b4-18b722d5eecb&lat=-25.98137396332771&lng=28.118317319630176 HTTP/1.1" 200 13436
INFO 2025-08-30 08:36:19,264 basehttp 44946 6221574144 "GET /api/v1/product-requests/requests/by_seller/?auth_user_uid=c97f2da1-810c-4f86-98b4-18b722d5eecb&lat=-25.98137396332771&lng=28.118317319630176 HTTP/1.1" 200 13436
INFO 2025-08-30 08:36:30,115 basehttp 44946 6221574144 "GET /api/v1/product-requests/requests/by_seller/?auth_user_uid=c97f2da1-810c-4f86-98b4-18b722d5eecb&lat=-25.98137396332771&lng=28.118317319630176 HTTP/1.1" 200 13436
INFO 2025-08-30 08:36:54,860 basehttp 44946 6221574144 "GET /api/v1/product-requests/requests/by_seller/?auth_user_uid=c97f2da1-810c-4f86-98b4-18b722d5eecb&lat=-25.98137396332771&lng=28.118317319630176 HTTP/1.1" 200 13436
INFO 2025-08-30 08:37:09,500 basehttp 44946 6221574144 "GET /api/v1/product-requests/requests/by_seller/?auth_user_uid=c97f2da1-810c-4f86-98b4-18b722d5eecb&lat=-25.98137396332771&lng=28.118317319630176 HTTP/1.1" 200 13436
INFO 2025-08-30 08:37:29,443 basehttp 44946 6221574144 "GET /api/v1/product-requests/requests/by_seller/?auth_user_uid=c97f2da1-810c-4f86-98b4-18b722d5eecb&lat=-25.98137396332771&lng=28.118317319630176 HTTP/1.1" 200 13436
INFO 2025-08-30 08:46:17,742 autoreload 44946 8272463296 /Users/thulanimoyo/MEGA downloads/new downloads/BIDR_Backend/product_management_service/quotes/views.py changed, reloading.
INFO 2025-08-30 08:46:19,121 autoreload 92588 8272463296 Watching for file changes with StatReloader
INFO 2025-08-30 08:46:32,613 autoreload 92588 8272463296 /Users/thulanimoyo/MEGA downloads/new downloads/BIDR_Backend/product_management_service/quotes/views.py changed, reloading.
INFO 2025-08-30 08:46:34,889 autoreload 92732 8272463296 Watching for file changes with StatReloader
INFO 2025-08-30 08:49:06,940 basehttp 92732 13170143232 "OPTIONS /api/v1/product-requests/requests/by_seller/?auth_user_uid=c97f2da1-810c-4f86-98b4-18b722d5eecb&lat=-25.981341690902877&lng=28.11837483101431 HTTP/1.1" 200 0
INFO 2025-08-30 08:49:07,215 basehttp 92732 13170143232 "GET /api/v1/product-requests/requests/by_seller/?auth_user_uid=c97f2da1-810c-4f86-98b4-18b722d5eecb&lat=-25.981341690902877&lng=28.11837483101431 HTTP/1.1" 200 13436
INFO 2025-08-30 08:49:08,937 basehttp 92732 13170143232 "GET /api/v1/product-requests/requests/by_seller/?auth_user_uid=c97f2da1-810c-4f86-98b4-18b722d5eecb&lat=-25.981341690902877&lng=28.11837483101431 HTTP/1.1" 200 13436
INFO 2025-08-30 08:51:49,078 basehttp 92732 13170143232 "GET /api/v1/product-requests/requests/by_seller/?auth_user_uid=c97f2da1-810c-4f86-98b4-18b722d5eecb&lat=-25.981341690902877&lng=28.11837483101431 HTTP/1.1" 200 13436
INFO 2025-08-30 08:51:59,039 basehttp 92732 13170143232 "OPTIONS /api/v1/product-requests/requests/by_seller/?auth_user_uid=c97f2da1-810c-4f86-98b4-18b722d5eecb&lat=-25.981280341446627&lng=28.118282487719963 HTTP/1.1" 200 0
INFO 2025-08-30 08:51:59,585 basehttp 92732 13170143232 "GET /api/v1/product-requests/requests/by_seller/?auth_user_uid=c97f2da1-810c-4f86-98b4-18b722d5eecb&lat=-25.981280341446627&lng=28.118282487719963 HTTP/1.1" 200 13437
INFO 2025-08-30 08:52:00,467 basehttp 92732 13170143232 "GET /api/v1/product-requests/requests/by_seller/?auth_user_uid=c97f2da1-810c-4f86-98b4-18b722d5eecb&lat=-25.981280341446627&lng=28.118282487719963 HTTP/1.1" 200 13437
INFO 2025-08-30 08:52:03,452 basehttp 92732 13170143232 "OPTIONS /api/v1/product-requests/requests/by_seller/?auth_user_uid=c97f2da1-810c-4f86-98b4-18b722d5eecb&lat=-25.981280316420445&lng=28.11828247106687 HTTP/1.1" 200 0
INFO 2025-08-30 08:52:04,009 basehttp 92732 13170143232 "GET /api/v1/product-requests/requests/by_seller/?auth_user_uid=c97f2da1-810c-4f86-98b4-18b722d5eecb&lat=-25.981280316420445&lng=28.11828247106687 HTTP/1.1" 200 13436
INFO 2025-08-30 08:52:07,631 basehttp 92732 13170143232 "GET /api/v1/product-requests/requests/by_seller/?auth_user_uid=c97f2da1-810c-4f86-98b4-18b722d5eecb&lat=-25.981280316420445&lng=28.11828247106687 HTTP/1.1" 200 13436
INFO 2025-08-30 08:55:03,765 basehttp 92732 13170143232 "OPTIONS /api/v1/product-requests/requests/by_seller/?auth_user_uid=c97f2da1-810c-4f86-98b4-18b722d5eecb&lat=-25.981315310731205&lng=28.11834440486839 HTTP/1.1" 200 0
INFO 2025-08-30 08:55:03,967 basehttp 92732 13170143232 "GET /api/v1/product-requests/requests/by_seller/?auth_user_uid=c97f2da1-810c-4f86-98b4-18b722d5eecb&lat=-25.981315310731205&lng=28.11834440486839 HTTP/1.1" 200 13436
INFO 2025-08-30 08:55:09,408 basehttp 92732 13170143232 "OPTIONS /api/v1/quotes/quotes/ HTTP/1.1" 200 0
WARNING 2025-08-30 08:55:09,440 log 92732 13170143232 Bad Request: /api/v1/quotes/quotes/
WARNING 2025-08-30 08:55:09,441 basehttp 92732 13170143232 "POST /api/v1/quotes/quotes/ HTTP/1.1" 400 119
INFO 2025-08-30 09:05:46,265 basehttp 92732 13170143232 "OPTIONS /api/v1/product-requests/requests/by_seller/?auth_user_uid=c97f2da1-810c-4f86-98b4-18b722d5eecb&lat=-25.981415085641487&lng=28.118226059160186 HTTP/1.1" 200 0
INFO 2025-08-30 09:05:46,493 basehttp 92732 13170143232 "GET /api/v1/product-requests/requests/by_seller/?auth_user_uid=c97f2da1-810c-4f86-98b4-18b722d5eecb&lat=-25.981415085641487&lng=28.118226059160186 HTTP/1.1" 200 13437
INFO 2025-08-30 09:05:47,544 basehttp 92732 13170143232 "GET /api/v1/product-requests/requests/by_seller/?auth_user_uid=c97f2da1-810c-4f86-98b4-18b722d5eecb&lat=-25.981415085641487&lng=28.118226059160186 HTTP/1.1" 200 13437
INFO 2025-08-30 09:05:51,764 basehttp 92732 13170143232 "GET /api/v1/product-requests/requests/by_seller/?auth_user_uid=c97f2da1-810c-4f86-98b4-18b722d5eecb&lat=-25.981415085641487&lng=28.118226059160186 HTTP/1.1" 200 13437
WARNING 2025-08-30 09:06:07,762 log 92732 13170143232 Bad Request: /api/v1/quotes/quotes/
WARNING 2025-08-30 09:06:07,764 basehttp 92732 13170143232 "POST /api/v1/quotes/quotes/ HTTP/1.1" 400 138
INFO 2025-08-30 09:11:24,816 autoreload 92732 8272463296 /Users/thulanimoyo/MEGA downloads/new downloads/BIDR_Backend/product_management_service/product_management_service/settings.py changed, reloading.
INFO 2025-08-30 09:11:26,027 autoreload 1626 8272463296 Watching for file changes with StatReloader
INFO 2025-08-30 09:12:21,468 autoreload 1626 8272463296 /Users/thulanimoyo/MEGA downloads/new downloads/BIDR_Backend/product_management_service/quotes/views.py changed, reloading.
INFO 2025-08-30 09:12:22,908 autoreload 2015 8272463296 Watching for file changes with StatReloader
INFO 2025-08-30 09:12:38,326 autoreload 2015 8272463296 /Users/thulanimoyo/MEGA downloads/new downloads/BIDR_Backend/product_management_service/quotes/views.py changed, reloading.
INFO 2025-08-30 09:12:39,396 autoreload 2178 8272463296 Watching for file changes with StatReloader
WARNING 2025-08-30 09:12:53,152 log 2178 6392344576 Bad Request: /api/v1/quotes/quotes/
WARNING 2025-08-30 09:12:53,178 basehttp 2178 6392344576 "POST /api/v1/quotes/quotes/ HTTP/1.1" 400 138
INFO 2025-08-30 09:13:13,888 autoreload 2178 8272463296 /Users/thulanimoyo/MEGA downloads/new downloads/BIDR_Backend/product_management_service/quotes/views.py changed, reloading.
INFO 2025-08-30 09:13:15,527 autoreload 2468 8272463296 Watching for file changes with StatReloader
WARNING 2025-08-30 09:13:22,931 log 2468 6392344576 Bad Request: /api/v1/quotes/quotes/
WARNING 2025-08-30 09:13:22,932 basehttp 2468 6392344576 "POST /api/v1/quotes/quotes/ HTTP/1.1" 400 138
INFO 2025-08-30 09:13:31,194 autoreload 2468 8272463296 /Users/thulanimoyo/MEGA downloads/new downloads/BIDR_Backend/product_management_service/quotes/serializers_with_seller.py changed, reloading.
INFO 2025-08-30 09:13:31,957 autoreload 2595 8272463296 Watching for file changes with StatReloader
WARNING 2025-08-30 09:14:08,945 log 2595 6213922816 Bad Request: /api/v1/quotes/quotes/
WARNING 2025-08-30 09:14:08,945 basehttp 2595 6213922816 "POST /api/v1/quotes/quotes/ HTTP/1.1" 400 138
WARNING 2025-08-30 09:15:17,153 log 2595 6213922816 Bad Request: /api/v1/quotes/quotes/
WARNING 2025-08-30 09:15:17,159 basehttp 2595 6213922816 "POST /api/v1/quotes/quotes/ HTTP/1.1" 400 138
WARNING 2025-08-30 09:15:42,790 log 2595 6213922816 Bad Request: /api/v1/quotes/quotes/
WARNING 2025-08-30 09:15:42,798 basehttp 2595 6213922816 "POST /api/v1/quotes/quotes/ HTTP/1.1" 400 138
WARNING 2025-08-30 09:18:50,648 log 2595 6213922816 Bad Request: /api/v1/quotes/quotes/
WARNING 2025-08-30 09:18:50,650 basehttp 2595 6213922816 "POST /api/v1/quotes/quotes/ HTTP/1.1" 400 138
INFO 2025-08-30 09:25:07,368 autoreload 2595 8272463296 /Users/thulanimoyo/MEGA downloads/new downloads/BIDR_Backend/product_management_service/quotes/views.py changed, reloading.
INFO 2025-08-30 09:25:08,533 autoreload 6575 8272463296 Watching for file changes with StatReloader
INFO 2025-08-30 09:25:27,582 autoreload 6575 8272463296 /Users/thulanimoyo/MEGA downloads/new downloads/BIDR_Backend/product_management_service/quotes/views.py changed, reloading.
INFO 2025-08-30 09:25:29,258 autoreload 6727 8272463296 Watching for file changes with StatReloader
INFO 2025-08-30 09:25:49,350 autoreload 6727 8272463296 /Users/thulanimoyo/MEGA downloads/new downloads/BIDR_Backend/product_management_service/quotes/views.py changed, reloading.
INFO 2025-08-30 09:25:50,558 autoreload 6904 8272463296 Watching for file changes with StatReloader
INFO 2025-08-30 09:29:35,787 basehttp 6904 6208647168 "GET /api/v1/product-requests/requests/by_seller/?auth_user_uid=c97f2da1-810c-4f86-98b4-18b722d5eecb&lat=-25.981415085641487&lng=28.118226059160186 HTTP/1.1" 200 13437
WARNING 2025-08-30 10:19:30,856 log 6904 6208647168 Bad Request: /api/v1/quotes/quotes/
WARNING 2025-08-30 10:19:30,858 basehttp 6904 6208647168 "POST /api/v1/quotes/quotes/ HTTP/1.1" 400 186
INFO 2025-08-30 10:26:29,538 autoreload 6904 8272463296 /Users/thulanimoyo/MEGA downloads/new downloads/BIDR_Backend/product_management_service/core/auth_service.py changed, reloading.
INFO 2025-08-30 10:26:30,434 autoreload 25728 8272463296 Watching for file changes with StatReloader
INFO 2025-08-30 10:26:54,408 autoreload 25728 8272463296 /Users/thulanimoyo/MEGA downloads/new downloads/BIDR_Backend/product_management_service/quotes/serializers_hybrid.py changed, reloading.
INFO 2025-08-30 10:26:55,131 autoreload 25860 8272463296 Watching for file changes with StatReloader
INFO 2025-08-30 10:27:10,751 autoreload 25860 8272463296 /Users/thulanimoyo/MEGA downloads/new downloads/BIDR_Backend/product_management_service/core/auth_service.py changed, reloading.
INFO 2025-08-30 10:27:11,509 autoreload 25955 8272463296 Watching for file changes with StatReloader
ERROR 2025-08-30 10:27:24,059 log 25955 6209122304 Internal Server Error: /api/v1/quotes/quotes/
ERROR 2025-08-30 10:27:24,059 basehttp 25955 6209122304 "POST /api/v1/quotes/quotes/ HTTP/1.1" 500 96
INFO 2025-08-30 10:28:09,626 autoreload 26419 8272463296 Watching for file changes with StatReloader
ERROR 2025-08-30 10:28:37,237 log 25955 6209122304 Internal Server Error: /api/v1/quotes/quotes/
ERROR 2025-08-30 10:28:37,237 basehttp 25955 6209122304 "POST /api/v1/quotes/quotes/ HTTP/1.1" 500 96
INFO 2025-08-30 10:28:42,328 basehttp 25955 6209122304 "GET /api/v1/product-requests/requests/ HTTP/1.1" 200 26288
INFO 2025-08-30 10:29:00,379 autoreload 25955 8272463296 /Users/thulanimoyo/MEGA downloads/new downloads/BIDR_Backend/product_management_service/quotes/serializers_hybrid.py changed, reloading.
INFO 2025-08-30 10:29:01,157 autoreload 26939 8272463296 Watching for file changes with StatReloader
INFO 2025-08-30 10:29:08,206 autoreload 26939 8272463296 /Users/thulanimoyo/MEGA downloads/new downloads/BIDR_Backend/product_management_service/quotes/serializers_hybrid.py changed, reloading.
INFO 2025-08-30 10:29:08,946 autoreload 26976 8272463296 Watching for file changes with StatReloader
ERROR 2025-08-30 10:29:18,482 log 26976 6207139840 Internal Server Error: /api/v1/quotes/quotes/
ERROR 2025-08-30 10:29:18,482 basehttp 26976 6207139840 "POST /api/v1/quotes/quotes/ HTTP/1.1" 500 96
INFO 2025-08-30 10:29:23,634 autoreload 27119 8272463296 Watching for file changes with StatReloader
INFO 2025-08-30 10:29:28,624 autoreload 27230 8272463296 Watching for file changes with StatReloader
INFO 2025-08-30 10:29:58,630 basehttp 26976 6207139840 "GET /api/v1/quotes/ HTTP/1.1" 200 396
ERROR 2025-08-30 10:30:09,270 log 26976 6207139840 Internal Server Error: /api/v1/quotes/quotes/
ERROR 2025-08-30 10:30:09,271 basehttp 26976 6207139840 "POST /api/v1/quotes/quotes/ HTTP/1.1" 500 96
INFO 2025-08-30 10:30:15,188 basehttp 26976 6207139840 "POST /api/v1/quotes/quotes/ HTTP/1.1" 201 485
ERROR 2025-08-30 10:30:23,004 log 26976 6207139840 Internal Server Error: /api/v1/quotes/quotes/
ERROR 2025-08-30 10:30:23,004 basehttp 26976 6207139840 "POST /api/v1/quotes/quotes/ HTTP/1.1" 500 96
INFO 2025-08-30 10:31:02,870 basehttp 26976 6207139840 "GET /api/v1/product-requests/requests/by_seller/?auth_user_uid=c97f2da1-810c-4f86-98b4-18b722d5eecb&lat=-25.981415085641487&lng=28.118226059160186 HTTP/1.1" 200 13887
INFO 2025-08-30 10:31:31,419 autoreload 26976 8272463296 /Users/thulanimoyo/MEGA downloads/new downloads/BIDR_Backend/product_management_service/quotes/views.py changed, reloading.
INFO 2025-08-30 10:31:32,604 autoreload 28280 8272463296 Watching for file changes with StatReloader
INFO 2025-08-30 10:33:16,503 basehttp 28280 12901707776 "OPTIONS /api/v1/product-requests/requests/by_seller/?auth_user_uid=c97f2da1-810c-4f86-98b4-18b722d5eecb&lat=-25.981449577625348&lng=28.1182482140639 HTTP/1.1" 200 0
INFO 2025-08-30 10:33:17,037 basehttp 28280 12901707776 "GET /api/v1/product-requests/requests/by_seller/?auth_user_uid=c97f2da1-810c-4f86-98b4-18b722d5eecb&lat=-25.981449577625348&lng=28.1182482140639 HTTP/1.1" 200 13885
INFO 2025-08-30 10:33:18,116 basehttp 28280 12901707776 "GET /api/v1/product-requests/requests/by_seller/?auth_user_uid=c97f2da1-810c-4f86-98b4-18b722d5eecb&lat=-25.981449577625348&lng=28.1182482140639 HTTP/1.1" 200 13885
WARNING 2025-08-30 10:33:25,418 log 28280 12901707776 Bad Request: /api/v1/quotes/quotes/
WARNING 2025-08-30 10:33:25,419 basehttp 28280 12901707776 "POST /api/v1/quotes/quotes/ HTTP/1.1" 400 127
WARNING 2025-08-30 10:40:50,149 log 28280 12901707776 Bad Request: /api/v1/quotes/quotes/
WARNING 2025-08-30 10:40:50,150 basehttp 28280 12901707776 "POST /api/v1/quotes/quotes/ HTTP/1.1" 400 127
WARNING 2025-08-30 10:40:58,823 log 28280 12901707776 Bad Request: /api/v1/quotes/quotes/
WARNING 2025-08-30 10:40:58,823 basehttp 28280 12901707776 "POST /api/v1/quotes/quotes/ HTTP/1.1" 400 127
INFO 2025-08-30 11:03:15,889 autoreload 28280 8272463296 /Users/thulanimoyo/MEGA downloads/new downloads/BIDR_Backend/product_management_service/product_requests/views.py changed, reloading.
INFO 2025-08-30 11:03:18,314 autoreload 36357 8272463296 Watching for file changes with StatReloader
INFO 2025-08-30 11:05:56,236 autoreload 36357 8272463296 /Users/thulanimoyo/MEGA downloads/new downloads/BIDR_Backend/product_management_service/product_requests/views.py changed, reloading.
INFO 2025-08-30 11:05:57,249 autoreload 36855 8272463296 Watching for file changes with StatReloader
INFO 2025-08-30 11:06:07,539 autoreload 36855 8272463296 /Users/thulanimoyo/MEGA downloads/new downloads/BIDR_Backend/product_management_service/product_requests/views.py changed, reloading.
INFO 2025-08-30 11:06:08,531 autoreload 36898 8272463296 Watching for file changes with StatReloader
INFO 2025-08-30 11:15:45,086 basehttp 36898 13035925504 "OPTIONS /api/v1/product-requests/requests/by_seller/?auth_user_uid=c97f2da1-810c-4f86-98b4-18b722d5eecb&lat=-25.981351985895206&lng=28.11826824540371 HTTP/1.1" 200 0
INFO 2025-08-30 11:15:45,430 basehttp 36898 13035925504 "GET /api/v1/product-requests/requests/by_seller/?auth_user_uid=c97f2da1-810c-4f86-98b4-18b722d5eecb&lat=-25.981351985895206&lng=28.11826824540371 HTTP/1.1" 200 13886
INFO 2025-08-30 11:15:52,297 basehttp 36898 13035925504 "OPTIONS /api/v1/quotes/quotes/ HTTP/1.1" 200 0
WARNING 2025-08-30 11:15:52,322 log 36898 13035925504 Bad Request: /api/v1/quotes/quotes/
WARNING 2025-08-30 11:15:52,324 basehttp 36898 13035925504 "POST /api/v1/quotes/quotes/ HTTP/1.1" 400 127
WARNING 2025-08-30 11:28:02,826 log 36898 6177353728 Bad Request: /api/v1/quotes/quotes/
WARNING 2025-08-30 11:28:02,828 basehttp 36898 6177353728 "POST /api/v1/quotes/quotes/ HTTP/1.1" 400 127
INFO 2025-08-30 11:28:27,918 basehttp 36898 6177353728 "OPTIONS /api/v1/product-requests/requests/by_seller/?auth_user_uid=c97f2da1-810c-4f86-98b4-18b722d5eecb&lat=-25.98160113776141&lng=28.118303683371877 HTTP/1.1" 200 0
INFO 2025-08-30 11:28:28,497 basehttp 36898 6177353728 "GET /api/v1/product-requests/requests/by_seller/?auth_user_uid=c97f2da1-810c-4f86-98b4-18b722d5eecb&lat=-25.98160113776141&lng=28.118303683371877 HTTP/1.1" 200 13886
INFO 2025-08-30 11:28:30,069 basehttp 36898 6177353728 "GET /api/v1/product-requests/requests/by_seller/?auth_user_uid=c97f2da1-810c-4f86-98b4-18b722d5eecb&lat=-25.98160113776141&lng=28.118303683371877 HTTP/1.1" 200 13886
ERROR 2025-08-30 11:28:35,343 log 36898 6177353728 Internal Server Error: /api/v1/quotes/quotes/
ERROR 2025-08-30 11:28:35,345 basehttp 36898 6177353728 "POST /api/v1/quotes/quotes/ HTTP/1.1" 500 96
INFO 2025-08-30 11:30:49,499 autoreload 36898 8272463296 /Users/thulanimoyo/MEGA downloads/new downloads/BIDR_Backend/product_management_service/core/auth_service.py changed, reloading.
INFO 2025-08-30 11:30:50,541 autoreload 41826 8272463296 Watching for file changes with StatReloader
INFO 2025-08-30 11:31:31,584 autoreload 41826 8272463296 /Users/thulanimoyo/MEGA downloads/new downloads/BIDR_Backend/product_management_service/core/auth_service.py changed, reloading.
INFO 2025-08-30 11:31:32,764 autoreload 41973 8272463296 Watching for file changes with StatReloader
ERROR 2025-08-30 11:32:22,082 log 41973 13035925504 Internal Server Error: /api/v1/quotes/quotes/
ERROR 2025-08-30 11:32:22,114 basehttp 41973 13035925504 "POST /api/v1/quotes/quotes/ HTTP/1.1" 500 96
INFO 2025-08-30 11:36:08,612 autoreload 41973 8272463296 /Users/thulanimoyo/MEGA downloads/new downloads/BIDR_Backend/product_management_service/quotes/serializers_hybrid.py changed, reloading.
INFO 2025-08-30 11:36:09,633 autoreload 43251 8272463296 Watching for file changes with StatReloader
INFO 2025-08-30 11:36:41,095 autoreload 43251 8272463296 /Users/thulanimoyo/MEGA downloads/new downloads/BIDR_Backend/product_management_service/quotes/serializers_hybrid.py changed, reloading.
INFO 2025-08-30 11:36:42,112 autoreload 43380 8272463296 Watching for file changes with StatReloader
INFO 2025-08-30 11:38:43,546 autoreload 43380 8272463296 /Users/thulanimoyo/MEGA downloads/new downloads/BIDR_Backend/product_management_service/core/auth_service.py changed, reloading.
INFO 2025-08-30 11:38:44,508 autoreload 43814 8272463296 Watching for file changes with StatReloader
INFO 2025-08-30 11:39:48,249 autoreload 43814 8272463296 /Users/thulanimoyo/MEGA downloads/new downloads/BIDR_Backend/product_management_service/quotes/serializers_hybrid.py changed, reloading.
INFO 2025-08-30 11:39:49,369 autoreload 44115 8272463296 Watching for file changes with StatReloader
INFO 2025-08-30 11:40:32,346 autoreload 44115 8272463296 /Users/thulanimoyo/MEGA downloads/new downloads/BIDR_Backend/product_management_service/quotes/serializers_hybrid.py changed, reloading.
INFO 2025-08-30 11:40:33,443 autoreload 44318 8272463296 Watching for file changes with StatReloader
INFO 2025-08-30 11:41:20,669 autoreload 44318 8272463296 /Users/thulanimoyo/MEGA downloads/new downloads/BIDR_Backend/product_management_service/quotes/serializers_hybrid.py changed, reloading.
INFO 2025-08-30 11:41:22,215 autoreload 44542 8272463296 Watching for file changes with StatReloader
INFO 2025-08-30 11:41:25,121 basehttp 44542 12901707776 "POST /api/v1/quotes/quotes/ HTTP/1.1" 201 531
INFO 2025-08-30 11:41:25,548 basehttp 44542 12901707776 "GET /api/v1/product-requests/requests/by_seller/?auth_user_uid=c97f2da1-810c-4f86-98b4-18b722d5eecb&lat=-25.98160113776141&lng=28.118303683371877 HTTP/1.1" 200 14430
INFO 2025-08-30 11:42:01,655 autoreload 44542 8272463296 /Users/thulanimoyo/MEGA downloads/new downloads/BIDR_Backend/product_management_service/quotes/serializers_hybrid.py changed, reloading.
INFO 2025-08-30 11:42:02,771 autoreload 44724 8272463296 Watching for file changes with StatReloader
INFO 2025-08-30 11:45:54,611 basehttp 44724 12901707776 "OPTIONS /api/v1/product-requests/requests/by_seller/?auth_user_uid=c97f2da1-810c-4f86-98b4-18b722d5eecb&lat=-25.981266839707992&lng=28.118158723292215 HTTP/1.1" 200 0
INFO 2025-08-30 11:45:54,951 basehttp 44724 12901707776 "GET /api/v1/product-requests/requests/by_seller/?auth_user_uid=c97f2da1-810c-4f86-98b4-18b722d5eecb&lat=-25.981266839707992&lng=28.118158723292215 HTTP/1.1" 200 15519
INFO 2025-08-30 11:45:56,159 basehttp 44724 12901707776 "GET /api/v1/product-requests/requests/by_seller/?auth_user_uid=c97f2da1-810c-4f86-98b4-18b722d5eecb&lat=-25.981266839707992&lng=28.118158723292215 HTTP/1.1" 200 15519
INFO 2025-08-30 11:50:48,916 basehttp 44724 12901707776 "OPTIONS /api/v1/product-requests/requests/by_seller/?auth_user_uid=c97f2da1-810c-4f86-98b4-18b722d5eecb&lat=-25.98159984075673&lng=28.118005134767316 HTTP/1.1" 200 0
INFO 2025-08-30 11:50:49,212 basehttp 44724 12901707776 "GET /api/v1/product-requests/requests/by_seller/?auth_user_uid=c97f2da1-810c-4f86-98b4-18b722d5eecb&lat=-25.98159984075673&lng=28.118005134767316 HTTP/1.1" 200 15518
INFO 2025-08-30 11:50:50,414 basehttp 44724 12901707776 "GET /api/v1/product-requests/requests/by_seller/?auth_user_uid=c97f2da1-810c-4f86-98b4-18b722d5eecb&lat=-25.98159984075673&lng=28.118005134767316 HTTP/1.1" 200 15518
INFO 2025-08-30 11:55:41,273 basehttp 44724 12901707776 "OPTIONS /api/v1/product-requests/requests/by_seller/?auth_user_uid=c97f2da1-810c-4f86-98b4-18b722d5eecb&lat=-25.981154760977258&lng=28.118205806036347 HTTP/1.1" 200 0
INFO 2025-08-30 11:55:41,296 basehttp 44724 12918534144 "OPTIONS /api/v1/quotes/quotes/by_seller/?auth_user_uid=c97f2da1-810c-4f86-98b4-18b722d5eecb HTTP/1.1" 200 0
INFO 2025-08-30 11:55:41,618 basehttp 44724 12901707776 "GET /api/v1/product-requests/requests/by_seller/?auth_user_uid=c97f2da1-810c-4f86-98b4-18b722d5eecb&lat=-25.981154760977258&lng=28.118205806036347 HTTP/1.1" 200 15519
INFO 2025-08-30 11:55:43,822 basehttp 44724 12901707776 "GET /api/v1/product-requests/requests/by_seller/?auth_user_uid=c97f2da1-810c-4f86-98b4-18b722d5eecb&lat=-25.981154760977258&lng=28.118205806036347 HTTP/1.1" 200 15519
ERROR 2025-08-30 11:56:02,574 log 44724 12918534144 Internal Server Error: /api/v1/quotes/quotes/by_seller/
ERROR 2025-08-30 11:56:02,575 basehttp 44724 12918534144 "GET /api/v1/quotes/quotes/by_seller/?auth_user_uid=c97f2da1-810c-4f86-98b4-18b722d5eecb HTTP/1.1" 500 96
ERROR 2025-08-30 11:56:13,316 log 44724 12918534144 Internal Server Error: /api/v1/quotes/quotes/by_seller/
ERROR 2025-08-30 11:56:13,316 basehttp 44724 12918534144 "GET /api/v1/quotes/quotes/by_seller/?auth_user_uid=c97f2da1-810c-4f86-98b4-18b722d5eecb HTTP/1.1" 500 96
INFO 2025-08-30 12:02:32,536 autoreload 44724 8272463296 /Users/thulanimoyo/MEGA downloads/new downloads/BIDR_Backend/product_management_service/quotes/views.py changed, reloading.
INFO 2025-08-30 12:02:33,635 autoreload 50605 8272463296 Watching for file changes with StatReloader
INFO 2025-08-30 12:07:44,672 autoreload 50605 8272463296 /Users/thulanimoyo/MEGA downloads/new downloads/BIDR_Backend/product_management_service/quotes/serializers.py changed, reloading.
INFO 2025-08-30 12:07:45,762 autoreload 51948 8272463296 Watching for file changes with StatReloader
INFO 2025-08-30 12:08:43,470 autoreload 51948 8272463296 /Users/thulanimoyo/MEGA downloads/new downloads/BIDR_Backend/product_management_service/quotes/serializers.py changed, reloading.
INFO 2025-08-30 12:08:44,388 autoreload 52154 8272463296 Watching for file changes with StatReloader
INFO 2025-08-30 12:09:48,243 autoreload 52154 8272463296 /Users/thulanimoyo/MEGA downloads/new downloads/BIDR_Backend/product_management_service/quotes/views.py changed, reloading.
INFO 2025-08-30 12:09:49,885 autoreload 52431 8272463296 Watching for file changes with StatReloader
INFO 2025-08-30 12:09:59,762 basehttp 52431 13069578240 "OPTIONS /api/v1/product-requests/requests/by_seller/?auth_user_uid=c97f2da1-810c-4f86-98b4-18b722d5eecb&lat=-25.980954138338472&lng=28.11782278060665 HTTP/1.1" 200 0
INFO 2025-08-30 12:10:00,639 basehttp 52431 13069578240 "GET /api/v1/product-requests/requests/by_seller/?auth_user_uid=c97f2da1-810c-4f86-98b4-18b722d5eecb&lat=-25.980954138338472&lng=28.11782278060665 HTTP/1.1" 200 15518
INFO 2025-08-30 12:10:02,479 basehttp 52431 13069578240 "GET /api/v1/product-requests/requests/by_seller/?auth_user_uid=c97f2da1-810c-4f86-98b4-18b722d5eecb&lat=-25.980954138338472&lng=28.11782278060665 HTTP/1.1" 200 15518
ERROR 2025-08-30 12:10:39,578 log 52431 13086404608 Internal Server Error: /api/v1/quotes/quotes/by_seller/
ERROR 2025-08-30 12:10:39,579 basehttp 52431 13086404608 "GET /api/v1/quotes/quotes/by_seller/?auth_user_uid=c97f2da1-810c-4f86-98b4-18b722d5eecb HTTP/1.1" 500 96
ERROR 2025-08-30 12:10:39,585 log 52431 13069578240 Internal Server Error: /api/v1/quotes/quotes/by_seller/
ERROR 2025-08-30 12:10:39,586 basehttp 52431 13069578240 "GET /api/v1/quotes/quotes/by_seller/?auth_user_uid=c97f2da1-810c-4f86-98b4-18b722d5eecb HTTP/1.1" 500 96
INFO 2025-08-30 12:14:16,624 basehttp 52431 13069578240 "OPTIONS /api/v1/product-requests/requests/by_seller/?auth_user_uid=c97f2da1-810c-4f86-98b4-18b722d5eecb&lat=-25.98120899631435&lng=28.118423198767605 HTTP/1.1" 200 0
INFO 2025-08-30 12:14:16,983 basehttp 52431 13069578240 "GET /api/v1/product-requests/requests/by_seller/?auth_user_uid=c97f2da1-810c-4f86-98b4-18b722d5eecb&lat=-25.98120899631435&lng=28.118423198767605 HTTP/1.1" 200 15518
INFO 2025-08-30 12:14:18,382 basehttp 52431 13069578240 "GET /api/v1/product-requests/requests/by_seller/?auth_user_uid=c97f2da1-810c-4f86-98b4-18b722d5eecb&lat=-25.98120899631435&lng=28.118423198767605 HTTP/1.1" 200 15518
ERROR 2025-08-30 12:14:38,093 log 52431 13069578240 Internal Server Error: /api/v1/quotes/quotes/by_seller/
ERROR 2025-08-30 12:14:38,093 basehttp 52431 13069578240 "GET /api/v1/quotes/quotes/by_seller/?auth_user_uid=c97f2da1-810c-4f86-98b4-18b722d5eecb HTTP/1.1" 500 96
ERROR 2025-08-30 12:14:40,391 log 52431 13086404608 Internal Server Error: /api/v1/quotes/quotes/by_seller/
ERROR 2025-08-30 12:14:40,391 basehttp 52431 13086404608 "GET /api/v1/quotes/quotes/by_seller/?auth_user_uid=c97f2da1-810c-4f86-98b4-18b722d5eecb HTTP/1.1" 500 96
INFO 2025-08-30 12:16:22,781 basehttp 52431 13069578240 "OPTIONS /api/v1/product-requests/requests/by_seller/?auth_user_uid=c97f2da1-810c-4f86-98b4-18b722d5eecb&lat=-25.981001921777693&lng=28.118215013291067 HTTP/1.1" 200 0
ERROR 2025-08-30 12:16:22,935 log 52431 13086404608 Internal Server Error: /api/v1/quotes/quotes/by_seller/
ERROR 2025-08-30 12:16:22,942 basehttp 52431 13086404608 "GET /api/v1/quotes/quotes/by_seller/?auth_user_uid=c97f2da1-810c-4f86-98b4-18b722d5eecb HTTP/1.1" 500 96
INFO 2025-08-30 12:16:23,253 basehttp 52431 13069578240 "GET /api/v1/product-requests/requests/by_seller/?auth_user_uid=c97f2da1-810c-4f86-98b4-18b722d5eecb&lat=-25.981001921777693&lng=28.118215013291067 HTTP/1.1" 200 15518
ERROR 2025-08-30 12:16:24,191 log 52431 13086404608 Internal Server Error: /api/v1/quotes/quotes/by_seller/
ERROR 2025-08-30 12:16:24,191 basehttp 52431 13086404608 "GET /api/v1/quotes/quotes/by_seller/?auth_user_uid=c97f2da1-810c-4f86-98b4-18b722d5eecb HTTP/1.1" 500 96
INFO 2025-08-30 12:16:24,533 basehttp 52431 13069578240 "GET /api/v1/product-requests/requests/by_seller/?auth_user_uid=c97f2da1-810c-4f86-98b4-18b722d5eecb&lat=-25.981001921777693&lng=28.118215013291067 HTTP/1.1" 200 15518
INFO 2025-08-30 12:16:40,600 basehttp 52431 13069578240 "POST /api/v1/quotes/quotes/ HTTP/1.1" 201 532
INFO 2025-08-30 12:16:41,016 basehttp 52431 13069578240 "GET /api/v1/product-requests/requests/by_seller/?auth_user_uid=c97f2da1-810c-4f86-98b4-18b722d5eecb&lat=-25.981001921777693&lng=28.118215013291067 HTTP/1.1" 200 16063
ERROR 2025-08-30 12:16:41,038 log 52431 13069578240 Internal Server Error: /api/v1/quotes/quotes/by_seller/
ERROR 2025-08-30 12:16:41,038 basehttp 52431 13069578240 "GET /api/v1/quotes/quotes/by_seller/?auth_user_uid=c97f2da1-810c-4f86-98b4-18b722d5eecb HTTP/1.1" 500 96
INFO 2025-08-30 12:20:31,930 autoreload 52431 8272463296 /Users/thulanimoyo/MEGA downloads/new downloads/BIDR_Backend/product_management_service/quotes/views.py changed, reloading.
INFO 2025-08-30 12:20:32,945 autoreload 54510 8272463296 Watching for file changes with StatReloader
INFO 2025-08-30 12:21:55,705 autoreload 54510 8272463296 /Users/thulanimoyo/MEGA downloads/new downloads/BIDR_Backend/product_management_service/quotes/views.py changed, reloading.
INFO 2025-08-30 12:21:56,645 autoreload 54782 8272463296 Watching for file changes with StatReloader
INFO 2025-08-30 12:23:20,330 autoreload 54782 8272463296 /Users/thulanimoyo/MEGA downloads/new downloads/BIDR_Backend/product_management_service/quotes/views.py changed, reloading.
INFO 2025-08-30 12:23:21,900 autoreload 55063 8272463296 Watching for file changes with StatReloader
INFO 2025-08-30 12:32:43,084 basehttp 55063 13035925504 "OPTIONS /api/v1/product-requests/requests/by_seller/?auth_user_uid=c97f2da1-810c-4f86-98b4-18b722d5eecb&lat=-25.980532816197627&lng=28.11798031137646 HTTP/1.1" 200 0
ERROR 2025-08-30 12:32:43,262 log 55063 13052751872 Internal Server Error: /api/v1/quotes/quotes/by_seller/
ERROR 2025-08-30 12:32:43,262 basehttp 55063 13052751872 "GET /api/v1/quotes/quotes/by_seller/?auth_user_uid=c97f2da1-810c-4f86-98b4-18b722d5eecb HTTP/1.1" 500 96
INFO 2025-08-30 12:32:43,426 basehttp 55063 13035925504 "GET /api/v1/product-requests/requests/by_seller/?auth_user_uid=c97f2da1-810c-4f86-98b4-18b722d5eecb&lat=-25.980532816197627&lng=28.11798031137646 HTTP/1.1" 200 16061
ERROR 2025-08-30 12:32:44,427 log 55063 13052751872 Internal Server Error: /api/v1/quotes/quotes/by_seller/
ERROR 2025-08-30 12:32:44,428 basehttp 55063 13052751872 "GET /api/v1/quotes/quotes/by_seller/?auth_user_uid=c97f2da1-810c-4f86-98b4-18b722d5eecb HTTP/1.1" 500 96
INFO 2025-08-30 12:32:44,610 basehttp 55063 13035925504 "GET /api/v1/product-requests/requests/by_seller/?auth_user_uid=c97f2da1-810c-4f86-98b4-18b722d5eecb&lat=-25.980532816197627&lng=28.11798031137646 HTTP/1.1" 200 16061
INFO 2025-08-30 12:33:04,187 autoreload 55063 8272463296 /Users/thulanimoyo/MEGA downloads/new downloads/BIDR_Backend/product_management_service/quotes/serializers.py changed, reloading.
INFO 2025-08-30 12:33:05,541 autoreload 56941 8272463296 Watching for file changes with StatReloader
INFO 2025-08-30 12:35:10,580 autoreload 56941 8272463296 /Users/thulanimoyo/MEGA downloads/new downloads/BIDR_Backend/product_management_service/quotes/serializers.py changed, reloading.
INFO 2025-08-30 12:35:11,600 autoreload 57352 8272463296 Watching for file changes with StatReloader
INFO 2025-08-30 12:36:40,974 autoreload 57647 8272463296 Watching for file changes with StatReloader
INFO 2025-08-30 12:37:53,421 basehttp 57647 13035925504 "OPTIONS /api/v1/product-requests/requests/by_seller/?auth_user_uid=c97f2da1-810c-4f86-98b4-18b722d5eecb&lat=-25.981258878085587&lng=28.118316841150104 HTTP/1.1" 200 0
INFO 2025-08-30 12:37:53,743 basehttp 57647 13052751872 "GET /api/v1/quotes/quotes/by_seller/?auth_user_uid=c97f2da1-810c-4f86-98b4-18b722d5eecb HTTP/1.1" 200 3456
INFO 2025-08-30 12:37:54,358 basehttp 57647 13035925504 "GET /api/v1/product-requests/requests/by_seller/?auth_user_uid=c97f2da1-810c-4f86-98b4-18b722d5eecb&lat=-25.981258878085587&lng=28.118316841150104 HTTP/1.1" 200 16062
INFO 2025-08-30 12:37:54,743 basehttp 57647 13052751872 "GET /api/v1/quotes/quotes/by_seller/?auth_user_uid=c97f2da1-810c-4f86-98b4-18b722d5eecb HTTP/1.1" 200 3456
INFO 2025-08-30 12:37:55,059 basehttp 57647 13035925504 "GET /api/v1/product-requests/requests/by_seller/?auth_user_uid=c97f2da1-810c-4f86-98b4-18b722d5eecb&lat=-25.981258878085587&lng=28.118316841150104 HTTP/1.1" 200 16062
INFO 2025-08-30 12:59:35,179 autoreload 5114 8333493696 Watching for file changes with StatReloader
INFO 2025-08-30 12:59:45,702 basehttp 5114 6157070336 "OPTIONS /api/v1/product-requests/requests/by_auth_user/?auth_user_uid=7b186537-5f40-43fc-8545-09f04dcc7c84 HTTP/1.1" 200 0
INFO 2025-08-30 12:59:45,736 basehttp 5114 6157070336 "GET /api/v1/product-requests/requests/by_auth_user/?auth_user_uid=7b186537-5f40-43fc-8545-09f04dcc7c84 HTTP/1.1" 200 6445
INFO 2025-08-30 13:07:33,589 basehttp 5114 6157070336 "GET /api/v1/product-requests/requests/by_auth_user/?auth_user_uid=7b186537-5f40-43fc-8545-09f04dcc7c84 HTTP/1.1" 200 6445
INFO 2025-08-30 13:09:18,471 basehttp 5114 6157070336 "POST /api/v1/product-requests/requests/ HTTP/1.1" 201 1126
INFO 2025-08-30 13:09:35,168 basehttp 5114 6157070336 "GET /api/v1/product-requests/requests/by_auth_user/?auth_user_uid=7b186537-5f40-43fc-8545-09f04dcc7c84 HTTP/1.1" 200 7077
INFO 2025-08-30 13:10:11,116 basehttp 5114 6157070336 "GET /admin/ HTTP/1.1" 200 33369
INFO 2025-08-30 13:10:11,133 basehttp 5114 6157070336 "GET /static/admin/css/base.css HTTP/1.1" 304 0
INFO 2025-08-30 13:10:11,137 basehttp 5114 6157070336 "GET /static/admin/css/dark_mode.css HTTP/1.1" 304 0
INFO 2025-08-30 13:10:11,138 basehttp 5114 13035925504 "GET /static/admin/css/responsive.css HTTP/1.1" 304 0
INFO 2025-08-30 13:10:11,138 basehttp 5114 6173896704 "GET /static/admin/css/dashboard.css HTTP/1.1" 304 0
INFO 2025-08-30 13:10:11,139 basehttp 5114 13052751872 "GET /static/admin/css/nav_sidebar.css HTTP/1.1" 304 0
INFO 2025-08-30 13:10:11,139 basehttp 5114 13069578240 "GET /static/admin/js/theme.js HTTP/1.1" 304 0
INFO 2025-08-30 13:10:11,141 basehttp 5114 13069578240 "GET /static/admin/js/nav_sidebar.js HTTP/1.1" 304 0
INFO 2025-08-30 13:10:11,145 basehttp 5114 13069578240 "GET /static/admin/img/icon-addlink.svg HTTP/1.1" 304 0
INFO 2025-08-30 13:10:11,145 basehttp 5114 13052751872 "GET /static/admin/img/icon-changelink.svg HTTP/1.1" 304 0
WARNING 2025-08-30 13:10:11,174 log 5114 13052751872 Not Found: /favicon.ico
WARNING 2025-08-30 13:10:11,174 basehttp 5114 13052751872 "GET /favicon.ico HTTP/1.1" 404 4883
INFO 2025-08-30 13:11:26,574 basehttp 5114 13086404608 "OPTIONS /api/v1/product-requests/orders/ HTTP/1.1" 200 0
INFO 2025-08-30 13:11:26,607 basehttp 5114 13086404608 "GET /api/v1/product-requests/orders/ HTTP/1.1" 200 4724
INFO 2025-08-30 13:11:31,291 basehttp 5114 13086404608 "GET /api/v1/product-requests/orders/ HTTP/1.1" 200 4724
INFO 2025-08-30 13:11:44,457 basehttp 5114 13086404608 "GET /api/v1/product-requests/orders/ HTTP/1.1" 200 4724
INFO 2025-08-30 13:11:47,518 basehttp 5114 13086404608 "GET /api/v1/product-requests/orders/ HTTP/1.1" 200 4724
INFO 2025-08-30 13:13:14,667 basehttp 5114 13086404608 "OPTIONS /api/v1/product-requests/requests/by_seller/?auth_user_uid=c97f2da1-810c-4f86-98b4-18b722d5eecb&lat=-25.981582330917846&lng=28.118127131733115 HTTP/1.1" 200 0
INFO 2025-08-30 13:13:14,667 basehttp 5114 13103230976 "OPTIONS /api/v1/quotes/quotes/by_seller/?auth_user_uid=c97f2da1-810c-4f86-98b4-18b722d5eecb HTTP/1.1" 200 0
INFO 2025-08-30 13:13:14,719 basehttp 5114 13103230976 "GET /api/v1/quotes/quotes/by_seller/?auth_user_uid=c97f2da1-810c-4f86-98b4-18b722d5eecb HTTP/1.1" 200 3456
INFO 2025-08-30 13:13:14,766 basehttp 5114 13086404608 "GET /api/v1/product-requests/requests/by_seller/?auth_user_uid=c97f2da1-810c-4f86-98b4-18b722d5eecb&lat=-25.981582330917846&lng=28.118127131733115 HTTP/1.1" 200 16694
INFO 2025-08-30 13:14:33,934 basehttp 5114 13086404608 "OPTIONS /api/v1/quotes/quotes/ HTTP/1.1" 200 0
INFO 2025-08-30 13:14:34,063 basehttp 5114 13086404608 "POST /api/v1/quotes/quotes/ HTTP/1.1" 201 543
INFO 2025-08-30 13:14:34,131 basehttp 5114 13086404608 "GET /api/v1/product-requests/requests/by_seller/?auth_user_uid=c97f2da1-810c-4f86-98b4-18b722d5eecb&lat=-25.981582330917846&lng=28.118127131733115 HTTP/1.1" 200 17238
INFO 2025-08-30 13:14:34,160 basehttp 5114 13086404608 "GET /api/v1/quotes/quotes/by_seller/?auth_user_uid=c97f2da1-810c-4f86-98b4-18b722d5eecb HTTP/1.1" 200 4325
INFO 2025-08-30 13:15:18,333 basehttp 5114 13103230976 "GET /api/v1/quotes/quotes/by_seller/?auth_user_uid=c97f2da1-810c-4f86-98b4-18b722d5eecb HTTP/1.1" 200 4325
INFO 2025-08-30 13:15:18,365 basehttp 5114 13086404608 "GET /api/v1/product-requests/requests/by_seller/?auth_user_uid=c97f2da1-810c-4f86-98b4-18b722d5eecb&lat=-25.981582330917846&lng=28.118127131733115 HTTP/1.1" 200 17238
INFO 2025-08-30 13:15:42,184 basehttp 5114 13086404608 "OPTIONS /api/v1/product-requests/requests/by_auth_user/?auth_user_uid=7b186537-5f40-43fc-8545-09f04dcc7c84 HTTP/1.1" 200 0
INFO 2025-08-30 13:15:42,215 basehttp 5114 13086404608 "GET /api/v1/product-requests/requests/by_auth_user/?auth_user_uid=7b186537-5f40-43fc-8545-09f04dcc7c84 HTTP/1.1" 200 7621
INFO 2025-08-30 13:16:18,836 basehttp 5114 13086404608 "OPTIONS /api/v1/product-requests/requests/by_seller/?auth_user_uid=c97f2da1-810c-4f86-98b4-18b722d5eecb&lat=-25.981558001458467&lng=28.118090689739624 HTTP/1.1" 200 0
INFO 2025-08-30 13:16:18,895 basehttp 5114 13103230976 "GET /api/v1/quotes/quotes/by_seller/?auth_user_uid=c97f2da1-810c-4f86-98b4-18b722d5eecb HTTP/1.1" 200 4325
INFO 2025-08-30 13:16:18,935 basehttp 5114 13086404608 "GET /api/v1/product-requests/requests/by_seller/?auth_user_uid=c97f2da1-810c-4f86-98b4-18b722d5eecb&lat=-25.981558001458467&lng=28.118090689739624 HTTP/1.1" 200 17238
INFO 2025-08-30 13:16:19,490 basehttp 5114 13103230976 "GET /api/v1/quotes/quotes/by_seller/?auth_user_uid=c97f2da1-810c-4f86-98b4-18b722d5eecb HTTP/1.1" 200 4325
INFO 2025-08-30 13:16:19,516 basehttp 5114 13086404608 "GET /api/v1/product-requests/requests/by_seller/?auth_user_uid=c97f2da1-810c-4f86-98b4-18b722d5eecb&lat=-25.981558001458467&lng=28.118090689739624 HTTP/1.1" 200 17238
INFO 2025-08-30 13:23:48,746 basehttp 5114 6157070336 "OPTIONS /api/v1/product-requests/orders/ HTTP/1.1" 200 0
ERROR 2025-08-30 13:23:48,791 log 5114 6157070336 Internal Server Error: /api/v1/product-requests/orders/
ERROR 2025-08-30 13:23:48,791 basehttp 5114 6157070336 "POST /api/v1/product-requests/orders/ HTTP/1.1" 500 96
INFO 2025-08-30 13:24:41,171 basehttp 5114 6157070336 "GET /api/v1/product-requests/orders/ HTTP/1.1" 200 4724
ERROR 2025-08-30 13:25:13,834 log 5114 6157070336 Internal Server Error: /api/v1/product-requests/orders/
ERROR 2025-08-30 13:25:13,834 basehttp 5114 6157070336 "POST /api/v1/product-requests/orders/ HTTP/1.1" 500 96
INFO 2025-08-30 13:25:15,427 basehttp 5114 6157070336 "GET /api/v1/product-requests/orders/ HTTP/1.1" 200 4724
INFO 2025-08-30 13:33:45,525 basehttp 5114 6157070336 "OPTIONS /api/v1/product-requests/requests/by_auth_user/?auth_user_uid=685fd3f6-4d20-4fe0-acae-1e11b672dd59 HTTP/1.1" 200 0
INFO 2025-08-30 13:33:45,550 basehttp 5114 6157070336 "GET /api/v1/product-requests/requests/by_auth_user/?auth_user_uid=685fd3f6-4d20-4fe0-acae-1e11b672dd59 HTTP/1.1" 200 52
INFO 2025-08-30 13:34:12,081 basehttp 5114 6157070336 "GET /api/v1/product-requests/orders/ HTTP/1.1" 200 4724
INFO 2025-08-30 13:34:14,617 basehttp 5114 6157070336 "GET /api/v1/product-requests/orders/ HTTP/1.1" 200 4724
INFO 2025-08-30 13:34:23,528 basehttp 5114 6157070336 "OPTIONS /api/v1/product-requests/requests/by_seller/?auth_user_uid=c97f2da1-810c-4f86-98b4-18b722d5eecb&lat=-25.981460950093737&lng=28.118277305459493 HTTP/1.1" 200 0
INFO 2025-08-30 13:34:23,553 basehttp 5114 6173896704 "GET /api/v1/quotes/quotes/by_seller/?auth_user_uid=c97f2da1-810c-4f86-98b4-18b722d5eecb HTTP/1.1" 200 4325
INFO 2025-08-30 13:34:23,587 basehttp 5114 6157070336 "GET /api/v1/product-requests/requests/by_seller/?auth_user_uid=c97f2da1-810c-4f86-98b4-18b722d5eecb&lat=-25.981460950093737&lng=28.118277305459493 HTTP/1.1" 200 17238
INFO 2025-08-30 13:34:23,770 basehttp 5114 6173896704 "GET /api/v1/quotes/quotes/by_seller/?auth_user_uid=c97f2da1-810c-4f86-98b4-18b722d5eecb HTTP/1.1" 200 4325
INFO 2025-08-30 13:34:23,801 basehttp 5114 6157070336 "GET /api/v1/product-requests/requests/by_seller/?auth_user_uid=c97f2da1-810c-4f86-98b4-18b722d5eecb&lat=-25.981460950093737&lng=28.118277305459493 HTTP/1.1" 200 17238
WARNING 2025-08-30 13:36:34,453 log 5114 6157070336 Bad Request: /api/v1/product-requests/requests/
WARNING 2025-08-30 13:36:34,454 basehttp 5114 6157070336 "POST /api/v1/product-requests/requests/ HTTP/1.1" 400 177
WARNING 2025-08-30 13:37:09,131 log 5114 6157070336 Bad Request: /api/v1/product-requests/requests/
WARNING 2025-08-30 13:37:09,132 basehttp 5114 6157070336 "POST /api/v1/product-requests/requests/ HTTP/1.1" 400 177
INFO 2025-08-30 13:40:00,491 basehttp 5114 6157070336 "GET /api/v1/product-requests/requests/by_auth_user/?auth_user_uid=685fd3f6-4d20-4fe0-acae-1e11b672dd59 HTTP/1.1" 200 52
INFO 2025-08-30 14:14:33,013 basehttp 5114 6173896704 "GET /api/v1/quotes/quotes/by_seller/?auth_user_uid=c97f2da1-810c-4f86-98b4-18b722d5eecb HTTP/1.1" 200 4325
INFO 2025-08-30 14:14:33,065 basehttp 5114 6157070336 "GET /api/v1/product-requests/requests/by_seller/?auth_user_uid=c97f2da1-810c-4f86-98b4-18b722d5eecb&lat=-25.981460950093737&lng=28.118277305459493 HTTP/1.1" 200 17238
INFO 2025-08-30 14:31:33,731 basehttp 5114 6157070336 "GET /api/v1/product-requests/requests/by_auth_user/?auth_user_uid=685fd3f6-4d20-4fe0-acae-1e11b672dd59 HTTP/1.1" 200 52
INFO 2025-08-30 15:32:42,960 basehttp 5114 6157070336 "OPTIONS /contact/ HTTP/1.1" 200 0
WARNING 2025-08-30 15:32:42,980 log 5114 6157070336 Not Found: /contact/
WARNING 2025-08-30 15:32:42,980 basehttp 5114 6157070336 "POST /contact/ HTTP/1.1" 404 4875
WARNING 2025-08-30 15:32:52,664 log 5114 6157070336 Not Found: /contact/
WARNING 2025-08-30 15:32:52,665 basehttp 5114 6157070336 "POST /contact/ HTTP/1.1" 404 4875
WARNING 2025-08-30 15:34:44,753 log 5114 6157070336 Not Found: /contact/
WARNING 2025-08-30 15:34:44,754 basehttp 5114 6157070336 "POST /contact/ HTTP/1.1" 404 4875
WARNING 2025-08-30 15:36:04,445 log 5114 6157070336 Not Found: /contact/
WARNING 2025-08-30 15:36:04,446 basehttp 5114 6157070336 "POST /contact/ HTTP/1.1" 404 4875
INFO 2025-08-30 15:41:42,496 basehttp 5114 6157070336 "OPTIONS /api/v1/product-requests/requests/by_auth_user/?auth_user_uid=7b186537-5f40-43fc-8545-09f04dcc7c84 HTTP/1.1" 200 0
INFO 2025-08-30 15:41:42,569 basehttp 5114 6157070336 "GET /api/v1/product-requests/requests/by_auth_user/?auth_user_uid=7b186537-5f40-43fc-8545-09f04dcc7c84 HTTP/1.1" 200 7621
INFO 2025-08-30 15:42:30,053 basehttp 5114 6157070336 "GET /api/v1/product-requests/requests/by_auth_user/?auth_user_uid=7b186537-5f40-43fc-8545-09f04dcc7c84 HTTP/1.1" 200 7621
INFO 2025-08-30 15:42:42,147 basehttp 5114 6157070336 "OPTIONS /api/v1/product-requests/orders/ HTTP/1.1" 200 0
ERROR 2025-08-30 15:42:42,171 log 5114 6157070336 Internal Server Error: /api/v1/product-requests/orders/
ERROR 2025-08-30 15:42:42,171 basehttp 5114 6157070336 "POST /api/v1/product-requests/orders/ HTTP/1.1" 500 96
INFO 2025-08-30 15:45:24,170 autoreload 5114 8333493696 /Users/thulanimoyo/MEGA downloads/new downloads/BIDR_Backend/product_management_service/product_requests/views.py changed, reloading.
INFO 2025-08-30 15:45:24,763 autoreload 32193 8333493696 Watching for file changes with StatReloader
INFO 2025-08-30 15:45:32,254 autoreload 32193 8333493696 /Users/thulanimoyo/MEGA downloads/new downloads/BIDR_Backend/product_management_service/product_requests/views.py changed, reloading.
INFO 2025-08-30 15:45:32,617 autoreload 32225 8333493696 Watching for file changes with StatReloader
INFO 2025-08-30 15:45:45,286 autoreload 32225 8333493696 /Users/thulanimoyo/MEGA downloads/new downloads/BIDR_Backend/product_management_service/product_requests/serializers.py changed, reloading.
INFO 2025-08-30 15:45:45,686 autoreload 32263 8333493696 Watching for file changes with StatReloader
INFO 2025-08-30 15:52:54,802 autoreload 32263 8333493696 /Users/thulanimoyo/MEGA downloads/new downloads/BIDR_Backend/product_management_service/product_requests/models.py changed, reloading.
INFO 2025-08-30 15:52:55,265 autoreload 33262 8333493696 Watching for file changes with StatReloader
INFO 2025-08-30 15:53:16,280 autoreload 33262 8333493696 /Users/thulanimoyo/MEGA downloads/new downloads/BIDR_Backend/product_management_service/product_requests/models.py changed, reloading.
INFO 2025-08-30 15:53:16,608 autoreload 33323 8333493696 Watching for file changes with StatReloader
INFO 2025-08-30 16:06:51,384 autoreload 35694 8333493696 Watching for file changes with StatReloader
INFO 2025-08-30 16:18:19,136 autoreload 35694 8333493696 /Users/thulanimoyo/MEGA downloads/new downloads/BIDR_Backend/product_management_service/product_requests/admin.py changed, reloading.
INFO 2025-08-30 16:18:19,990 autoreload 37658 8333493696 Watching for file changes with StatReloader
INFO 2025-08-30 16:22:54,507 basehttp 38764 6115766272 "GET / HTTP/1.1" 200 1682
INFO 2025-08-30 16:23:06,017 basehttp 38764 6115766272 "GET /admin/ HTTP/1.1" 302 0
ERROR 2025-08-30 16:24:42,332 log 37658 6195736576 Internal Server Error: /api/v1/product-requests/requests/by_auth_user/
ERROR 2025-08-30 16:24:42,333 basehttp 37658 6195736576 "GET /api/v1/product-requests/requests/by_auth_user/?auth_user_uid=7b186537-5f40-43fc-8545-09f04dcc7c84 HTTP/1.1" 500 96
INFO 2025-08-30 16:26:05,000 autoreload 37658 8333493696 /Users/thulanimoyo/MEGA downloads/new downloads/BIDR_Backend/product_management_service/product_requests/views.py changed, reloading.
INFO 2025-08-30 16:26:05,411 autoreload 39536 8333493696 Watching for file changes with StatReloader
INFO 2025-08-30 16:26:45,191 autoreload 39536 8333493696 /Users/thulanimoyo/MEGA downloads/new downloads/BIDR_Backend/product_management_service/product_requests/views.py changed, reloading.
INFO 2025-08-30 16:26:45,586 autoreload 39643 8333493696 Watching for file changes with StatReloader
INFO 2025-08-30 16:27:08,677 autoreload 39643 8333493696 /Users/thulanimoyo/MEGA downloads/new downloads/BIDR_Backend/product_management_service/product_requests/views.py changed, reloading.
INFO 2025-08-30 16:27:09,082 autoreload 39728 8333493696 Watching for file changes with StatReloader
ERROR 2025-08-30 16:27:21,955 log 39728 6191542272 Internal Server Error: /api/v1/product-requests/requests/by_auth_user/
ERROR 2025-08-30 16:27:21,956 basehttp 39728 6191542272 "GET /api/v1/product-requests/requests/by_auth_user/?auth_user_uid=7b186537-5f40-43fc-8545-09f04dcc7c84 HTTP/1.1" 500 96
ERROR 2025-08-30 16:27:39,617 log 39916 6181531648 Internal Server Error: /api/v1/product-requests/requests/by_auth_user/
ERROR 2025-08-30 16:27:39,617 basehttp 39916 6181531648 "GET /api/v1/product-requests/requests/by_auth_user/?auth_user_uid=7b186537-5f40-43fc-8545-09f04dcc7c84 HTTP/1.1" 500 96
INFO 2025-08-30 16:29:51,044 autoreload 39728 8333493696 /Users/thulanimoyo/MEGA downloads/new downloads/BIDR_Backend/product_management_service/product_requests/models.py changed, reloading.
INFO 2025-08-30 16:29:51,507 autoreload 40464 8333493696 Watching for file changes with StatReloader
INFO 2025-08-30 16:30:40,042 autoreload 40464 8333493696 /Users/thulanimoyo/MEGA downloads/new downloads/BIDR_Backend/product_management_service/product_requests/models.py changed, reloading.
INFO 2025-08-30 16:30:40,439 autoreload 40624 8333493696 Watching for file changes with StatReloader
ERROR 2025-08-30 16:33:20,562 log 40624 6192492544 Internal Server Error: /api/v1/product-requests/requests/by_auth_user/
ERROR 2025-08-30 16:33:20,562 basehttp 40624 6192492544 "GET /api/v1/product-requests/requests/by_auth_user/?auth_user_uid=7b186537-5f40-43fc-8545-09f04dcc7c84 HTTP/1.1" 500 96
ERROR 2025-08-30 16:33:40,495 log 41506 6116143104 Internal Server Error: /api/v1/product-requests/requests/by_auth_user/
ERROR 2025-08-30 16:33:40,495 basehttp 41506 6116143104 "GET /api/v1/product-requests/requests/by_auth_user/?auth_user_uid=7b186537-5f40-43fc-8545-09f04dcc7c84 HTTP/1.1" 500 96
ERROR 2025-08-30 16:33:40,510 log 41506 6116143104 Internal Server Error: /api/v1/product-requests/requests/by_auth_user/
ERROR 2025-08-30 16:33:40,510 basehttp 41506 6116143104 "GET /api/v1/product-requests/requests/by_auth_user/?auth_user_uid=7b186537-5f40-43fc-8545-09f04dcc7c84 HTTP/1.1" 500 96
INFO 2025-08-30 16:35:02,273 autoreload 42145 8333493696 Watching for file changes with StatReloader
INFO 2025-08-30 16:35:10,865 basehttp 42145 6198439936 "GET /api/v1/product-requests/requests/by_auth_user/?auth_user_uid=7b186537-5f40-43fc-8545-09f04dcc7c84 HTTP/1.1" 200 7253
INFO 2025-08-30 16:35:11,087 basehttp 42145 6198439936 "GET /api/v1/product-requests/requests/by_auth_user/?auth_user_uid=7b186537-5f40-43fc-8545-09f04dcc7c84 HTTP/1.1" 200 7253
INFO 2025-08-30 16:35:13,126 basehttp 42145 6198439936 "GET /api/v1/product-requests/requests/by_auth_user/?auth_user_uid=7b186537-5f40-43fc-8545-09f04dcc7c84 HTTP/1.1" 200 7253
INFO 2025-08-30 16:49:54,863 basehttp 42145 6198439936 "OPTIONS /api/v1/product-requests/requests/by_auth_user/?auth_user_uid=7b186537-5f40-43fc-8545-09f04dcc7c84 HTTP/1.1" 200 0
INFO 2025-08-30 16:49:54,916 basehttp 42145 6198439936 "GET /api/v1/product-requests/requests/by_auth_user/?auth_user_uid=7b186537-5f40-43fc-8545-09f04dcc7c84 HTTP/1.1" 200 7253
INFO 2025-08-30 16:53:23,297 basehttp 42145 6198439936 "OPTIONS /api/v1/product-requests/orders/ HTTP/1.1" 200 0
WARNING 2025-08-30 16:53:23,320 log 42145 6198439936 Forbidden: /api/v1/product-requests/orders/
WARNING 2025-08-30 16:53:23,320 basehttp 42145 6198439936 "POST /api/v1/product-requests/orders/ HTTP/1.1" 403 174
INFO 2025-08-30 17:01:05,561 basehttp 42145 6198439936 "GET /api/v1/product-requests/requests/by_auth_user/?auth_user_uid=7b186537-5f40-43fc-8545-09f04dcc7c84 HTTP/1.1" 200 7253
ERROR 2025-08-30 17:17:23,729 log 42145 6198439936 Internal Server Error: /api/v1/product-requests/orders/
ERROR 2025-08-30 17:17:23,730 basehttp 42145 6198439936 "GET /api/v1/product-requests/orders/ HTTP/1.1" 500 96
ERROR 2025-08-30 17:17:32,412 log 42145 6198439936 Internal Server Error: /api/v1/product-requests/orders/
ERROR 2025-08-30 17:17:32,412 basehttp 42145 6198439936 "GET /api/v1/product-requests/orders/ HTTP/1.1" 500 96
ERROR 2025-08-30 17:17:41,266 log 42145 6198439936 Internal Server Error: /api/v1/product-requests/orders/
ERROR 2025-08-30 17:17:41,267 basehttp 42145 6198439936 "GET /api/v1/product-requests/orders/ HTTP/1.1" 500 96
ERROR 2025-08-30 17:17:44,983 log 42145 6198439936 Internal Server Error: /api/v1/product-requests/orders/
ERROR 2025-08-30 17:17:44,984 basehttp 42145 6198439936 "GET /api/v1/product-requests/orders/ HTTP/1.1" 500 96
ERROR 2025-08-30 17:17:52,634 log 42145 6198439936 Internal Server Error: /api/v1/product-requests/orders/
ERROR 2025-08-30 17:17:52,635 basehttp 42145 6198439936 "GET /api/v1/product-requests/orders/ HTTP/1.1" 500 96
INFO 2025-08-30 17:19:42,056 basehttp 42145 6198439936 "GET /admin/app_logs/apirequestlog/ HTTP/1.1" 302 0
INFO 2025-08-30 17:19:42,080 basehttp 42145 6198439936 "GET /admin/login/?next=/admin/app_logs/apirequestlog/ HTTP/1.1" 200 4219
INFO 2025-08-30 17:19:42,096 basehttp 42145 6198439936 "GET /static/admin/css/base.css HTTP/1.1" 304 0
INFO 2025-08-30 17:19:42,098 basehttp 42145 6198439936 "GET /static/admin/css/dark_mode.css HTTP/1.1" 304 0
INFO 2025-08-30 17:19:42,099 basehttp 42145 6215266304 "GET /static/admin/js/theme.js HTTP/1.1" 304 0
INFO 2025-08-30 17:19:42,100 basehttp 42145 6232092672 "GET /static/admin/css/nav_sidebar.css HTTP/1.1" 304 0
INFO 2025-08-30 17:19:42,102 basehttp 42145 6265745408 "GET /static/admin/css/responsive.css HTTP/1.1" 304 0
INFO 2025-08-30 17:19:42,102 basehttp 42145 6248919040 "GET /static/admin/css/login.css HTTP/1.1" 304 0
INFO 2025-08-30 17:19:42,105 basehttp 42145 6265745408 "GET /static/admin/js/nav_sidebar.js HTTP/1.1" 304 0
INFO 2025-08-30 17:19:46,146 basehttp 42145 6265745408 "POST /admin/login/?next=/admin/app_logs/apirequestlog/ HTTP/1.1" 302 0
INFO 2025-08-30 17:19:46,196 basehttp 42145 6265745408 "GET /admin/app_logs/apirequestlog/ HTTP/1.1" 200 113269
INFO 2025-08-30 17:19:46,223 basehttp 42145 6248919040 "GET /static/admin/css/changelists.css HTTP/1.1" 304 0
INFO 2025-08-30 17:19:46,224 basehttp 42145 6198439936 "GET /static/admin/js/core.js HTTP/1.1" 304 0
INFO 2025-08-30 17:19:46,224 basehttp 42145 6215266304 "GET /static/admin/js/jquery.init.js HTTP/1.1" 304 0
INFO 2025-08-30 17:19:46,224 basehttp 42145 6232092672 "GET /static/admin/js/vendor/jquery/jquery.js HTTP/1.1" 304 0
INFO 2025-08-30 17:19:46,225 basehttp 42145 6282571776 "GET /static/admin/js/urlify.js HTTP/1.1" 304 0
INFO 2025-08-30 17:19:46,226 basehttp 42145 6248919040 "GET /static/admin/js/prepopulate.js HTTP/1.1" 304 0
INFO 2025-08-30 17:19:46,227 basehttp 42145 6198439936 "GET /static/admin/js/actions.js HTTP/1.1" 304 0
INFO 2025-08-30 17:19:46,227 basehttp 42145 6232092672 "GET /static/admin/js/admin/RelatedObjectLookups.js HTTP/1.1" 304 0
INFO 2025-08-30 17:19:46,227 basehttp 42145 6215266304 "GET /static/admin/js/vendor/xregexp/xregexp.js HTTP/1.1" 304 0
INFO 2025-08-30 17:19:46,228 basehttp 42145 6198439936 "GET /static/admin/img/search.svg HTTP/1.1" 304 0
INFO 2025-08-30 17:19:46,232 basehttp 42145 6265745408 "GET /admin/jsi18n/ HTTP/1.1" 200 3342
INFO 2025-08-30 17:19:46,232 basehttp 42145 6248919040 "GET /static/admin/img/icon-no.svg HTTP/1.1" 200 560
INFO 2025-08-30 17:19:46,234 basehttp 42145 6248919040 "GET /static/admin/js/filters.js HTTP/1.1" 304 0
INFO 2025-08-30 17:19:46,234 basehttp 42145 6248919040 "GET /static/admin/img/icon-yes.svg HTTP/1.1" 304 0
INFO 2025-08-30 17:19:46,245 basehttp 42145 6248919040 "GET /static/admin/img/icon-addlink.svg HTTP/1.1" 304 0
INFO 2025-08-30 17:19:46,246 basehttp 42145 6198439936 "GET /static/admin/img/sorting-icons.svg HTTP/1.1" 304 0
INFO 2025-08-30 17:19:46,246 basehttp 42145 6265745408 "GET /static/admin/img/tooltag-add.svg HTTP/1.1" 304 0
INFO 2025-08-30 17:19:46,247 basehttp 42145 6215266304 "GET /static/admin/img/icon-viewlink.svg HTTP/1.1" 304 0
INFO 2025-08-30 17:19:50,708 basehttp 42145 6215266304 "GET /admin/app_logs/applicationlog/ HTTP/1.1" 200 100001
INFO 2025-08-30 17:19:50,717 basehttp 42145 6215266304 "GET /admin/jsi18n/ HTTP/1.1" 200 3342
INFO 2025-08-30 17:19:56,165 basehttp 42145 6215266304 "GET /admin/app_logs/categorylog/ HTTP/1.1" 200 28069
INFO 2025-08-30 17:19:56,178 basehttp 42145 6215266304 "GET /admin/jsi18n/ HTTP/1.1" 200 3342
INFO 2025-08-30 17:19:57,957 basehttp 42145 6215266304 "GET /admin/app_logs/performancelog/ HTTP/1.1" 200 42307
INFO 2025-08-30 17:19:57,967 basehttp 42145 6215266304 "GET /admin/jsi18n/ HTTP/1.1" 200 3342
INFO 2025-08-30 17:19:58,961 basehttp 42145 6215266304 "GET /admin/app_logs/productrequestlog/ HTTP/1.1" 200 28464
INFO 2025-08-30 17:19:58,971 basehttp 42145 6215266304 "GET /admin/jsi18n/ HTTP/1.1" 200 3342
INFO 2025-08-30 17:20:00,246 basehttp 42145 6215266304 "GET /admin/analytics/inventoryanalytics/ HTTP/1.1" 200 35561
INFO 2025-08-30 17:20:00,259 basehttp 42145 6215266304 "GET /admin/jsi18n/ HTTP/1.1" 200 3342
INFO 2025-08-30 17:20:01,928 basehttp 42145 6215266304 "GET /admin/analytics/categoryanalytics/ HTTP/1.1" 200 57165
INFO 2025-08-30 17:20:01,939 basehttp 42145 6215266304 "GET /admin/jsi18n/ HTTP/1.1" 200 3342
INFO 2025-08-30 17:20:02,744 basehttp 42145 6215266304 "GET /admin/analytics/analyticsreport/ HTTP/1.1" 200 29993
INFO 2025-08-30 17:20:02,756 basehttp 42145 6215266304 "GET /admin/jsi18n/ HTTP/1.1" 200 3342
INFO 2025-08-30 17:20:03,763 basehttp 42145 6215266304 "GET /admin/analytics/salesanalytics/ HTTP/1.1" 200 35603
INFO 2025-08-30 17:20:03,774 basehttp 42145 6215266304 "GET /admin/jsi18n/ HTTP/1.1" 200 3342
INFO 2025-08-30 17:20:05,760 basehttp 42145 6215266304 "GET /admin/analytics/searchanalytics/ HTTP/1.1" 200 57690
INFO 2025-08-30 17:20:05,769 basehttp 42145 6215266304 "GET /admin/jsi18n/ HTTP/1.1" 200 3342
INFO 2025-08-30 17:20:06,429 basehttp 42145 6215266304 "GET /admin/analytics/userbehavioranalytics/ HTTP/1.1" 200 35758
INFO 2025-08-30 17:20:06,439 basehttp 42145 6215266304 "GET /admin/jsi18n/ HTTP/1.1" 200 3342
ERROR 2025-08-30 17:20:09,600 log 42145 6215266304 Internal Server Error: /admin/product_requests/order/
Traceback (most recent call last):
  File "/Users/thulanimoyo/MEGA downloads/new downloads/BIDR_Backend/product_management_service/.venv/lib/python3.12/site-packages/django/core/handlers/exception.py", line 55, in inner
    response = get_response(request)
               ^^^^^^^^^^^^^^^^^^^^^
  File "/Users/thulanimoyo/MEGA downloads/new downloads/BIDR_Backend/product_management_service/.venv/lib/python3.12/site-packages/django/core/handlers/base.py", line 197, in _get_response
    response = wrapped_callback(request, *callback_args, **callback_kwargs)
               ^^^^^^^^^^^^^^^^^^^^^^^^^^^^^^^^^^^^^^^^^^^^^^^^^^^^^^^^^^^^
  File "/Users/thulanimoyo/MEGA downloads/new downloads/BIDR_Backend/product_management_service/.venv/lib/python3.12/site-packages/django/contrib/admin/options.py", line 719, in wrapper
    return self.admin_site.admin_view(view)(*args, **kwargs)
           ^^^^^^^^^^^^^^^^^^^^^^^^^^^^^^^^^^^^^^^^^^^^^^^^^
  File "/Users/thulanimoyo/MEGA downloads/new downloads/BIDR_Backend/product_management_service/.venv/lib/python3.12/site-packages/django/utils/decorators.py", line 192, in _view_wrapper
    result = _process_exception(request, e)
             ^^^^^^^^^^^^^^^^^^^^^^^^^^^^^^
  File "/Users/thulanimoyo/MEGA downloads/new downloads/BIDR_Backend/product_management_service/.venv/lib/python3.12/site-packages/django/utils/decorators.py", line 190, in _view_wrapper
    response = view_func(request, *args, **kwargs)
               ^^^^^^^^^^^^^^^^^^^^^^^^^^^^^^^^^^^
  File "/Users/thulanimoyo/MEGA downloads/new downloads/BIDR_Backend/product_management_service/.venv/lib/python3.12/site-packages/django/views/decorators/cache.py", line 80, in _view_wrapper
    response = view_func(request, *args, **kwargs)
               ^^^^^^^^^^^^^^^^^^^^^^^^^^^^^^^^^^^
  File "/Users/thulanimoyo/MEGA downloads/new downloads/BIDR_Backend/product_management_service/.venv/lib/python3.12/site-packages/django/contrib/admin/sites.py", line 246, in inner
    return view(request, *args, **kwargs)
           ^^^^^^^^^^^^^^^^^^^^^^^^^^^^^^
  File "/Users/thulanimoyo/MEGA downloads/new downloads/BIDR_Backend/product_management_service/.venv/lib/python3.12/site-packages/django/utils/decorators.py", line 48, in _wrapper
    return bound_method(*args, **kwargs)
           ^^^^^^^^^^^^^^^^^^^^^^^^^^^^^
  File "/Users/thulanimoyo/MEGA downloads/new downloads/BIDR_Backend/product_management_service/.venv/lib/python3.12/site-packages/django/utils/decorators.py", line 192, in _view_wrapper
    result = _process_exception(request, e)
             ^^^^^^^^^^^^^^^^^^^^^^^^^^^^^^
  File "/Users/thulanimoyo/MEGA downloads/new downloads/BIDR_Backend/product_management_service/.venv/lib/python3.12/site-packages/django/utils/decorators.py", line 190, in _view_wrapper
    response = view_func(request, *args, **kwargs)
               ^^^^^^^^^^^^^^^^^^^^^^^^^^^^^^^^^^^
  File "/Users/thulanimoyo/MEGA downloads/new downloads/BIDR_Backend/product_management_service/.venv/lib/python3.12/site-packages/django/contrib/admin/options.py", line 2163, in changelist_view
    "selection_note": _("0 of %(cnt)s selected") % {"cnt": len(cl.result_list)},
                                                           ^^^^^^^^^^^^^^^^^^^
  File "/Users/thulanimoyo/MEGA downloads/new downloads/BIDR_Backend/product_management_service/.venv/lib/python3.12/site-packages/django/db/models/query.py", line 366, in __len__
    self._fetch_all()
  File "/Users/thulanimoyo/MEGA downloads/new downloads/BIDR_Backend/product_management_service/.venv/lib/python3.12/site-packages/django/db/models/query.py", line 1949, in _fetch_all
    self._result_cache = list(self._iterable_class(self))
                         ^^^^^^^^^^^^^^^^^^^^^^^^^^^^^^^^
  File "/Users/thulanimoyo/MEGA downloads/new downloads/BIDR_Backend/product_management_service/.venv/lib/python3.12/site-packages/django/db/models/query.py", line 123, in __iter__
    for row in compiler.results_iter(results):
               ^^^^^^^^^^^^^^^^^^^^^^^^^^^^^^
  File "/Users/thulanimoyo/MEGA downloads/new downloads/BIDR_Backend/product_management_service/.venv/lib/python3.12/site-packages/django/db/models/sql/compiler.py", line 1541, in apply_converters
    value = converter(value, expression, connection)
            ^^^^^^^^^^^^^^^^^^^^^^^^^^^^^^^^^^^^^^^^
  File "/Users/thulanimoyo/MEGA downloads/new downloads/BIDR_Backend/product_management_service/.venv/lib/python3.12/site-packages/django/db/backends/sqlite3/operations.py", line 360, in convert_uuidfield_value
    value = uuid.UUID(value)
            ^^^^^^^^^^^^^^^^
  File "/Library/Frameworks/Python.framework/Versions/3.12/lib/python3.12/uuid.py", line 178, in __init__
    raise ValueError('badly formed hexadecimal UUID string')
ValueError: badly formed hexadecimal UUID string
ERROR 2025-08-30 17:20:09,602 basehttp 42145 6215266304 "GET /admin/product_requests/order/ HTTP/1.1" 500 177130
INFO 2025-08-30 17:20:38,891 basehttp 42145 6215266304 "GET /admin/analytics/userbehavioranalytics/ HTTP/1.1" 200 35758
INFO 2025-08-30 17:20:44,847 basehttp 42145 6215266304 "GET /admin/analytics/userbehavioranalytics/ HTTP/1.1" 200 35758
INFO 2025-08-30 17:20:53,408 basehttp 42145 6215266304 "GET /admin/product_requests/requestspecification/ HTTP/1.1" 200 27960
INFO 2025-08-30 17:20:53,421 basehttp 42145 6215266304 "GET /admin/jsi18n/ HTTP/1.1" 200 3342
INFO 2025-08-30 17:20:57,808 basehttp 42145 6215266304 "GET /admin/product_requests/vehiclespares/ HTTP/1.1" 200 47273
INFO 2025-08-30 17:20:57,819 basehttp 42145 6215266304 "GET /admin/jsi18n/ HTTP/1.1" 200 3342
ERROR 2025-08-30 17:21:00,761 log 42145 6215266304 Internal Server Error: /admin/categories/category/
Traceback (most recent call last):
  File "/Users/thulanimoyo/MEGA downloads/new downloads/BIDR_Backend/product_management_service/.venv/lib/python3.12/site-packages/django/core/handlers/exception.py", line 55, in inner
    response = get_response(request)
               ^^^^^^^^^^^^^^^^^^^^^
  File "/Users/thulanimoyo/MEGA downloads/new downloads/BIDR_Backend/product_management_service/.venv/lib/python3.12/site-packages/django/core/handlers/base.py", line 197, in _get_response
    response = wrapped_callback(request, *callback_args, **callback_kwargs)
               ^^^^^^^^^^^^^^^^^^^^^^^^^^^^^^^^^^^^^^^^^^^^^^^^^^^^^^^^^^^^
  File "/Users/thulanimoyo/MEGA downloads/new downloads/BIDR_Backend/product_management_service/.venv/lib/python3.12/site-packages/django/contrib/admin/options.py", line 719, in wrapper
    return self.admin_site.admin_view(view)(*args, **kwargs)
           ^^^^^^^^^^^^^^^^^^^^^^^^^^^^^^^^^^^^^^^^^^^^^^^^^
  File "/Users/thulanimoyo/MEGA downloads/new downloads/BIDR_Backend/product_management_service/.venv/lib/python3.12/site-packages/django/utils/decorators.py", line 192, in _view_wrapper
    result = _process_exception(request, e)
             ^^^^^^^^^^^^^^^^^^^^^^^^^^^^^^
  File "/Users/thulanimoyo/MEGA downloads/new downloads/BIDR_Backend/product_management_service/.venv/lib/python3.12/site-packages/django/utils/decorators.py", line 190, in _view_wrapper
    response = view_func(request, *args, **kwargs)
               ^^^^^^^^^^^^^^^^^^^^^^^^^^^^^^^^^^^
  File "/Users/thulanimoyo/MEGA downloads/new downloads/BIDR_Backend/product_management_service/.venv/lib/python3.12/site-packages/django/views/decorators/cache.py", line 80, in _view_wrapper
    response = view_func(request, *args, **kwargs)
               ^^^^^^^^^^^^^^^^^^^^^^^^^^^^^^^^^^^
  File "/Users/thulanimoyo/MEGA downloads/new downloads/BIDR_Backend/product_management_service/.venv/lib/python3.12/site-packages/django/contrib/admin/sites.py", line 246, in inner
    return view(request, *args, **kwargs)
           ^^^^^^^^^^^^^^^^^^^^^^^^^^^^^^
  File "/Users/thulanimoyo/MEGA downloads/new downloads/BIDR_Backend/product_management_service/.venv/lib/python3.12/site-packages/django/utils/decorators.py", line 48, in _wrapper
    return bound_method(*args, **kwargs)
           ^^^^^^^^^^^^^^^^^^^^^^^^^^^^^
  File "/Users/thulanimoyo/MEGA downloads/new downloads/BIDR_Backend/product_management_service/.venv/lib/python3.12/site-packages/django/utils/decorators.py", line 192, in _view_wrapper
    result = _process_exception(request, e)
             ^^^^^^^^^^^^^^^^^^^^^^^^^^^^^^
  File "/Users/thulanimoyo/MEGA downloads/new downloads/BIDR_Backend/product_management_service/.venv/lib/python3.12/site-packages/django/utils/decorators.py", line 190, in _view_wrapper
    response = view_func(request, *args, **kwargs)
               ^^^^^^^^^^^^^^^^^^^^^^^^^^^^^^^^^^^
  File "/Users/thulanimoyo/MEGA downloads/new downloads/BIDR_Backend/product_management_service/.venv/lib/python3.12/site-packages/django/contrib/admin/options.py", line 2163, in changelist_view
    "selection_note": _("0 of %(cnt)s selected") % {"cnt": len(cl.result_list)},
                                                           ^^^^^^^^^^^^^^^^^^^
  File "/Users/thulanimoyo/MEGA downloads/new downloads/BIDR_Backend/product_management_service/.venv/lib/python3.12/site-packages/django/db/models/query.py", line 366, in __len__
    self._fetch_all()
  File "/Users/thulanimoyo/MEGA downloads/new downloads/BIDR_Backend/product_management_service/.venv/lib/python3.12/site-packages/django/db/models/query.py", line 1951, in _fetch_all
    self._prefetch_related_objects()
  File "/Users/thulanimoyo/MEGA downloads/new downloads/BIDR_Backend/product_management_service/.venv/lib/python3.12/site-packages/django/db/models/query.py", line 1328, in _prefetch_related_objects
    prefetch_related_objects(self._result_cache, *self._prefetch_related_lookups)
  File "/Users/thulanimoyo/MEGA downloads/new downloads/BIDR_Backend/product_management_service/.venv/lib/python3.12/site-packages/django/db/models/query.py", line 2372, in prefetch_related_objects
    raise AttributeError(
AttributeError: Cannot find 'products' on Category object, 'products' is an invalid parameter to prefetch_related()
ERROR 2025-08-30 17:21:00,764 basehttp 42145 6215266304 "GET /admin/categories/category/ HTTP/1.1" 500 144565
INFO 2025-08-30 17:21:35,110 basehttp 42145 6299398144 "GET /admin/product_requests/order/ HTTP/1.1" 302 0
INFO 2025-08-30 17:21:35,121 basehttp 42145 6299398144 "GET /admin/product_requests/order/ HTTP/1.1" 302 0
ERROR 2025-08-30 17:25:11,404 log 42145 6215266304 Internal Server Error: /admin/categories/category/
Traceback (most recent call last):
  File "/Users/thulanimoyo/MEGA downloads/new downloads/BIDR_Backend/product_management_service/.venv/lib/python3.12/site-packages/django/core/handlers/exception.py", line 55, in inner
    response = get_response(request)
               ^^^^^^^^^^^^^^^^^^^^^
  File "/Users/thulanimoyo/MEGA downloads/new downloads/BIDR_Backend/product_management_service/.venv/lib/python3.12/site-packages/django/core/handlers/base.py", line 197, in _get_response
    response = wrapped_callback(request, *callback_args, **callback_kwargs)
               ^^^^^^^^^^^^^^^^^^^^^^^^^^^^^^^^^^^^^^^^^^^^^^^^^^^^^^^^^^^^
  File "/Users/thulanimoyo/MEGA downloads/new downloads/BIDR_Backend/product_management_service/.venv/lib/python3.12/site-packages/django/contrib/admin/options.py", line 719, in wrapper
    return self.admin_site.admin_view(view)(*args, **kwargs)
           ^^^^^^^^^^^^^^^^^^^^^^^^^^^^^^^^^^^^^^^^^^^^^^^^^
  File "/Users/thulanimoyo/MEGA downloads/new downloads/BIDR_Backend/product_management_service/.venv/lib/python3.12/site-packages/django/utils/decorators.py", line 192, in _view_wrapper
    result = _process_exception(request, e)
             ^^^^^^^^^^^^^^^^^^^^^^^^^^^^^^
  File "/Users/thulanimoyo/MEGA downloads/new downloads/BIDR_Backend/product_management_service/.venv/lib/python3.12/site-packages/django/utils/decorators.py", line 190, in _view_wrapper
    response = view_func(request, *args, **kwargs)
               ^^^^^^^^^^^^^^^^^^^^^^^^^^^^^^^^^^^
  File "/Users/thulanimoyo/MEGA downloads/new downloads/BIDR_Backend/product_management_service/.venv/lib/python3.12/site-packages/django/views/decorators/cache.py", line 80, in _view_wrapper
    response = view_func(request, *args, **kwargs)
               ^^^^^^^^^^^^^^^^^^^^^^^^^^^^^^^^^^^
  File "/Users/thulanimoyo/MEGA downloads/new downloads/BIDR_Backend/product_management_service/.venv/lib/python3.12/site-packages/django/contrib/admin/sites.py", line 246, in inner
    return view(request, *args, **kwargs)
           ^^^^^^^^^^^^^^^^^^^^^^^^^^^^^^
  File "/Users/thulanimoyo/MEGA downloads/new downloads/BIDR_Backend/product_management_service/.venv/lib/python3.12/site-packages/django/utils/decorators.py", line 48, in _wrapper
    return bound_method(*args, **kwargs)
           ^^^^^^^^^^^^^^^^^^^^^^^^^^^^^
  File "/Users/thulanimoyo/MEGA downloads/new downloads/BIDR_Backend/product_management_service/.venv/lib/python3.12/site-packages/django/utils/decorators.py", line 192, in _view_wrapper
    result = _process_exception(request, e)
             ^^^^^^^^^^^^^^^^^^^^^^^^^^^^^^
  File "/Users/thulanimoyo/MEGA downloads/new downloads/BIDR_Backend/product_management_service/.venv/lib/python3.12/site-packages/django/utils/decorators.py", line 190, in _view_wrapper
    response = view_func(request, *args, **kwargs)
               ^^^^^^^^^^^^^^^^^^^^^^^^^^^^^^^^^^^
  File "/Users/thulanimoyo/MEGA downloads/new downloads/BIDR_Backend/product_management_service/.venv/lib/python3.12/site-packages/django/contrib/admin/options.py", line 2163, in changelist_view
    "selection_note": _("0 of %(cnt)s selected") % {"cnt": len(cl.result_list)},
                                                           ^^^^^^^^^^^^^^^^^^^
  File "/Users/thulanimoyo/MEGA downloads/new downloads/BIDR_Backend/product_management_service/.venv/lib/python3.12/site-packages/django/db/models/query.py", line 366, in __len__
    self._fetch_all()
  File "/Users/thulanimoyo/MEGA downloads/new downloads/BIDR_Backend/product_management_service/.venv/lib/python3.12/site-packages/django/db/models/query.py", line 1951, in _fetch_all
    self._prefetch_related_objects()
  File "/Users/thulanimoyo/MEGA downloads/new downloads/BIDR_Backend/product_management_service/.venv/lib/python3.12/site-packages/django/db/models/query.py", line 1328, in _prefetch_related_objects
    prefetch_related_objects(self._result_cache, *self._prefetch_related_lookups)
  File "/Users/thulanimoyo/MEGA downloads/new downloads/BIDR_Backend/product_management_service/.venv/lib/python3.12/site-packages/django/db/models/query.py", line 2372, in prefetch_related_objects
    raise AttributeError(
AttributeError: Cannot find 'products' on Category object, 'products' is an invalid parameter to prefetch_related()
ERROR 2025-08-30 17:25:11,405 basehttp 42145 6215266304 "GET /admin/categories/category/ HTTP/1.1" 500 144702
ERROR 2025-08-30 17:25:12,217 log 42145 6215266304 Internal Server Error: /admin/categories/category/
Traceback (most recent call last):
  File "/Users/thulanimoyo/MEGA downloads/new downloads/BIDR_Backend/product_management_service/.venv/lib/python3.12/site-packages/django/core/handlers/exception.py", line 55, in inner
    response = get_response(request)
               ^^^^^^^^^^^^^^^^^^^^^
  File "/Users/thulanimoyo/MEGA downloads/new downloads/BIDR_Backend/product_management_service/.venv/lib/python3.12/site-packages/django/core/handlers/base.py", line 197, in _get_response
    response = wrapped_callback(request, *callback_args, **callback_kwargs)
               ^^^^^^^^^^^^^^^^^^^^^^^^^^^^^^^^^^^^^^^^^^^^^^^^^^^^^^^^^^^^
  File "/Users/thulanimoyo/MEGA downloads/new downloads/BIDR_Backend/product_management_service/.venv/lib/python3.12/site-packages/django/contrib/admin/options.py", line 719, in wrapper
    return self.admin_site.admin_view(view)(*args, **kwargs)
           ^^^^^^^^^^^^^^^^^^^^^^^^^^^^^^^^^^^^^^^^^^^^^^^^^
  File "/Users/thulanimoyo/MEGA downloads/new downloads/BIDR_Backend/product_management_service/.venv/lib/python3.12/site-packages/django/utils/decorators.py", line 192, in _view_wrapper
    result = _process_exception(request, e)
             ^^^^^^^^^^^^^^^^^^^^^^^^^^^^^^
  File "/Users/thulanimoyo/MEGA downloads/new downloads/BIDR_Backend/product_management_service/.venv/lib/python3.12/site-packages/django/utils/decorators.py", line 190, in _view_wrapper
    response = view_func(request, *args, **kwargs)
               ^^^^^^^^^^^^^^^^^^^^^^^^^^^^^^^^^^^
  File "/Users/thulanimoyo/MEGA downloads/new downloads/BIDR_Backend/product_management_service/.venv/lib/python3.12/site-packages/django/views/decorators/cache.py", line 80, in _view_wrapper
    response = view_func(request, *args, **kwargs)
               ^^^^^^^^^^^^^^^^^^^^^^^^^^^^^^^^^^^
  File "/Users/thulanimoyo/MEGA downloads/new downloads/BIDR_Backend/product_management_service/.venv/lib/python3.12/site-packages/django/contrib/admin/sites.py", line 246, in inner
    return view(request, *args, **kwargs)
           ^^^^^^^^^^^^^^^^^^^^^^^^^^^^^^
  File "/Users/thulanimoyo/MEGA downloads/new downloads/BIDR_Backend/product_management_service/.venv/lib/python3.12/site-packages/django/utils/decorators.py", line 48, in _wrapper
    return bound_method(*args, **kwargs)
           ^^^^^^^^^^^^^^^^^^^^^^^^^^^^^
  File "/Users/thulanimoyo/MEGA downloads/new downloads/BIDR_Backend/product_management_service/.venv/lib/python3.12/site-packages/django/utils/decorators.py", line 192, in _view_wrapper
    result = _process_exception(request, e)
             ^^^^^^^^^^^^^^^^^^^^^^^^^^^^^^
  File "/Users/thulanimoyo/MEGA downloads/new downloads/BIDR_Backend/product_management_service/.venv/lib/python3.12/site-packages/django/utils/decorators.py", line 190, in _view_wrapper
    response = view_func(request, *args, **kwargs)
               ^^^^^^^^^^^^^^^^^^^^^^^^^^^^^^^^^^^
  File "/Users/thulanimoyo/MEGA downloads/new downloads/BIDR_Backend/product_management_service/.venv/lib/python3.12/site-packages/django/contrib/admin/options.py", line 2163, in changelist_view
    "selection_note": _("0 of %(cnt)s selected") % {"cnt": len(cl.result_list)},
                                                           ^^^^^^^^^^^^^^^^^^^
  File "/Users/thulanimoyo/MEGA downloads/new downloads/BIDR_Backend/product_management_service/.venv/lib/python3.12/site-packages/django/db/models/query.py", line 366, in __len__
    self._fetch_all()
  File "/Users/thulanimoyo/MEGA downloads/new downloads/BIDR_Backend/product_management_service/.venv/lib/python3.12/site-packages/django/db/models/query.py", line 1951, in _fetch_all
    self._prefetch_related_objects()
  File "/Users/thulanimoyo/MEGA downloads/new downloads/BIDR_Backend/product_management_service/.venv/lib/python3.12/site-packages/django/db/models/query.py", line 1328, in _prefetch_related_objects
    prefetch_related_objects(self._result_cache, *self._prefetch_related_lookups)
  File "/Users/thulanimoyo/MEGA downloads/new downloads/BIDR_Backend/product_management_service/.venv/lib/python3.12/site-packages/django/db/models/query.py", line 2372, in prefetch_related_objects
    raise AttributeError(
AttributeError: Cannot find 'products' on Category object, 'products' is an invalid parameter to prefetch_related()
ERROR 2025-08-30 17:25:12,218 basehttp 42145 6215266304 "GET /admin/categories/category/ HTTP/1.1" 500 144702
ERROR 2025-08-30 17:25:12,792 log 42145 6215266304 Internal Server Error: /admin/categories/category/
Traceback (most recent call last):
  File "/Users/thulanimoyo/MEGA downloads/new downloads/BIDR_Backend/product_management_service/.venv/lib/python3.12/site-packages/django/core/handlers/exception.py", line 55, in inner
    response = get_response(request)
               ^^^^^^^^^^^^^^^^^^^^^
  File "/Users/thulanimoyo/MEGA downloads/new downloads/BIDR_Backend/product_management_service/.venv/lib/python3.12/site-packages/django/core/handlers/base.py", line 197, in _get_response
    response = wrapped_callback(request, *callback_args, **callback_kwargs)
               ^^^^^^^^^^^^^^^^^^^^^^^^^^^^^^^^^^^^^^^^^^^^^^^^^^^^^^^^^^^^
  File "/Users/thulanimoyo/MEGA downloads/new downloads/BIDR_Backend/product_management_service/.venv/lib/python3.12/site-packages/django/contrib/admin/options.py", line 719, in wrapper
    return self.admin_site.admin_view(view)(*args, **kwargs)
           ^^^^^^^^^^^^^^^^^^^^^^^^^^^^^^^^^^^^^^^^^^^^^^^^^
  File "/Users/thulanimoyo/MEGA downloads/new downloads/BIDR_Backend/product_management_service/.venv/lib/python3.12/site-packages/django/utils/decorators.py", line 192, in _view_wrapper
    result = _process_exception(request, e)
             ^^^^^^^^^^^^^^^^^^^^^^^^^^^^^^
  File "/Users/thulanimoyo/MEGA downloads/new downloads/BIDR_Backend/product_management_service/.venv/lib/python3.12/site-packages/django/utils/decorators.py", line 190, in _view_wrapper
    response = view_func(request, *args, **kwargs)
               ^^^^^^^^^^^^^^^^^^^^^^^^^^^^^^^^^^^
  File "/Users/thulanimoyo/MEGA downloads/new downloads/BIDR_Backend/product_management_service/.venv/lib/python3.12/site-packages/django/views/decorators/cache.py", line 80, in _view_wrapper
    response = view_func(request, *args, **kwargs)
               ^^^^^^^^^^^^^^^^^^^^^^^^^^^^^^^^^^^
  File "/Users/thulanimoyo/MEGA downloads/new downloads/BIDR_Backend/product_management_service/.venv/lib/python3.12/site-packages/django/contrib/admin/sites.py", line 246, in inner
    return view(request, *args, **kwargs)
           ^^^^^^^^^^^^^^^^^^^^^^^^^^^^^^
  File "/Users/thulanimoyo/MEGA downloads/new downloads/BIDR_Backend/product_management_service/.venv/lib/python3.12/site-packages/django/utils/decorators.py", line 48, in _wrapper
    return bound_method(*args, **kwargs)
           ^^^^^^^^^^^^^^^^^^^^^^^^^^^^^
  File "/Users/thulanimoyo/MEGA downloads/new downloads/BIDR_Backend/product_management_service/.venv/lib/python3.12/site-packages/django/utils/decorators.py", line 192, in _view_wrapper
    result = _process_exception(request, e)
             ^^^^^^^^^^^^^^^^^^^^^^^^^^^^^^
  File "/Users/thulanimoyo/MEGA downloads/new downloads/BIDR_Backend/product_management_service/.venv/lib/python3.12/site-packages/django/utils/decorators.py", line 190, in _view_wrapper
    response = view_func(request, *args, **kwargs)
               ^^^^^^^^^^^^^^^^^^^^^^^^^^^^^^^^^^^
  File "/Users/thulanimoyo/MEGA downloads/new downloads/BIDR_Backend/product_management_service/.venv/lib/python3.12/site-packages/django/contrib/admin/options.py", line 2163, in changelist_view
    "selection_note": _("0 of %(cnt)s selected") % {"cnt": len(cl.result_list)},
                                                           ^^^^^^^^^^^^^^^^^^^
  File "/Users/thulanimoyo/MEGA downloads/new downloads/BIDR_Backend/product_management_service/.venv/lib/python3.12/site-packages/django/db/models/query.py", line 366, in __len__
    self._fetch_all()
  File "/Users/thulanimoyo/MEGA downloads/new downloads/BIDR_Backend/product_management_service/.venv/lib/python3.12/site-packages/django/db/models/query.py", line 1951, in _fetch_all
    self._prefetch_related_objects()
  File "/Users/thulanimoyo/MEGA downloads/new downloads/BIDR_Backend/product_management_service/.venv/lib/python3.12/site-packages/django/db/models/query.py", line 1328, in _prefetch_related_objects
    prefetch_related_objects(self._result_cache, *self._prefetch_related_lookups)
  File "/Users/thulanimoyo/MEGA downloads/new downloads/BIDR_Backend/product_management_service/.venv/lib/python3.12/site-packages/django/db/models/query.py", line 2372, in prefetch_related_objects
    raise AttributeError(
AttributeError: Cannot find 'products' on Category object, 'products' is an invalid parameter to prefetch_related()
ERROR 2025-08-30 17:25:12,793 basehttp 42145 6215266304 "GET /admin/categories/category/ HTTP/1.1" 500 144702
ERROR 2025-08-30 17:25:13,349 log 42145 6215266304 Internal Server Error: /admin/categories/category/
Traceback (most recent call last):
  File "/Users/thulanimoyo/MEGA downloads/new downloads/BIDR_Backend/product_management_service/.venv/lib/python3.12/site-packages/django/core/handlers/exception.py", line 55, in inner
    response = get_response(request)
               ^^^^^^^^^^^^^^^^^^^^^
  File "/Users/thulanimoyo/MEGA downloads/new downloads/BIDR_Backend/product_management_service/.venv/lib/python3.12/site-packages/django/core/handlers/base.py", line 197, in _get_response
    response = wrapped_callback(request, *callback_args, **callback_kwargs)
               ^^^^^^^^^^^^^^^^^^^^^^^^^^^^^^^^^^^^^^^^^^^^^^^^^^^^^^^^^^^^
  File "/Users/thulanimoyo/MEGA downloads/new downloads/BIDR_Backend/product_management_service/.venv/lib/python3.12/site-packages/django/contrib/admin/options.py", line 719, in wrapper
    return self.admin_site.admin_view(view)(*args, **kwargs)
           ^^^^^^^^^^^^^^^^^^^^^^^^^^^^^^^^^^^^^^^^^^^^^^^^^
  File "/Users/thulanimoyo/MEGA downloads/new downloads/BIDR_Backend/product_management_service/.venv/lib/python3.12/site-packages/django/utils/decorators.py", line 192, in _view_wrapper
    result = _process_exception(request, e)
             ^^^^^^^^^^^^^^^^^^^^^^^^^^^^^^
  File "/Users/thulanimoyo/MEGA downloads/new downloads/BIDR_Backend/product_management_service/.venv/lib/python3.12/site-packages/django/utils/decorators.py", line 190, in _view_wrapper
    response = view_func(request, *args, **kwargs)
               ^^^^^^^^^^^^^^^^^^^^^^^^^^^^^^^^^^^
  File "/Users/thulanimoyo/MEGA downloads/new downloads/BIDR_Backend/product_management_service/.venv/lib/python3.12/site-packages/django/views/decorators/cache.py", line 80, in _view_wrapper
    response = view_func(request, *args, **kwargs)
               ^^^^^^^^^^^^^^^^^^^^^^^^^^^^^^^^^^^
  File "/Users/thulanimoyo/MEGA downloads/new downloads/BIDR_Backend/product_management_service/.venv/lib/python3.12/site-packages/django/contrib/admin/sites.py", line 246, in inner
    return view(request, *args, **kwargs)
           ^^^^^^^^^^^^^^^^^^^^^^^^^^^^^^
  File "/Users/thulanimoyo/MEGA downloads/new downloads/BIDR_Backend/product_management_service/.venv/lib/python3.12/site-packages/django/utils/decorators.py", line 48, in _wrapper
    return bound_method(*args, **kwargs)
           ^^^^^^^^^^^^^^^^^^^^^^^^^^^^^
  File "/Users/thulanimoyo/MEGA downloads/new downloads/BIDR_Backend/product_management_service/.venv/lib/python3.12/site-packages/django/utils/decorators.py", line 192, in _view_wrapper
    result = _process_exception(request, e)
             ^^^^^^^^^^^^^^^^^^^^^^^^^^^^^^
  File "/Users/thulanimoyo/MEGA downloads/new downloads/BIDR_Backend/product_management_service/.venv/lib/python3.12/site-packages/django/utils/decorators.py", line 190, in _view_wrapper
    response = view_func(request, *args, **kwargs)
               ^^^^^^^^^^^^^^^^^^^^^^^^^^^^^^^^^^^
  File "/Users/thulanimoyo/MEGA downloads/new downloads/BIDR_Backend/product_management_service/.venv/lib/python3.12/site-packages/django/contrib/admin/options.py", line 2163, in changelist_view
    "selection_note": _("0 of %(cnt)s selected") % {"cnt": len(cl.result_list)},
                                                           ^^^^^^^^^^^^^^^^^^^
  File "/Users/thulanimoyo/MEGA downloads/new downloads/BIDR_Backend/product_management_service/.venv/lib/python3.12/site-packages/django/db/models/query.py", line 366, in __len__
    self._fetch_all()
  File "/Users/thulanimoyo/MEGA downloads/new downloads/BIDR_Backend/product_management_service/.venv/lib/python3.12/site-packages/django/db/models/query.py", line 1951, in _fetch_all
    self._prefetch_related_objects()
  File "/Users/thulanimoyo/MEGA downloads/new downloads/BIDR_Backend/product_management_service/.venv/lib/python3.12/site-packages/django/db/models/query.py", line 1328, in _prefetch_related_objects
    prefetch_related_objects(self._result_cache, *self._prefetch_related_lookups)
  File "/Users/thulanimoyo/MEGA downloads/new downloads/BIDR_Backend/product_management_service/.venv/lib/python3.12/site-packages/django/db/models/query.py", line 2372, in prefetch_related_objects
    raise AttributeError(
AttributeError: Cannot find 'products' on Category object, 'products' is an invalid parameter to prefetch_related()
ERROR 2025-08-30 17:25:13,350 basehttp 42145 6215266304 "GET /admin/categories/category/ HTTP/1.1" 500 144702
ERROR 2025-08-30 17:25:17,729 log 42145 6215266304 Internal Server Error: /admin/categories/category/
Traceback (most recent call last):
  File "/Users/thulanimoyo/MEGA downloads/new downloads/BIDR_Backend/product_management_service/.venv/lib/python3.12/site-packages/django/core/handlers/exception.py", line 55, in inner
    response = get_response(request)
               ^^^^^^^^^^^^^^^^^^^^^
  File "/Users/thulanimoyo/MEGA downloads/new downloads/BIDR_Backend/product_management_service/.venv/lib/python3.12/site-packages/django/core/handlers/base.py", line 197, in _get_response
    response = wrapped_callback(request, *callback_args, **callback_kwargs)
               ^^^^^^^^^^^^^^^^^^^^^^^^^^^^^^^^^^^^^^^^^^^^^^^^^^^^^^^^^^^^
  File "/Users/thulanimoyo/MEGA downloads/new downloads/BIDR_Backend/product_management_service/.venv/lib/python3.12/site-packages/django/contrib/admin/options.py", line 719, in wrapper
    return self.admin_site.admin_view(view)(*args, **kwargs)
           ^^^^^^^^^^^^^^^^^^^^^^^^^^^^^^^^^^^^^^^^^^^^^^^^^
  File "/Users/thulanimoyo/MEGA downloads/new downloads/BIDR_Backend/product_management_service/.venv/lib/python3.12/site-packages/django/utils/decorators.py", line 192, in _view_wrapper
    result = _process_exception(request, e)
             ^^^^^^^^^^^^^^^^^^^^^^^^^^^^^^
  File "/Users/thulanimoyo/MEGA downloads/new downloads/BIDR_Backend/product_management_service/.venv/lib/python3.12/site-packages/django/utils/decorators.py", line 190, in _view_wrapper
    response = view_func(request, *args, **kwargs)
               ^^^^^^^^^^^^^^^^^^^^^^^^^^^^^^^^^^^
  File "/Users/thulanimoyo/MEGA downloads/new downloads/BIDR_Backend/product_management_service/.venv/lib/python3.12/site-packages/django/views/decorators/cache.py", line 80, in _view_wrapper
    response = view_func(request, *args, **kwargs)
               ^^^^^^^^^^^^^^^^^^^^^^^^^^^^^^^^^^^
  File "/Users/thulanimoyo/MEGA downloads/new downloads/BIDR_Backend/product_management_service/.venv/lib/python3.12/site-packages/django/contrib/admin/sites.py", line 246, in inner
    return view(request, *args, **kwargs)
           ^^^^^^^^^^^^^^^^^^^^^^^^^^^^^^
  File "/Users/thulanimoyo/MEGA downloads/new downloads/BIDR_Backend/product_management_service/.venv/lib/python3.12/site-packages/django/utils/decorators.py", line 48, in _wrapper
    return bound_method(*args, **kwargs)
           ^^^^^^^^^^^^^^^^^^^^^^^^^^^^^
  File "/Users/thulanimoyo/MEGA downloads/new downloads/BIDR_Backend/product_management_service/.venv/lib/python3.12/site-packages/django/utils/decorators.py", line 192, in _view_wrapper
    result = _process_exception(request, e)
             ^^^^^^^^^^^^^^^^^^^^^^^^^^^^^^
  File "/Users/thulanimoyo/MEGA downloads/new downloads/BIDR_Backend/product_management_service/.venv/lib/python3.12/site-packages/django/utils/decorators.py", line 190, in _view_wrapper
    response = view_func(request, *args, **kwargs)
               ^^^^^^^^^^^^^^^^^^^^^^^^^^^^^^^^^^^
  File "/Users/thulanimoyo/MEGA downloads/new downloads/BIDR_Backend/product_management_service/.venv/lib/python3.12/site-packages/django/contrib/admin/options.py", line 2163, in changelist_view
    "selection_note": _("0 of %(cnt)s selected") % {"cnt": len(cl.result_list)},
                                                           ^^^^^^^^^^^^^^^^^^^
  File "/Users/thulanimoyo/MEGA downloads/new downloads/BIDR_Backend/product_management_service/.venv/lib/python3.12/site-packages/django/db/models/query.py", line 366, in __len__
    self._fetch_all()
  File "/Users/thulanimoyo/MEGA downloads/new downloads/BIDR_Backend/product_management_service/.venv/lib/python3.12/site-packages/django/db/models/query.py", line 1951, in _fetch_all
    self._prefetch_related_objects()
  File "/Users/thulanimoyo/MEGA downloads/new downloads/BIDR_Backend/product_management_service/.venv/lib/python3.12/site-packages/django/db/models/query.py", line 1328, in _prefetch_related_objects
    prefetch_related_objects(self._result_cache, *self._prefetch_related_lookups)
  File "/Users/thulanimoyo/MEGA downloads/new downloads/BIDR_Backend/product_management_service/.venv/lib/python3.12/site-packages/django/db/models/query.py", line 2372, in prefetch_related_objects
    raise AttributeError(
AttributeError: Cannot find 'products' on Category object, 'products' is an invalid parameter to prefetch_related()
ERROR 2025-08-30 17:25:17,730 basehttp 42145 6215266304 "GET /admin/categories/category/ HTTP/1.1" 500 144702
INFO 2025-08-30 17:25:18,140 autoreload 42145 8333493696 /Users/thulanimoyo/MEGA downloads/new downloads/BIDR_Backend/product_management_service/categories/admin.py changed, reloading.
INFO 2025-08-30 17:25:18,801 autoreload 50566 8333493696 Watching for file changes with StatReloader
INFO 2025-08-30 17:25:19,238 basehttp 50566 6194589696 "GET /admin/categories/category/ HTTP/1.1" 200 35022
INFO 2025-08-30 17:25:19,257 basehttp 50566 6194589696 "GET /admin/jsi18n/ HTTP/1.1" 200 3342
INFO 2025-08-30 17:25:28,704 basehttp 50566 6228242432 "GET /admin/categories/category/ HTTP/1.1" 302 0
INFO 2025-08-30 17:25:28,723 basehttp 50566 6228242432 "GET /admin/categories/category/ HTTP/1.1" 302 0
INFO 2025-08-30 17:25:48,517 basehttp 50566 6194589696 "GET /admin/app_logs/errorlog/ HTTP/1.1" 200 28531
INFO 2025-08-30 17:25:48,531 basehttp 50566 6194589696 "GET /admin/jsi18n/ HTTP/1.1" 200 3342
INFO 2025-08-30 17:25:49,688 basehttp 50566 6194589696 "GET /admin/app_logs/performancelog/ HTTP/1.1" 200 42307
INFO 2025-08-30 17:25:49,699 basehttp 50566 6194589696 "GET /admin/jsi18n/ HTTP/1.1" 200 3342
INFO 2025-08-30 17:25:50,879 basehttp 50566 6194589696 "GET /admin/app_logs/productrequestlog/ HTTP/1.1" 200 28464
INFO 2025-08-30 17:25:50,889 basehttp 50566 6194589696 "GET /admin/jsi18n/ HTTP/1.1" 200 3342
INFO 2025-08-30 17:25:53,303 basehttp 50566 6194589696 "GET /admin/product_requests/consumerelectronics/ HTTP/1.1" 200 43548
INFO 2025-08-30 17:25:53,315 basehttp 50566 6194589696 "GET /admin/jsi18n/ HTTP/1.1" 200 3342
INFO 2025-08-30 17:25:56,063 basehttp 50566 6194589696 "GET /admin/quotes/quoteitem/ HTTP/1.1" 200 27568
INFO 2025-08-30 17:25:56,074 basehttp 50566 6194589696 "GET /admin/jsi18n/ HTTP/1.1" 200 3342
INFO 2025-08-30 17:25:59,379 basehttp 50566 6194589696 "GET /admin/token_blacklist/blacklistedtoken/ HTTP/1.1" 200 26797
INFO 2025-08-30 17:25:59,391 basehttp 50566 6194589696 "GET /admin/jsi18n/ HTTP/1.1" 200 3342
INFO 2025-08-30 17:26:08,841 basehttp 50899 6139392000 "GET /api/v1/product-requests/requests/by_auth_user/?auth_user_uid=7b186537-5f40-43fc-8545-09f04dcc7c84 HTTP/1.1" 200 7253
INFO 2025-08-30 17:26:08,919 basehttp 50899 6139392000 "GET /admin/categories/category/ HTTP/1.1" 302 0
INFO 2025-08-30 17:26:08,929 basehttp 50899 6139392000 "GET /admin/product_requests/order/ HTTP/1.1" 302 0
INFO 2025-08-30 17:27:55,589 basehttp 50566 6228242432 "GET /api/v1/product-requests/requests/by_auth_user/?auth_user_uid=7b186537-5f40-43fc-8545-09f04dcc7c84 HTTP/1.1" 200 7253
WARNING 2025-08-30 17:28:09,927 log 50566 6228242432 Forbidden: /api/v1/product-requests/orders/
WARNING 2025-08-30 17:28:09,927 basehttp 50566 6228242432 "POST /api/v1/product-requests/orders/ HTTP/1.1" 403 174
INFO 2025-08-30 18:10:01,154 basehttp 50566 6194589696 "OPTIONS /api/v1/product-requests/requests/by_auth_user/?auth_user_uid=7b186537-5f40-43fc-8545-09f04dcc7c84 HTTP/1.1" 200 0
INFO 2025-08-30 18:10:01,234 basehttp 50566 6194589696 "GET /api/v1/product-requests/requests/by_auth_user/?auth_user_uid=7b186537-5f40-43fc-8545-09f04dcc7c84 HTTP/1.1" 200 7253
INFO 2025-08-30 18:16:14,827 basehttp 50566 6194589696 "GET /api/v1/product-requests/requests/by_auth_user/?auth_user_uid=7b186537-5f40-43fc-8545-09f04dcc7c84 HTTP/1.1" 200 7253
INFO 2025-08-30 18:28:09,880 basehttp 50566 6194589696 "GET /api/v1/product-requests/requests/by_auth_user/?auth_user_uid=7b186537-5f40-43fc-8545-09f04dcc7c84 HTTP/1.1" 200 7253
INFO 2025-08-30 18:31:53,885 basehttp 50566 6194589696 "GET /api/v1/product-requests/requests/by_auth_user/?auth_user_uid=7b186537-5f40-43fc-8545-09f04dcc7c84 HTTP/1.1" 200 7253
INFO 2025-08-30 18:34:25,854 basehttp 50566 6194589696 "GET /api/v1/product-requests/requests/by_auth_user/?auth_user_uid=7b186537-5f40-43fc-8545-09f04dcc7c84 HTTP/1.1" 200 7253
INFO 2025-08-30 18:36:17,799 basehttp 50566 6194589696 "GET /api/v1/product-requests/requests/by_auth_user/?auth_user_uid=7b186537-5f40-43fc-8545-09f04dcc7c84 HTTP/1.1" 200 7253
INFO 2025-08-30 18:41:28,848 basehttp 50566 6194589696 "GET /api/v1/product-requests/requests/by_auth_user/?auth_user_uid=7b186537-5f40-43fc-8545-09f04dcc7c84 HTTP/1.1" 200 7253
INFO 2025-08-30 18:42:25,211 basehttp 50566 6194589696 "GET /api/v1/product-requests/requests/by_auth_user/?auth_user_uid=7b186537-5f40-43fc-8545-09f04dcc7c84 HTTP/1.1" 200 7253
INFO 2025-08-30 18:47:02,241 basehttp 50566 6194589696 "OPTIONS /api/v1/product-requests/requests/by_auth_user/?auth_user_uid=7b186537-5f40-43fc-8545-09f04dcc7c84 HTTP/1.1" 200 0
INFO 2025-08-30 18:47:02,287 basehttp 50566 6194589696 "GET /api/v1/product-requests/requests/by_auth_user/?auth_user_uid=7b186537-5f40-43fc-8545-09f04dcc7c84 HTTP/1.1" 200 7253
INFO 2025-08-30 18:58:08,205 basehttp 50566 6194589696 "GET /api/v1/product-requests/requests/by_auth_user/?auth_user_uid=7b186537-5f40-43fc-8545-09f04dcc7c84 HTTP/1.1" 200 7253
INFO 2025-08-30 19:03:35,541 basehttp 50566 6194589696 "GET /api/v1/product-requests/requests/by_auth_user/?auth_user_uid=7b186537-5f40-43fc-8545-09f04dcc7c84 HTTP/1.1" 200 7253
INFO 2025-08-30 19:03:44,432 basehttp 50566 6194589696 "GET /api/v1/product-requests/requests/by_auth_user/?auth_user_uid=7b186537-5f40-43fc-8545-09f04dcc7c84 HTTP/1.1" 200 7253
INFO 2025-08-30 19:04:37,104 basehttp 50566 6194589696 "GET /api/v1/product-requests/requests/by_auth_user/?auth_user_uid=7b186537-5f40-43fc-8545-09f04dcc7c84 HTTP/1.1" 200 7253
INFO 2025-08-30 19:12:59,944 basehttp 50566 6194589696 "GET /api/v1/product-requests/requests/by_auth_user/?auth_user_uid=7b186537-5f40-43fc-8545-09f04dcc7c84 HTTP/1.1" 200 7253
INFO 2025-08-30 19:13:16,772 basehttp 50566 6194589696 "OPTIONS /api/v1/product-requests/orders/ HTTP/1.1" 200 0
INFO 2025-08-30 19:13:16,798 basehttp 50566 6194589696 "GET /api/v1/product-requests/orders/ HTTP/1.1" 200 3779
WARNING 2025-08-30 19:27:07,940 log 50566 6194589696 Forbidden: /api/v1/product-requests/orders/
WARNING 2025-08-30 19:27:07,941 basehttp 50566 6194589696 "POST /api/v1/product-requests/orders/ HTTP/1.1" 403 174
INFO 2025-08-31 04:31:32,939 basehttp 50566 6194589696 "OPTIONS /api/v1/product-requests/requests/by_auth_user/?auth_user_uid=7b186537-5f40-43fc-8545-09f04dcc7c84 HTTP/1.1" 200 0
INFO 2025-08-31 04:31:33,128 basehttp 50566 6194589696 "GET /api/v1/product-requests/requests/by_auth_user/?auth_user_uid=7b186537-5f40-43fc-8545-09f04dcc7c84 HTTP/1.1" 200 7252
INFO 2025-08-31 04:32:21,804 basehttp 50566 6194589696 "OPTIONS /api/v1/product-requests/orders/ HTTP/1.1" 200 0
INFO 2025-08-31 04:32:21,837 basehttp 50566 6194589696 "GET /api/v1/product-requests/orders/ HTTP/1.1" 200 3779
INFO 2025-08-31 04:36:00,456 basehttp 50566 6194589696 "GET /api/v1/product-requests/requests/by_auth_user/?auth_user_uid=7b186537-5f40-43fc-8545-09f04dcc7c84 HTTP/1.1" 200 7252
INFO 2025-08-31 04:36:59,769 basehttp 50566 6194589696 "GET /api/v1/product-requests/requests/by_auth_user/?auth_user_uid=7b186537-5f40-43fc-8545-09f04dcc7c84 HTTP/1.1" 200 7252
WARNING 2025-08-31 04:37:11,670 log 50566 6194589696 Forbidden: /api/v1/product-requests/orders/
WARNING 2025-08-31 04:37:11,671 basehttp 50566 6194589696 "POST /api/v1/product-requests/orders/ HTTP/1.1" 403 174
INFO 2025-08-31 04:37:30,284 basehttp 50566 6194589696 "GET /api/v1/product-requests/requests/by_auth_user/?auth_user_uid=7b186537-5f40-43fc-8545-09f04dcc7c84 HTTP/1.1" 200 7252
WARNING 2025-08-31 04:37:37,451 log 50566 6194589696 Forbidden: /api/v1/product-requests/orders/
WARNING 2025-08-31 04:37:37,451 basehttp 50566 6194589696 "POST /api/v1/product-requests/orders/ HTTP/1.1" 403 174
INFO 2025-08-31 04:39:03,969 basehttp 50566 6194589696 "GET /api/v1/product-requests/requests/by_auth_user/?auth_user_uid=7b186537-5f40-43fc-8545-09f04dcc7c84 HTTP/1.1" 200 7252
INFO 2025-08-31 04:39:38,339 basehttp 50566 6194589696 "OPTIONS /api/v1/product-requests/orders/ HTTP/1.1" 200 0
WARNING 2025-08-31 04:39:38,358 log 50566 6194589696 Forbidden: /api/v1/product-requests/orders/
WARNING 2025-08-31 04:39:38,359 basehttp 50566 6194589696 "POST /api/v1/product-requests/orders/ HTTP/1.1" 403 174
INFO 2025-08-31 04:40:30,296 basehttp 50566 6194589696 "GET /api/v1/product-requests/requests/by_auth_user/?auth_user_uid=7b186537-5f40-43fc-8545-09f04dcc7c84 HTTP/1.1" 200 7252
WARNING 2025-08-31 04:40:38,324 log 50566 6194589696 Forbidden: /api/v1/product-requests/orders/
WARNING 2025-08-31 04:40:38,324 basehttp 50566 6194589696 "POST /api/v1/product-requests/orders/ HTTP/1.1" 403 174
INFO 2025-08-31 04:42:15,534 autoreload 50566 8333493696 /Users/thulanimoyo/MEGA downloads/new downloads/BIDR_Backend/product_management_service/product_requests/views.py changed, reloading.
INFO 2025-08-31 04:42:16,211 autoreload 41350 8333493696 Watching for file changes with StatReloader
INFO 2025-08-31 04:43:41,175 autoreload 41719 8333493696 Watching for file changes with StatReloader
WARNING 2025-08-31 04:44:03,915 log 41719 6135803904 Bad Request: /api/v1/product-requests/orders/
WARNING 2025-08-31 04:44:03,915 basehttp 41719 6135803904 "POST /api/v1/product-requests/orders/ HTTP/1.1" 400 135
WARNING 2025-08-31 04:44:13,213 log 41719 6135803904 Bad Request: /api/v1/product-requests/orders/
WARNING 2025-08-31 04:44:13,214 basehttp 41719 6135803904 "POST /api/v1/product-requests/orders/ HTTP/1.1" 400 135
INFO 2025-08-31 04:44:53,053 autoreload 41893 8333493696 Watching for file changes with StatReloader
WARNING 2025-08-31 04:45:12,617 log 41893 13170143232 Bad Request: /api/v1/product-requests/orders/
WARNING 2025-08-31 04:45:12,617 basehttp 41893 13170143232 "POST /api/v1/product-requests/orders/ HTTP/1.1" 400 135
INFO 2025-08-31 04:48:01,922 autoreload 41893 8333493696 /Users/thulanimoyo/MEGA downloads/new downloads/BIDR_Backend/product_management_service/product_requests/serializers.py changed, reloading.
INFO 2025-08-31 04:48:02,901 autoreload 42317 8333493696 Watching for file changes with StatReloader
WARNING 2025-08-31 04:48:09,676 log 42317 12969013248 Bad Request: /api/v1/product-requests/orders/
WARNING 2025-08-31 04:48:09,676 basehttp 42317 12969013248 "POST /api/v1/product-requests/orders/ HTTP/1.1" 400 125
INFO 2025-08-31 04:49:43,328 autoreload 42317 8333493696 /Users/thulanimoyo/MEGA downloads/new downloads/BIDR_Backend/product_management_service/product_requests/serializers.py changed, reloading.
INFO 2025-08-31 04:49:44,318 autoreload 42552 8333493696 Watching for file changes with StatReloader
WARNING 2025-08-31 04:49:49,991 log 42552 12901707776 Bad Request: /api/v1/product-requests/orders/
WARNING 2025-08-31 04:49:49,992 basehttp 42552 12901707776 "POST /api/v1/product-requests/orders/ HTTP/1.1" 400 148
INFO 2025-08-31 04:50:58,261 autoreload 42552 8333493696 /Users/thulanimoyo/MEGA downloads/new downloads/BIDR_Backend/product_management_service/product_requests/serializers.py changed, reloading.
INFO 2025-08-31 04:50:59,309 autoreload 42721 8333493696 Watching for file changes with StatReloader
INFO 2025-08-31 04:52:52,529 basehttp 42721 6259126272 "GET /api/v1/product-requests/requests/by_auth_user/?auth_user_uid=7b186537-5f40-43fc-8545-09f04dcc7c84 HTTP/1.1" 200 7252
INFO 2025-08-31 04:53:29,784 autoreload 42721 8333493696 /Users/thulanimoyo/MEGA downloads/new downloads/BIDR_Backend/product_management_service/product_requests/serializers.py changed, reloading.
INFO 2025-08-31 04:53:31,144 autoreload 43058 8333493696 Watching for file changes with StatReloader
INFO 2025-08-31 04:53:54,745 basehttp 43058 6243643392 "GET /api/v1/product-requests/requests/by_auth_user/?auth_user_uid=7b186537-5f40-43fc-8545-09f04dcc7c84 HTTP/1.1" 200 7252
ERROR 2025-08-31 04:54:15,383 log 43058 6243643392 Internal Server Error: /api/v1/product-requests/orders/
ERROR 2025-08-31 04:54:15,385 basehttp 43058 6243643392 "POST /api/v1/product-requests/orders/ HTTP/1.1" 500 96
INFO 2025-08-31 04:56:20,853 autoreload 43058 8333493696 /Users/thulanimoyo/MEGA downloads/new downloads/BIDR_Backend/product_management_service/product_requests/serializers.py changed, reloading.
INFO 2025-08-31 04:56:22,189 autoreload 43455 8333493696 Watching for file changes with StatReloader
INFO 2025-08-31 04:57:07,422 autoreload 43455 8333493696 /Users/thulanimoyo/MEGA downloads/new downloads/BIDR_Backend/product_management_service/product_requests/serializers.py changed, reloading.
INFO 2025-08-31 04:57:08,725 autoreload 43564 8333493696 Watching for file changes with StatReloader
ERROR 2025-08-31 04:57:16,721 log 43564 13035925504 Internal Server Error: /api/v1/product-requests/orders/
ERROR 2025-08-31 04:57:16,721 basehttp 43564 13035925504 "POST /api/v1/product-requests/orders/ HTTP/1.1" 500 96
INFO 2025-08-31 04:58:39,585 basehttp 43564 13035925504 "GET /api/v1/product-requests/requests/by_auth_user/?auth_user_uid=7b186537-5f40-43fc-8545-09f04dcc7c84 HTTP/1.1" 200 7252
ERROR 2025-08-31 04:58:48,576 log 43564 13035925504 Internal Server Error: /api/v1/product-requests/orders/
ERROR 2025-08-31 04:58:48,576 basehttp 43564 13035925504 "POST /api/v1/product-requests/orders/ HTTP/1.1" 500 96
ERROR 2025-08-31 05:00:57,403 log 43564 13035925504 Internal Server Error: /api/v1/product-requests/orders/
ERROR 2025-08-31 05:00:57,403 basehttp 43564 13035925504 "POST /api/v1/product-requests/orders/ HTTP/1.1" 500 96
ERROR 2025-08-31 05:01:17,432 log 43564 13035925504 Internal Server Error: /api/v1/product-requests/orders/
ERROR 2025-08-31 05:01:17,433 basehttp 43564 13035925504 "POST /api/v1/product-requests/orders/ HTTP/1.1" 500 96
ERROR 2025-08-31 05:01:29,714 log 43564 13035925504 Internal Server Error: /api/v1/product-requests/orders/
ERROR 2025-08-31 05:01:29,714 basehttp 43564 13035925504 "POST /api/v1/product-requests/orders/ HTTP/1.1" 500 96
INFO 2025-08-31 05:02:01,174 basehttp 43564 13035925504 "GET /api/v1/product-requests/requests/by_auth_user/?auth_user_uid=7b186537-5f40-43fc-8545-09f04dcc7c84 HTTP/1.1" 200 7252
ERROR 2025-08-31 05:02:11,620 log 43564 13035925504 Internal Server Error: /api/v1/product-requests/orders/
ERROR 2025-08-31 05:02:11,621 basehttp 43564 13035925504 "POST /api/v1/product-requests/orders/ HTTP/1.1" 500 96
INFO 2025-08-31 05:03:06,257 basehttp 43564 13035925504 "GET /admin/token_blacklist/blacklistedtoken/ HTTP/1.1" 200 26797
INFO 2025-08-31 05:03:13,280 basehttp 43564 13035925504 "GET /admin/quotes/quote/ HTTP/1.1" 200 70153
INFO 2025-08-31 05:03:13,311 basehttp 43564 13069578240 "GET /static/admin/css/dark_mode.css HTTP/1.1" 304 0
INFO 2025-08-31 05:03:13,313 basehttp 43564 13035925504 "GET /static/admin/css/base.css HTTP/1.1" 304 0
INFO 2025-08-31 05:03:13,314 basehttp 43564 13086404608 "GET /static/admin/js/theme.js HTTP/1.1" 304 0
INFO 2025-08-31 05:03:13,314 basehttp 43564 13103230976 "GET /static/admin/css/nav_sidebar.css HTTP/1.1" 304 0
INFO 2025-08-31 05:03:13,315 basehttp 43564 13120057344 "GET /static/admin/css/changelists.css HTTP/1.1" 304 0
INFO 2025-08-31 05:03:13,318 basehttp 43564 13069578240 "GET /static/admin/css/responsive.css HTTP/1.1" 304 0
INFO 2025-08-31 05:03:13,319 basehttp 43564 13035925504 "GET /static/admin/js/jquery.init.js HTTP/1.1" 304 0
INFO 2025-08-31 05:03:13,319 basehttp 43564 13103230976 "GET /static/admin/js/core.js HTTP/1.1" 304 0
INFO 2025-08-31 05:03:13,326 basehttp 43564 13086404608 "GET /static/admin/js/vendor/jquery/jquery.js HTTP/1.1" 304 0
INFO 2025-08-31 05:03:13,328 basehttp 43564 13069578240 "GET /static/admin/js/actions.js HTTP/1.1" 304 0
INFO 2025-08-31 05:03:13,328 basehttp 43564 13035925504 "GET /static/admin/js/urlify.js HTTP/1.1" 304 0
INFO 2025-08-31 05:03:13,329 basehttp 43564 13120057344 "GET /static/admin/js/admin/RelatedObjectLookups.js HTTP/1.1" 304 0
INFO 2025-08-31 05:03:13,334 basehttp 43564 13103230976 "GET /static/admin/js/prepopulate.js HTTP/1.1" 304 0
INFO 2025-08-31 05:03:13,334 basehttp 43564 13086404608 "GET /static/admin/js/vendor/xregexp/xregexp.js HTTP/1.1" 304 0
INFO 2025-08-31 05:03:13,335 basehttp 43564 13052751872 "GET /admin/jsi18n/ HTTP/1.1" 200 3342
INFO 2025-08-31 05:03:13,336 basehttp 43564 13120057344 "GET /static/admin/img/search.svg HTTP/1.1" 304 0
INFO 2025-08-31 05:03:13,339 basehttp 43564 13120057344 "GET /static/admin/js/nav_sidebar.js HTTP/1.1" 304 0
INFO 2025-08-31 05:03:13,339 basehttp 43564 13086404608 "GET /static/admin/js/filters.js HTTP/1.1" 304 0
INFO 2025-08-31 05:03:13,343 basehttp 43564 13086404608 "GET /static/admin/img/sorting-icons.svg HTTP/1.1" 304 0
INFO 2025-08-31 05:03:13,344 basehttp 43564 13120057344 "GET /static/admin/img/icon-viewlink.svg HTTP/1.1" 304 0
INFO 2025-08-31 05:03:29,833 basehttp 43564 13120057344 "GET /admin/quotes/quote/ HTTP/1.1" 200 70153
INFO 2025-08-31 05:03:29,851 basehttp 43564 13120057344 "GET /admin/jsi18n/ HTTP/1.1" 200 3342
INFO 2025-08-31 05:03:35,124 basehttp 43564 13120057344 "GET /admin/product_requests/order/ HTTP/1.1" 200 39299
INFO 2025-08-31 05:03:35,151 basehttp 43564 13120057344 "GET /admin/jsi18n/ HTTP/1.1" 200 3342
INFO 2025-08-31 05:03:39,691 basehttp 43564 13120057344 "GET /admin/product_requests/order/12502143-20e5-4db7-af0e-15505d67b000/change/ HTTP/1.1" 200 62279
INFO 2025-08-31 05:03:39,712 basehttp 43564 13052751872 "GET /static/admin/js/prepopulate_init.js HTTP/1.1" 304 0
INFO 2025-08-31 05:03:39,713 basehttp 43564 13086404608 "GET /static/admin/css/forms.css HTTP/1.1" 304 0
INFO 2025-08-31 05:03:39,714 basehttp 43564 13103230976 "GET /static/admin/js/admin/DateTimeShortcuts.js HTTP/1.1" 304 0
INFO 2025-08-31 05:03:39,714 basehttp 43564 13035925504 "GET /static/admin/js/calendar.js HTTP/1.1" 304 0
INFO 2025-08-31 05:03:39,716 basehttp 43564 13035925504 "GET /static/admin/css/widgets.css HTTP/1.1" 304 0
INFO 2025-08-31 05:03:39,722 basehttp 43564 13035925504 "GET /static/admin/img/icon-changelink.svg HTTP/1.1" 304 0
INFO 2025-08-31 05:03:39,726 basehttp 43564 13120057344 "GET /admin/jsi18n/ HTTP/1.1" 200 3342
INFO 2025-08-31 05:03:39,727 basehttp 43564 13035925504 "GET /static/admin/img/icon-addlink.svg HTTP/1.1" 304 0
INFO 2025-08-31 05:03:39,728 basehttp 43564 13035925504 "GET /static/admin/js/change_form.js HTTP/1.1" 304 0
INFO 2025-08-31 05:03:39,750 basehttp 43564 13120057344 "GET /static/admin/img/icon-calendar.svg HTTP/1.1" 304 0
INFO 2025-08-31 05:03:39,750 basehttp 43564 13035925504 "GET /static/admin/img/icon-clock.svg HTTP/1.1" 304 0
INFO 2025-08-31 05:07:15,790 basehttp 43564 13035925504 "GET /api/v1/product-requests/orders/ HTTP/1.1" 200 3779
INFO 2025-08-31 05:35:23,513 basehttp 43564 13035925504 "GET /api/v1/product-requests/requests/by_auth_user/?auth_user_uid=7b186537-5f40-43fc-8545-09f04dcc7c84 HTTP/1.1" 200 7252
ERROR 2025-08-31 05:38:34,371 log 43564 13035925504 Internal Server Error: /api/v1/product-requests/orders/
ERROR 2025-08-31 05:38:34,372 basehttp 43564 13035925504 "POST /api/v1/product-requests/orders/ HTTP/1.1" 500 96
INFO 2025-08-31 05:46:16,084 basehttp 43564 13035925504 "GET /api/v1/product-requests/requests/by_auth_user/?auth_user_uid=7b186537-5f40-43fc-8545-09f04dcc7c84 HTTP/1.1" 200 7252
ERROR 2025-08-31 05:49:48,816 log 43564 13035925504 Internal Server Error: /api/v1/product-requests/orders/
ERROR 2025-08-31 05:49:48,816 basehttp 43564 13035925504 "POST /api/v1/product-requests/orders/ HTTP/1.1" 500 96
INFO 2025-08-31 05:51:12,683 autoreload 43564 8333493696 /Users/thulanimoyo/MEGA downloads/new downloads/BIDR_Backend/product_management_service/product_requests/serializers.py changed, reloading.
INFO 2025-08-31 05:51:14,287 autoreload 52075 8333493696 Watching for file changes with StatReloader
WARNING 2025-08-31 05:52:19,680 log 52075 13170143232 Bad Request: /api/v1/product-requests/orders/
WARNING 2025-08-31 05:52:19,681 basehttp 52075 13170143232 "POST /api/v1/product-requests/orders/ HTTP/1.1" 400 178
INFO 2025-08-31 05:54:10,967 basehttp 52075 13170143232 "OPTIONS /api/v1/product-requests/requests/by_auth_user/?auth_user_uid=7b186537-5f40-43fc-8545-09f04dcc7c84 HTTP/1.1" 200 0
INFO 2025-08-31 05:54:11,078 basehttp 52075 13170143232 "GET /api/v1/product-requests/requests/by_auth_user/?auth_user_uid=7b186537-5f40-43fc-8545-09f04dcc7c84 HTTP/1.1" 200 7252
INFO 2025-08-31 05:54:18,626 basehttp 52075 13170143232 "OPTIONS /api/v1/product-requests/orders/ HTTP/1.1" 200 0
WARNING 2025-08-31 05:54:18,653 log 52075 13170143232 Bad Request: /api/v1/product-requests/orders/
WARNING 2025-08-31 05:54:18,653 basehttp 52075 13170143232 "POST /api/v1/product-requests/orders/ HTTP/1.1" 400 178
WARNING 2025-08-31 05:56:25,513 log 52075 13170143232 Bad Request: /api/v1/product-requests/orders/
WARNING 2025-08-31 05:56:25,514 basehttp 52075 13170143232 "POST /api/v1/product-requests/orders/ HTTP/1.1" 400 178
INFO 2025-08-31 05:57:26,038 basehttp 52075 13170143232 "GET /api/v1/product-requests/requests/by_auth_user/?auth_user_uid=7b186537-5f40-43fc-8545-09f04dcc7c84 HTTP/1.1" 200 7252
INFO 2025-08-31 05:58:23,127 basehttp 52075 13170143232 "GET /api/v1/product-requests/requests/by_auth_user/?auth_user_uid=7b186537-5f40-43fc-8545-09f04dcc7c84 HTTP/1.1" 200 7252
WARNING 2025-08-31 05:58:35,103 log 52075 13170143232 Bad Request: /api/v1/product-requests/orders/
WARNING 2025-08-31 05:58:35,103 basehttp 52075 13170143232 "POST /api/v1/product-requests/orders/ HTTP/1.1" 400 178
WARNING 2025-08-31 06:03:47,257 log 52075 13170143232 Bad Request: /api/v1/product-requests/orders/
WARNING 2025-08-31 06:03:47,258 basehttp 52075 13170143232 "POST /api/v1/product-requests/orders/ HTTP/1.1" 400 178
INFO 2025-08-31 06:03:59,909 autoreload 52075 8333493696 /Users/thulanimoyo/MEGA downloads/new downloads/BIDR_Backend/product_management_service/product_requests/serializers.py changed, reloading.
INFO 2025-08-31 06:04:00,948 autoreload 54959 8333493696 Watching for file changes with StatReloader
INFO 2025-08-31 06:06:29,206 basehttp 54959 6248787968 "POST /api/v1/product-requests/orders/ HTTP/1.1" 201 155
INFO 2025-08-31 06:06:29,297 basehttp 54959 6265614336 "OPTIONS /api/v1/product-requests/orders/ HTTP/1.1" 200 0
ERROR 2025-08-31 06:06:29,344 log 54959 6265614336 Internal Server Error: /api/v1/product-requests/orders/
ERROR 2025-08-31 06:06:29,345 basehttp 54959 6265614336 "GET /api/v1/product-requests/orders/ HTTP/1.1" 500 96
ERROR 2025-08-31 06:06:42,215 log 54959 6248787968 Internal Server Error: /api/v1/product-requests/orders/
ERROR 2025-08-31 06:06:42,216 basehttp 54959 6248787968 "GET /api/v1/product-requests/orders/ HTTP/1.1" 500 96
ERROR 2025-08-31 06:06:45,218 log 54959 6248787968 Internal Server Error: /api/v1/product-requests/orders/
ERROR 2025-08-31 06:06:45,218 basehttp 54959 6248787968 "GET /api/v1/product-requests/orders/ HTTP/1.1" 500 96
INFO 2025-08-31 06:08:02,472 autoreload 54959 8333493696 /Users/thulanimoyo/MEGA downloads/new downloads/BIDR_Backend/product_management_service/product_requests/serializers.py changed, reloading.
INFO 2025-08-31 06:08:03,420 autoreload 55609 8333493696 Watching for file changes with StatReloader
INFO 2025-08-31 06:08:18,101 autoreload 55609 8333493696 /Users/thulanimoyo/MEGA downloads/new downloads/BIDR_Backend/product_management_service/product_requests/serializers.py changed, reloading.
INFO 2025-08-31 06:08:18,913 autoreload 55688 8333493696 Watching for file changes with StatReloader
INFO 2025-08-31 06:08:54,154 basehttp 55688 12901707776 "GET /api/v1/product-requests/orders/ HTTP/1.1" 200 4510
INFO 2025-08-31 06:14:19,274 basehttp 55688 12901707776 "GET /admin/product_requests/order/ HTTP/1.1" 200 40322
INFO 2025-08-31 06:14:19,306 basehttp 55688 12901707776 "GET /admin/jsi18n/ HTTP/1.1" 200 3342
INFO 2025-08-31 06:14:19,331 basehttp 55688 12901707776 "GET /static/admin/img/tooltag-add.svg HTTP/1.1" 304 0
INFO 2025-08-31 06:14:47,733 basehttp 55688 12935360512 "GET /api/v1/product-requests/orders/ HTTP/1.1" 200 4510
INFO 2025-08-31 06:15:01,796 basehttp 55688 12901707776 "GET /admin/product_requests/order/?o=4.-9 HTTP/1.1" 200 41460
INFO 2025-08-31 06:15:01,827 basehttp 55688 12901707776 "GET /admin/jsi18n/ HTTP/1.1" 200 3342
INFO 2025-08-31 06:15:13,333 basehttp 55688 12901707776 "GET /admin/product_requests/order/12502143-20e5-4db7-af0e-15505d67b000/change/?_changelist_filters=o%3D4.-9 HTTP/1.1" 200 62376
INFO 2025-08-31 06:15:13,351 basehttp 55688 12901707776 "GET /admin/jsi18n/ HTTP/1.1" 200 3342
INFO 2025-08-31 06:15:29,261 basehttp 55688 12901707776 "POST /admin/product_requests/order/12502143-20e5-4db7-af0e-15505d67b000/change/?_changelist_filters=o%3D4.-9 HTTP/1.1" 200 62771
INFO 2025-08-31 06:15:29,290 basehttp 55688 12901707776 "GET /admin/jsi18n/ HTTP/1.1" 200 3342
INFO 2025-08-31 06:15:33,040 basehttp 55688 12901707776 "GET /admin/product_requests/order/12502143-20e5-4db7-af0e-15505d67b000/change/?_changelist_filters=o%3D4.-9 HTTP/1.1" 200 62376
INFO 2025-08-31 06:15:39,641 basehttp 55688 12901707776 "GET /admin/product_requests/order/?o=4.-9 HTTP/1.1" 200 41460
INFO 2025-08-31 06:15:42,369 basehttp 55688 12901707776 "GET /admin/product_requests/order/40bf9c8e-1d94-4713-b46a-96e23b94bc06/change/?_changelist_filters=o%3D4.-9 HTTP/1.1" 200 62175
INFO 2025-08-31 06:15:42,397 basehttp 55688 12901707776 "GET /admin/jsi18n/ HTTP/1.1" 200 3342
INFO 2025-08-31 06:15:53,517 basehttp 55688 12901707776 "GET /admin/product_requests/order/?o=4.-9 HTTP/1.1" 200 41460
INFO 2025-08-31 06:16:03,600 basehttp 55688 12901707776 "GET /admin/product_requests/order/40bf9c8e-1d94-4713-b46a-96e23b94bc06/change/?_changelist_filters=o%3D4.-9 HTTP/1.1" 200 62175
INFO 2025-08-31 06:16:03,636 basehttp 55688 12901707776 "GET /admin/jsi18n/ HTTP/1.1" 200 3342
WARNING 2025-08-31 06:16:48,040 log 55688 12918534144 Bad Request: /api/v1/product-requests/orders/
WARNING 2025-08-31 06:16:48,041 basehttp 55688 12918534144 "POST /api/v1/product-requests/orders/ HTTP/1.1" 400 147
INFO 2025-08-31 06:18:03,824 basehttp 55688 12918534144 "OPTIONS /api/v1/product-requests/requests/by_auth_user/?auth_user_uid=7b186537-5f40-43fc-8545-09f04dcc7c84 HTTP/1.1" 200 0
INFO 2025-08-31 06:18:03,960 basehttp 55688 12918534144 "GET /api/v1/product-requests/requests/by_auth_user/?auth_user_uid=7b186537-5f40-43fc-8545-09f04dcc7c84 HTTP/1.1" 200 7254
INFO 2025-08-31 06:18:10,175 basehttp 55688 12918534144 "OPTIONS /api/v1/product-requests/orders/ HTTP/1.1" 200 0
INFO 2025-08-31 06:18:10,207 basehttp 55688 12918534144 "POST /api/v1/product-requests/orders/ HTTP/1.1" 201 155
INFO 2025-08-31 06:18:10,252 basehttp 55688 12935360512 "OPTIONS /api/v1/product-requests/orders/ HTTP/1.1" 200 0
INFO 2025-08-31 06:18:10,288 basehttp 55688 12935360512 "GET /api/v1/product-requests/orders/ HTTP/1.1" 200 5235
INFO 2025-08-31 06:19:09,627 basehttp 55688 12901707776 "GET /admin/product_requests/order/?o=4.-9 HTTP/1.1" 200 42351
INFO 2025-08-31 06:19:14,059 basehttp 55688 12901707776 "GET /admin/product_requests/order/40bf9c8e-1d94-4713-b46a-96e23b94bc06/change/?_changelist_filters=o%3D4.-9 HTTP/1.1" 200 62175
INFO 2025-08-31 06:19:14,084 basehttp 55688 12901707776 "GET /admin/jsi18n/ HTTP/1.1" 200 3342
INFO 2025-08-31 06:23:45,158 autoreload 55688 8333493696 /Users/thulanimoyo/MEGA downloads/new downloads/BIDR_Backend/product_management_service/product_requests/views.py changed, reloading.
INFO 2025-08-31 06:23:45,974 autoreload 58475 8333493696 Watching for file changes with StatReloader
INFO 2025-08-31 06:24:54,129 autoreload 58475 8333493696 /Users/thulanimoyo/MEGA downloads/new downloads/BIDR_Backend/product_management_service/quotes/views.py changed, reloading.
INFO 2025-08-31 06:24:54,913 autoreload 58823 8333493696 Watching for file changes with StatReloader
INFO 2025-08-31 06:25:28,864 autoreload 58951 8333493696 Watching for file changes with StatReloader
INFO 2025-08-31 06:25:47,421 basehttp 58951 6251917312 "GET /api/v1/product-requests/orders/ HTTP/1.1" 200 5235
WARNING 2025-08-31 06:25:53,588 log 58951 6268743680 Bad Request: /api/v1/product-requests/orders/
WARNING 2025-08-31 06:25:53,588 basehttp 58951 6268743680 "POST /api/v1/product-requests/orders/ HTTP/1.1" 400 147
INFO 2025-08-31 06:26:01,875 basehttp 58951 6268743680 "POST /api/v1/product-requests/orders/ HTTP/1.1" 201 155
INFO 2025-08-31 06:26:01,973 basehttp 58951 6251917312 "GET /api/v1/product-requests/orders/ HTTP/1.1" 200 5966
INFO 2025-08-31 06:26:14,071 basehttp 58951 6285570048 "GET /admin/product_requests/order/?o=4.-9 HTTP/1.1" 200 43243
INFO 2025-08-31 06:26:29,164 basehttp 58951 6285570048 "GET /admin/product_requests/order/131268a2-8d9b-4ca0-be82-e112dc25a8da/change/?_changelist_filters=o%3D4.-9 HTTP/1.1" 200 62179
INFO 2025-08-31 06:26:29,197 basehttp 58951 6285570048 "GET /admin/jsi18n/ HTTP/1.1" 200 3342
INFO 2025-08-31 06:30:55,746 autoreload 58951 8333493696 /Users/thulanimoyo/MEGA downloads/new downloads/BIDR_Backend/product_management_service/product_requests/serializers.py changed, reloading.
INFO 2025-08-31 06:30:57,281 autoreload 59861 8333493696 Watching for file changes with StatReloader
INFO 2025-08-31 06:31:15,227 autoreload 59861 8333493696 /Users/thulanimoyo/MEGA downloads/new downloads/BIDR_Backend/product_management_service/product_requests/serializers.py changed, reloading.
INFO 2025-08-31 06:31:16,460 autoreload 59955 8333493696 Watching for file changes with StatReloader
INFO 2025-08-31 06:35:07,558 autoreload 60485 8333493696 Watching for file changes with StatReloader
WARNING 2025-08-31 06:35:13,261 log 60485 13371666432 Bad Request: /api/v1/product-requests/orders/
WARNING 2025-08-31 06:35:13,261 basehttp 60485 13371666432 "POST /api/v1/product-requests/orders/ HTTP/1.1" 400 154
WARNING 2025-08-31 06:35:20,889 log 60485 13371666432 Bad Request: /api/v1/product-requests/orders/
WARNING 2025-08-31 06:35:20,889 basehttp 60485 13371666432 "POST /api/v1/product-requests/orders/ HTTP/1.1" 400 147
WARNING 2025-08-31 06:35:25,626 log 60485 13371666432 Bad Request: /api/v1/product-requests/orders/
WARNING 2025-08-31 06:35:25,626 basehttp 60485 13371666432 "POST /api/v1/product-requests/orders/ HTTP/1.1" 400 147
WARNING 2025-08-31 06:35:29,635 log 60485 13371666432 Bad Request: /api/v1/product-requests/orders/
WARNING 2025-08-31 06:35:29,635 basehttp 60485 13371666432 "POST /api/v1/product-requests/orders/ HTTP/1.1" 400 154
INFO 2025-08-31 06:35:45,694 basehttp 60485 13371666432 "GET /api/v1/product-requests/requests/by_auth_user/?auth_user_uid=7b186537-5f40-43fc-8545-09f04dcc7c84 HTTP/1.1" 200 7258
INFO 2025-08-31 06:35:59,292 basehttp 60485 13371666432 "GET /admin/product_requests/order/?o=4.-9 HTTP/1.1" 200 43243
INFO 2025-08-31 06:36:18,688 basehttp 60485 13371666432 "POST /admin/product_requests/order/?o=4.-9 HTTP/1.1" 200 27044
INFO 2025-08-31 06:36:18,702 basehttp 60485 13371666432 "GET /static/admin/js/cancel.js HTTP/1.1" 200 884
INFO 2025-08-31 06:36:21,814 basehttp 60485 13371666432 "POST /admin/product_requests/order/?o=4.-9 HTTP/1.1" 302 0
INFO 2025-08-31 06:36:21,984 basehttp 60485 13371666432 "GET /admin/product_requests/order/?o=4.-9 HTTP/1.1" 200 40522
INFO 2025-08-31 06:36:22,003 basehttp 60485 13371666432 "GET /admin/jsi18n/ HTTP/1.1" 200 3342
INFO 2025-08-31 06:36:22,011 basehttp 60485 13371666432 "GET /static/admin/img/icon-yes.svg HTTP/1.1" 304 0
WARNING 2025-08-31 06:36:26,422 log 60485 13405319168 Bad Request: /api/v1/product-requests/orders/
WARNING 2025-08-31 06:36:26,422 basehttp 60485 13405319168 "POST /api/v1/product-requests/orders/ HTTP/1.1" 400 147
WARNING 2025-08-31 06:36:31,927 log 60485 13405319168 Bad Request: /api/v1/product-requests/orders/
WARNING 2025-08-31 06:36:31,927 basehttp 60485 13405319168 "POST /api/v1/product-requests/orders/ HTTP/1.1" 400 147
WARNING 2025-08-31 06:36:37,533 log 60485 13405319168 Bad Request: /api/v1/product-requests/orders/
WARNING 2025-08-31 06:36:37,533 basehttp 60485 13405319168 "POST /api/v1/product-requests/orders/ HTTP/1.1" 400 154
WARNING 2025-08-31 06:36:56,814 log 60485 13405319168 Bad Request: /api/v1/product-requests/orders/
WARNING 2025-08-31 06:36:56,814 basehttp 60485 13405319168 "POST /api/v1/product-requests/orders/ HTTP/1.1" 400 147
INFO 2025-08-31 06:44:54,330 basehttp 60485 13371666432 "GET /admin/product_requests/order/?o=4.-9 HTTP/1.1" 200 40386
INFO 2025-08-31 06:44:54,359 basehttp 60485 13371666432 "GET /admin/jsi18n/ HTTP/1.1" 200 3342
INFO 2025-08-31 06:44:56,189 basehttp 60485 13371666432 "GET /admin/product_requests/order/?o=4.-9 HTTP/1.1" 200 40386
INFO 2025-08-31 06:44:56,202 basehttp 60485 13371666432 "GET /admin/jsi18n/ HTTP/1.1" 200 3342
WARNING 2025-08-31 06:48:38,602 log 60485 13388492800 Bad Request: /api/v1/product-requests/requests/
WARNING 2025-08-31 06:48:38,603 basehttp 60485 13388492800 "POST /api/v1/product-requests/requests/ HTTP/1.1" 400 143
INFO 2025-08-31 06:53:54,706 autoreload 60485 8333493696 /Users/thulanimoyo/MEGA downloads/new downloads/BIDR_Backend/product_management_service/product_requests/views.py changed, reloading.
INFO 2025-08-31 06:53:55,707 autoreload 63070 8333493696 Watching for file changes with StatReloader
INFO 2025-08-31 06:55:41,247 basehttp 63070 6174388224 "POST /api/v1/product-requests/requests/ HTTP/1.1" 201 1113
ERROR 2025-08-31 06:55:44,490 log 63070 6174388224 Internal Server Error: /api/v1/product-requests/requests/by_auth_user/
ERROR 2025-08-31 06:55:44,491 basehttp 63070 6174388224 "GET /api/v1/product-requests/requests/by_auth_user/?auth_user_uid=7b186537-5f40-43fc-8545-09f04dcc7c84 HTTP/1.1" 500 96
INFO 2025-08-31 06:56:58,363 autoreload 63070 8333493696 /Users/thulanimoyo/MEGA downloads/new downloads/BIDR_Backend/product_management_service/product_requests/serializers.py changed, reloading.
INFO 2025-08-31 06:56:59,236 autoreload 63581 8333493696 Watching for file changes with StatReloader
INFO 2025-08-31 06:57:14,712 autoreload 63581 8333493696 /Users/thulanimoyo/MEGA downloads/new downloads/BIDR_Backend/product_management_service/product_requests/serializers.py changed, reloading.
INFO 2025-08-31 06:57:15,532 autoreload 63645 8333493696 Watching for file changes with StatReloader
INFO 2025-08-31 06:57:19,505 basehttp 63645 12918534144 "GET /api/v1/product-requests/requests/by_auth_user/?auth_user_uid=7b186537-5f40-43fc-8545-09f04dcc7c84 HTTP/1.1" 200 7815
INFO 2025-08-31 07:02:49,955 basehttp 63645 12918534144 "GET /api/v1/product-requests/requests/by_auth_user/?auth_user_uid=7b186537-5f40-43fc-8545-09f04dcc7c84 HTTP/1.1" 200 7815
INFO 2025-08-31 07:06:28,039 autoreload 63645 8333493696 /Users/thulanimoyo/MEGA downloads/new downloads/BIDR_Backend/product_management_service/product_requests/views.py changed, reloading.
INFO 2025-08-31 07:06:28,935 autoreload 65227 8333493696 Watching for file changes with StatReloader
INFO 2025-08-31 07:07:15,804 basehttp 65227 6220460032 "GET /api/v1/product-requests/requests/by_auth_user/?auth_user_uid=7b186537-5f40-43fc-8545-09f04dcc7c84 HTTP/1.1" 200 7815
WARNING 2025-08-31 07:07:23,289 log 65227 6220460032 Bad Request: /api/v1/product-requests/orders/
WARNING 2025-08-31 07:07:23,289 basehttp 65227 6220460032 "POST /api/v1/product-requests/orders/ HTTP/1.1" 400 147
INFO 2025-08-31 07:10:25,755 autoreload 65227 8333493696 /Users/thulanimoyo/MEGA downloads/new downloads/BIDR_Backend/product_management_service/product_requests/serializers.py changed, reloading.
INFO 2025-08-31 07:10:26,607 autoreload 65923 8333493696 Watching for file changes with StatReloader
INFO 2025-08-31 07:10:43,219 autoreload 65923 8333493696 /Users/thulanimoyo/MEGA downloads/new downloads/BIDR_Backend/product_management_service/product_requests/serializers.py changed, reloading.
INFO 2025-08-31 07:10:43,969 autoreload 66006 8333493696 Watching for file changes with StatReloader
INFO 2025-08-31 07:11:07,905 autoreload 66006 8333493696 /Users/thulanimoyo/MEGA downloads/new downloads/BIDR_Backend/product_management_service/product_requests/serializers.py changed, reloading.
INFO 2025-08-31 07:11:08,857 autoreload 66146 8333493696 Watching for file changes with StatReloader
INFO 2025-08-31 07:11:22,340 autoreload 66146 8333493696 /Users/thulanimoyo/MEGA downloads/new downloads/BIDR_Backend/product_management_service/product_requests/serializers.py changed, reloading.
INFO 2025-08-31 07:11:23,135 autoreload 66219 8333493696 Watching for file changes with StatReloader
INFO 2025-08-31 07:12:00,183 basehttp 66219 6206074880 "GET /api/v1/product-requests/requests/by_auth_user/?auth_user_uid=7b186537-5f40-43fc-8545-09f04dcc7c84 HTTP/1.1" 200 6243
WARNING 2025-08-31 07:12:06,910 log 66219 6206074880 Bad Request: /api/v1/product-requests/orders/
WARNING 2025-08-31 07:12:06,910 basehttp 66219 6206074880 "POST /api/v1/product-requests/orders/ HTTP/1.1" 400 154
INFO 2025-08-31 07:14:01,421 autoreload 66219 8333493696 /Users/thulanimoyo/MEGA downloads/new downloads/BIDR_Backend/product_management_service/product_requests/serializers.py changed, reloading.
INFO 2025-08-31 07:14:02,218 autoreload 66686 8333493696 Watching for file changes with StatReloader
INFO 2025-08-31 07:14:18,850 autoreload 66686 8333493696 /Users/thulanimoyo/MEGA downloads/new downloads/BIDR_Backend/product_management_service/product_requests/serializers.py changed, reloading.
INFO 2025-08-31 07:14:19,588 autoreload 66769 8333493696 Watching for file changes with StatReloader
INFO 2025-08-31 07:16:10,383 autoreload 67060 8333493696 Watching for file changes with StatReloader
INFO 2025-08-31 07:17:02,551 autoreload 67198 8333493696 Watching for file changes with StatReloader
INFO 2025-08-31 07:17:09,921 basehttp 67198 6242136064 "GET /api/v1/product-requests/requests/by_auth_user/?auth_user_uid=7b186537-5f40-43fc-8545-09f04dcc7c84 HTTP/1.1" 200 2708
INFO 2025-08-31 07:17:23,575 basehttp 67198 6242136064 "GET /api/v1/product-requests/orders/ HTTP/1.1" 200 3779
WARNING 2025-08-31 07:20:26,310 log 67198 6242136064 Bad Request: /api/v1/product-requests/requests/
WARNING 2025-08-31 07:20:26,311 basehttp 67198 6242136064 "POST /api/v1/product-requests/requests/ HTTP/1.1" 400 220
WARNING 2025-08-31 07:26:39,754 log 67198 6242136064 Bad Request: /api/v1/product-requests/requests/
WARNING 2025-08-31 07:26:39,755 basehttp 67198 6242136064 "POST /api/v1/product-requests/requests/ HTTP/1.1" 400 220
INFO 2025-08-31 07:27:37,473 basehttp 67198 6242136064 "POST /api/v1/product-requests/requests/ HTTP/1.1" 201 974
INFO 2025-08-31 07:27:39,671 basehttp 67198 6242136064 "GET /api/v1/product-requests/requests/by_auth_user/?auth_user_uid=7b186537-5f40-43fc-8545-09f04dcc7c84 HTTP/1.1" 200 3272
WARNING 2025-08-31 07:29:03,486 log 67198 6242136064 Bad Request: /api/v1/product-requests/requests/
WARNING 2025-08-31 07:29:03,486 basehttp 67198 6242136064 "POST /api/v1/product-requests/requests/ HTTP/1.1" 400 171
INFO 2025-08-31 07:31:47,211 basehttp 67198 6242136064 "GET /api/v1/product-requests/requests/by_auth_user/?auth_user_uid=7b186537-5f40-43fc-8545-09f04dcc7c84 HTTP/1.1" 200 3272
ERROR 2025-08-31 07:32:35,795 log 67198 6242136064 Internal Server Error: /api/v1/product-requests/requests/
ERROR 2025-08-31 07:32:35,796 basehttp 67198 6242136064 "POST /api/v1/product-requests/requests/ HTTP/1.1" 500 96
INFO 2025-08-31 07:34:14,866 autoreload 67198 8333493696 /Users/thulanimoyo/MEGA downloads/new downloads/BIDR_Backend/product_management_service/product_requests/serializers.py changed, reloading.
INFO 2025-08-31 07:34:15,691 autoreload 70434 8333493696 Watching for file changes with StatReloader
INFO 2025-08-31 07:35:31,724 basehttp 70434 6251556864 "POST /api/v1/product-requests/requests/ HTTP/1.1" 201 911
INFO 2025-08-31 07:35:33,387 basehttp 70434 6251556864 "GET /api/v1/product-requests/requests/by_auth_user/?auth_user_uid=7b186537-5f40-43fc-8545-09f04dcc7c84 HTTP/1.1" 200 4378
INFO 2025-08-31 08:17:36,192 basehttp 70434 6251556864 "GET /api/v1/product-requests/requests/by_auth_user/?auth_user_uid=7b186537-5f40-43fc-8545-09f04dcc7c84 HTTP/1.1" 200 4378
INFO 2025-08-31 08:17:56,754 basehttp 70434 6251556864 "OPTIONS /api/v1/product-requests/requests/by_seller/?auth_user_uid=c97f2da1-810c-4f86-98b4-18b722d5eecb&lat=-25.981319001305337&lng=28.118357101966964 HTTP/1.1" 200 0
INFO 2025-08-31 08:17:56,761 basehttp 70434 6268383232 "OPTIONS /api/v1/quotes/quotes/by_seller/?auth_user_uid=c97f2da1-810c-4f86-98b4-18b722d5eecb HTTP/1.1" 200 0
INFO 2025-08-31 08:17:56,858 basehttp 70434 6268383232 "GET /api/v1/quotes/quotes/by_seller/?auth_user_uid=c97f2da1-810c-4f86-98b4-18b722d5eecb HTTP/1.1" 200 4329
INFO 2025-08-31 08:17:56,967 basehttp 70434 6251556864 "GET /api/v1/product-requests/requests/by_seller/?auth_user_uid=c97f2da1-810c-4f86-98b4-18b722d5eecb&lat=-25.981319001305337&lng=28.118357101966964 HTTP/1.1" 200 11437
INFO 2025-08-31 08:18:05,654 basehttp 70434 6251556864 "OPTIONS /api/v1/product-requests/requests/by_seller/?auth_user_uid=c97f2da1-810c-4f86-98b4-18b722d5eecb&lat=-25.981318989772955&lng=28.118357098259903 HTTP/1.1" 200 0
INFO 2025-08-31 08:18:05,715 basehttp 70434 6285783040 "OPTIONS /api/v1/product-requests/requests/by_auth_user/?auth_user_uid=7b186537-5f40-43fc-8545-09f04dcc7c84 HTTP/1.1" 200 0
INFO 2025-08-31 08:18:05,800 basehttp 70434 6268383232 "GET /api/v1/quotes/quotes/by_seller/?auth_user_uid=c97f2da1-810c-4f86-98b4-18b722d5eecb HTTP/1.1" 200 4329
INFO 2025-08-31 08:18:05,848 basehttp 70434 6285783040 "GET /api/v1/product-requests/requests/by_auth_user/?auth_user_uid=7b186537-5f40-43fc-8545-09f04dcc7c84 HTTP/1.1" 200 4378
INFO 2025-08-31 08:18:05,993 basehttp 70434 6251556864 "GET /api/v1/product-requests/requests/by_seller/?auth_user_uid=c97f2da1-810c-4f86-98b4-18b722d5eecb&lat=-25.981318989772955&lng=28.118357098259903 HTTP/1.1" 200 11437
INFO 2025-08-31 08:18:20,438 basehttp 70434 6251556864 "OPTIONS /api/v1/product-requests/requests/by_seller/?auth_user_uid=c97f2da1-810c-4f86-98b4-18b722d5eecb&lat=-25.98131899547616&lng=28.118357099530776 HTTP/1.1" 200 0
INFO 2025-08-31 08:18:20,623 basehttp 70434 6268383232 "GET /api/v1/quotes/quotes/by_seller/?auth_user_uid=c97f2da1-810c-4f86-98b4-18b722d5eecb HTTP/1.1" 200 4329
INFO 2025-08-31 08:18:20,643 basehttp 70434 6285783040 "GET /api/v1/product-requests/requests/by_auth_user/?auth_user_uid=7b186537-5f40-43fc-8545-09f04dcc7c84 HTTP/1.1" 200 4378
INFO 2025-08-31 08:18:20,719 basehttp 70434 6251556864 "GET /api/v1/product-requests/requests/by_seller/?auth_user_uid=c97f2da1-810c-4f86-98b4-18b722d5eecb&lat=-25.98131899547616&lng=28.118357099530776 HTTP/1.1" 200 11436
INFO 2025-08-31 08:19:45,047 basehttp 70434 6268383232 "OPTIONS /api/v1/product-requests/requests/by_seller/?auth_user_uid=c97f2da1-810c-4f86-98b4-18b722d5eecb&lat=-25.981364512308915&lng=28.118273876441556 HTTP/1.1" 200 0
INFO 2025-08-31 08:19:45,114 basehttp 70434 6251556864 "GET /api/v1/product-requests/requests/by_auth_user/?auth_user_uid=7b186537-5f40-43fc-8545-09f04dcc7c84 HTTP/1.1" 200 4378
INFO 2025-08-31 08:19:45,175 basehttp 70434 6285783040 "GET /api/v1/quotes/quotes/by_seller/?auth_user_uid=c97f2da1-810c-4f86-98b4-18b722d5eecb HTTP/1.1" 200 4329
INFO 2025-08-31 08:19:45,261 basehttp 70434 6268383232 "GET /api/v1/product-requests/requests/by_seller/?auth_user_uid=c97f2da1-810c-4f86-98b4-18b722d5eecb&lat=-25.981364512308915&lng=28.118273876441556 HTTP/1.1" 200 11437
INFO 2025-08-31 08:20:20,792 basehttp 70434 6251556864 "OPTIONS /api/v1/product-requests/requests/by_seller/?auth_user_uid=c97f2da1-810c-4f86-98b4-18b722d5eecb&lat=-25.981364524487326&lng=28.11827385412172 HTTP/1.1" 200 0
INFO 2025-08-31 08:20:21,100 basehttp 70434 6268383232 "GET /api/v1/quotes/quotes/by_seller/?auth_user_uid=c97f2da1-810c-4f86-98b4-18b722d5eecb HTTP/1.1" 200 4329
INFO 2025-08-31 08:20:21,247 basehttp 70434 6251556864 "GET /api/v1/product-requests/requests/by_seller/?auth_user_uid=c97f2da1-810c-4f86-98b4-18b722d5eecb&lat=-25.981364524487326&lng=28.11827385412172 HTTP/1.1" 200 11436
INFO 2025-08-31 08:21:23,341 basehttp 70434 6251556864 "OPTIONS /api/v1/product-requests/requests/by_seller/?auth_user_uid=c97f2da1-810c-4f86-98b4-18b722d5eecb&lat=-25.98139806372039&lng=28.11822750742177 HTTP/1.1" 200 0
INFO 2025-08-31 08:21:23,495 basehttp 70434 6268383232 "GET /api/v1/quotes/quotes/by_seller/?auth_user_uid=c97f2da1-810c-4f86-98b4-18b722d5eecb HTTP/1.1" 200 4329
INFO 2025-08-31 08:21:23,631 basehttp 70434 6251556864 "GET /api/v1/product-requests/requests/by_seller/?auth_user_uid=c97f2da1-810c-4f86-98b4-18b722d5eecb&lat=-25.98139806372039&lng=28.11822750742177 HTTP/1.1" 200 11435
INFO 2025-08-31 08:21:37,067 basehttp 70434 6251556864 "OPTIONS /api/v1/quotes/quotes/ HTTP/1.1" 200 0
INFO 2025-08-31 08:21:37,255 basehttp 70434 6251556864 "POST /api/v1/quotes/quotes/ HTTP/1.1" 201 532
INFO 2025-08-31 08:21:37,389 basehttp 70434 6251556864 "GET /api/v1/product-requests/requests/by_seller/?auth_user_uid=c97f2da1-810c-4f86-98b4-18b722d5eecb&lat=-25.98139806372039&lng=28.11822750742177 HTTP/1.1" 200 11979
INFO 2025-08-31 08:21:37,438 basehttp 70434 6251556864 "GET /api/v1/quotes/quotes/by_seller/?auth_user_uid=c97f2da1-810c-4f86-98b4-18b722d5eecb HTTP/1.1" 200 5200
INFO 2025-08-31 08:21:40,750 basehttp 70434 6268383232 "GET /api/v1/product-requests/requests/by_auth_user/?auth_user_uid=7b186537-5f40-43fc-8545-09f04dcc7c84 HTTP/1.1" 200 4922
INFO 2025-08-31 11:41:12,238 basehttp 70434 6251556864 "OPTIONS /api/v1/product-requests/requests/by_auth_user/?auth_user_uid=7b186537-5f40-43fc-8545-09f04dcc7c84 HTTP/1.1" 200 0
INFO 2025-08-31 11:41:12,307 basehttp 70434 6251556864 "GET /api/v1/product-requests/requests/by_auth_user/?auth_user_uid=7b186537-5f40-43fc-8545-09f04dcc7c84 HTTP/1.1" 200 4922
INFO 2025-08-31 11:41:18,768 basehttp 70434 6251556864 "OPTIONS /api/v1/product-requests/orders/ HTTP/1.1" 200 0
INFO 2025-08-31 11:41:18,872 basehttp 70434 6251556864 "POST /api/v1/product-requests/orders/ HTTP/1.1" 201 155
INFO 2025-08-31 11:41:18,937 basehttp 70434 6268383232 "OPTIONS /api/v1/product-requests/orders/ HTTP/1.1" 200 0
INFO 2025-08-31 11:41:19,064 basehttp 70434 6268383232 "GET /api/v1/product-requests/orders/ HTTP/1.1" 200 4553
INFO 2025-08-31 11:48:18,291 basehttp 70434 6251556864 "GET /api/v1/product-requests/orders/ HTTP/1.1" 200 4553
INFO 2025-08-31 12:25:00,386 basehttp 70434 6251556864 "GET /api/v1/product-requests/requests/by_auth_user/?auth_user_uid=7b186537-5f40-43fc-8545-09f04dcc7c84 HTTP/1.1" 200 3825
INFO 2025-08-31 12:25:05,854 basehttp 70434 6251556864 "GET /api/v1/product-requests/orders/ HTTP/1.1" 200 4553
INFO 2025-08-31 12:25:31,322 basehttp 70434 6251556864 "GET /admin/product_requests/order/?o=4.-9 HTTP/1.1" 200 41527
INFO 2025-08-31 12:25:31,353 basehttp 70434 6268383232 "GET /static/admin/css/base.css HTTP/1.1" 304 0
INFO 2025-08-31 12:25:31,354 basehttp 70434 6285783040 "GET /static/admin/css/dark_mode.css HTTP/1.1" 304 0
INFO 2025-08-31 12:25:31,356 basehttp 70434 6302609408 "GET /static/admin/css/nav_sidebar.css HTTP/1.1" 304 0
INFO 2025-08-31 12:25:31,358 basehttp 70434 13035925504 "GET /static/admin/css/changelists.css HTTP/1.1" 304 0
INFO 2025-08-31 12:25:31,358 basehttp 70434 6285783040 "GET /static/admin/js/jquery.init.js HTTP/1.1" 304 0
INFO 2025-08-31 12:25:31,360 basehttp 70434 13052751872 "GET /static/admin/js/theme.js HTTP/1.1" 304 0
INFO 2025-08-31 12:25:31,361 basehttp 70434 6268383232 "GET /static/admin/css/responsive.css HTTP/1.1" 304 0
INFO 2025-08-31 12:25:31,362 basehttp 70434 6285783040 "GET /static/admin/js/admin/RelatedObjectLookups.js HTTP/1.1" 304 0
INFO 2025-08-31 12:25:31,362 basehttp 70434 6302609408 "GET /static/admin/js/core.js HTTP/1.1" 304 0
INFO 2025-08-31 12:25:31,363 basehttp 70434 13052751872 "GET /static/admin/js/actions.js HTTP/1.1" 304 0
INFO 2025-08-31 12:25:31,366 basehttp 70434 13035925504 "GET /static/admin/js/vendor/jquery/jquery.js HTTP/1.1" 304 0
INFO 2025-08-31 12:25:31,370 basehttp 70434 6285783040 "GET /static/admin/js/vendor/xregexp/xregexp.js HTTP/1.1" 304 0
INFO 2025-08-31 12:25:31,373 basehttp 70434 6251556864 "GET /admin/jsi18n/ HTTP/1.1" 200 3342
INFO 2025-08-31 12:25:31,374 basehttp 70434 6268383232 "GET /static/admin/js/prepopulate.js HTTP/1.1" 304 0
INFO 2025-08-31 12:25:31,374 basehttp 70434 13052751872 "GET /static/admin/img/search.svg HTTP/1.1" 304 0
INFO 2025-08-31 12:25:31,375 basehttp 70434 6302609408 "GET /static/admin/js/urlify.js HTTP/1.1" 304 0
INFO 2025-08-31 12:25:31,377 basehttp 70434 13052751872 "GET /static/admin/js/filters.js HTTP/1.1" 304 0
INFO 2025-08-31 12:25:31,378 basehttp 70434 6302609408 "GET /static/admin/js/nav_sidebar.js HTTP/1.1" 304 0
INFO 2025-08-31 12:25:31,402 basehttp 70434 6251556864 "GET /static/admin/img/tooltag-add.svg HTTP/1.1" 304 0
INFO 2025-08-31 12:25:31,403 basehttp 70434 13052751872 "GET /static/admin/img/sorting-icons.svg HTTP/1.1" 304 0
INFO 2025-08-31 12:25:31,403 basehttp 70434 6268383232 "GET /static/admin/img/icon-viewlink.svg HTTP/1.1" 304 0
INFO 2025-08-31 12:25:31,403 basehttp 70434 6302609408 "GET /static/admin/img/icon-addlink.svg HTTP/1.1" 304 0
INFO 2025-08-31 12:29:11,608 autoreload 70434 8333493696 /Users/thulanimoyo/MEGA downloads/new downloads/BIDR_Backend/product_management_service/product_requests/views.py changed, reloading.
INFO 2025-08-31 12:29:12,780 autoreload 91164 8333493696 Watching for file changes with StatReloader
INFO 2025-08-31 12:45:42,210 basehttp 91164 6255521792 "GET /api/v1/product-requests/orders/ HTTP/1.1" 200 4553
INFO 2025-08-31 12:58:49,675 basehttp 91164 6255521792 "GET /api/v1/product-requests/requests/by_auth_user/?auth_user_uid=7b186537-5f40-43fc-8545-09f04dcc7c84 HTTP/1.1" 200 3825
INFO 2025-08-31 12:59:07,519 basehttp 91164 6255521792 "OPTIONS /api/v1/product-requests/requests/by_auth_user/?auth_user_uid=7b186537-5f40-43fc-8545-09f04dcc7c84 HTTP/1.1" 200 0
INFO 2025-08-31 12:59:07,578 basehttp 91164 6255521792 "GET /api/v1/product-requests/requests/by_auth_user/?auth_user_uid=7b186537-5f40-43fc-8545-09f04dcc7c84 HTTP/1.1" 200 3825
INFO 2025-08-31 12:59:22,364 basehttp 91164 6255521792 "GET /api/v1/product-requests/requests/by_auth_user/?auth_user_uid=7b186537-5f40-43fc-8545-09f04dcc7c84 HTTP/1.1" 200 3825
INFO 2025-08-31 12:59:48,990 basehttp 91164 6255521792 "OPTIONS /api/v1/product-requests/requests/by_seller/?auth_user_uid=c97f2da1-810c-4f86-98b4-18b722d5eecb&lat=-25.981352448332657&lng=28.118317300187172 HTTP/1.1" 200 0
INFO 2025-08-31 12:59:49,004 basehttp 91164 6272348160 "OPTIONS /api/v1/quotes/quotes/by_seller/?auth_user_uid=c97f2da1-810c-4f86-98b4-18b722d5eecb HTTP/1.1" 200 0
INFO 2025-08-31 12:59:49,123 basehttp 91164 6272348160 "GET /api/v1/quotes/quotes/by_seller/?auth_user_uid=c97f2da1-810c-4f86-98b4-18b722d5eecb HTTP/1.1" 200 5202
INFO 2025-08-31 12:59:49,228 basehttp 91164 6255521792 "GET /api/v1/product-requests/requests/by_seller/?auth_user_uid=c97f2da1-810c-4f86-98b4-18b722d5eecb&lat=-25.981352448332657&lng=28.118317300187172 HTTP/1.1" 200 10884
INFO 2025-08-31 13:00:12,351 basehttp 91164 6255521792 "OPTIONS /api/v1/quotes/quotes/ HTTP/1.1" 200 0
INFO 2025-08-31 13:00:12,472 basehttp 91164 6255521792 "POST /api/v1/quotes/quotes/ HTTP/1.1" 201 538
INFO 2025-08-31 13:00:12,619 basehttp 91164 6255521792 "GET /api/v1/product-requests/requests/by_seller/?auth_user_uid=c97f2da1-810c-4f86-98b4-18b722d5eecb&lat=-25.981352448332657&lng=28.118317300187172 HTTP/1.1" 200 11427
INFO 2025-08-31 13:00:12,687 basehttp 91164 6255521792 "GET /api/v1/quotes/quotes/by_seller/?auth_user_uid=c97f2da1-810c-4f86-98b4-18b722d5eecb HTTP/1.1" 200 6079
INFO 2025-08-31 13:00:44,761 basehttp 91164 6255521792 "POST /api/v1/quotes/quotes/ HTTP/1.1" 201 533
INFO 2025-08-31 13:00:44,901 basehttp 91164 6255521792 "GET /api/v1/product-requests/requests/by_seller/?auth_user_uid=c97f2da1-810c-4f86-98b4-18b722d5eecb&lat=-25.981352448332657&lng=28.118317300187172 HTTP/1.1" 200 11970
INFO 2025-08-31 13:00:44,970 basehttp 91164 6255521792 "GET /api/v1/quotes/quotes/by_seller/?auth_user_uid=c97f2da1-810c-4f86-98b4-18b722d5eecb HTTP/1.1" 200 6940
INFO 2025-08-31 13:01:10,012 basehttp 91164 6255521792 "POST /api/v1/quotes/quotes/ HTTP/1.1" 201 535
INFO 2025-08-31 13:01:10,146 basehttp 91164 6255521792 "GET /api/v1/product-requests/requests/by_seller/?auth_user_uid=c97f2da1-810c-4f86-98b4-18b722d5eecb&lat=-25.981352448332657&lng=28.118317300187172 HTTP/1.1" 200 12514
INFO 2025-08-31 13:01:10,220 basehttp 91164 6255521792 "GET /api/v1/quotes/quotes/by_seller/?auth_user_uid=c97f2da1-810c-4f86-98b4-18b722d5eecb HTTP/1.1" 200 7814
INFO 2025-08-31 13:01:19,709 basehttp 91164 6255521792 "GET /api/v1/product-requests/requests/by_auth_user/?auth_user_uid=7b186537-5f40-43fc-8545-09f04dcc7c84 HTTP/1.1" 200 5455
INFO 2025-08-31 13:01:19,788 basehttp 91164 6272348160 "OPTIONS /api/v1/product-requests/requests/by_seller/?auth_user_uid=c97f2da1-810c-4f86-98b4-18b722d5eecb&lat=-25.981442221171505&lng=28.118199158145174 HTTP/1.1" 200 0
INFO 2025-08-31 13:01:20,139 basehttp 91164 6290894848 "GET /api/v1/quotes/quotes/by_seller/?auth_user_uid=c97f2da1-810c-4f86-98b4-18b722d5eecb HTTP/1.1" 200 7814
INFO 2025-08-31 13:01:20,147 basehttp 91164 6272348160 "GET /api/v1/product-requests/requests/by_seller/?auth_user_uid=c97f2da1-810c-4f86-98b4-18b722d5eecb&lat=-25.981442221171505&lng=28.118199158145174 HTTP/1.1" 200 12514
INFO 2025-08-31 13:02:05,514 basehttp 91164 6255521792 "POST /api/v1/product-requests/orders/ HTTP/1.1" 201 155
INFO 2025-08-31 13:02:05,606 basehttp 91164 6272348160 "GET /api/v1/product-requests/orders/ HTTP/1.1" 200 5315
INFO 2025-08-31 13:02:36,258 autoreload 91164 8333493696 /Users/thulanimoyo/MEGA downloads/new downloads/BIDR_Backend/product_management_service/product_requests/views.py changed, reloading.
INFO 2025-08-31 13:02:37,719 autoreload 95682 8333493696 Watching for file changes with StatReloader
INFO 2025-08-31 13:02:50,061 basehttp 95682 6218330112 "GET /admin/product_requests/order/?o=4.-9 HTTP/1.1" 200 42484
INFO 2025-08-31 13:02:50,092 basehttp 95682 6218330112 "GET /admin/jsi18n/ HTTP/1.1" 200 3342
INFO 2025-08-31 13:06:49,258 basehttp 95682 6251982848 "GET /api/v1/product-requests/requests/by_auth_user/?auth_user_uid=7b186537-5f40-43fc-8545-09f04dcc7c84 HTTP/1.1" 200 4348
INFO 2025-08-31 13:07:15,325 basehttp 95682 6251982848 "POST /api/v1/product-requests/orders/ HTTP/1.1" 201 155
INFO 2025-08-31 13:07:15,433 basehttp 95682 6268809216 "GET /api/v1/product-requests/orders/ HTTP/1.1" 200 6087
INFO 2025-08-31 13:08:33,133 basehttp 95682 6218330112 "GET /admin/product_requests/order/?o=4.-9 HTTP/1.1" 200 43441
INFO 2025-08-31 13:08:33,161 basehttp 95682 6218330112 "GET /admin/jsi18n/ HTTP/1.1" 200 3342
INFO 2025-08-31 13:56:57,428 basehttp 95682 6218330112 "OPTIONS /api/v1/product-requests/requests/by_auth_user/?auth_user_uid=7b186537-5f40-43fc-8545-09f04dcc7c84 HTTP/1.1" 200 0
INFO 2025-08-31 13:56:57,528 basehttp 95682 6218330112 "GET /api/v1/product-requests/requests/by_auth_user/?auth_user_uid=7b186537-5f40-43fc-8545-09f04dcc7c84 HTTP/1.1" 200 2708
INFO 2025-08-31 17:46:13,363 basehttp 95682 6218330112 "OPTIONS /api/v1/product-requests/requests/by_seller/?auth_user_uid=c97f2da1-810c-4f86-98b4-18b722d5eecb&lat=-25.981334716600852&lng=28.11825766435106 HTTP/1.1" 200 0
INFO 2025-08-31 17:46:13,366 basehttp 95682 6235156480 "OPTIONS /api/v1/quotes/quotes/by_seller/?auth_user_uid=c97f2da1-810c-4f86-98b4-18b722d5eecb HTTP/1.1" 200 0
INFO 2025-08-31 17:46:13,748 basehttp 95682 6218330112 "GET /api/v1/quotes/quotes/by_seller/?auth_user_uid=c97f2da1-810c-4f86-98b4-18b722d5eecb HTTP/1.1" 200 7818
INFO 2025-08-31 17:46:13,843 basehttp 95682 6235156480 "GET /api/v1/product-requests/requests/by_seller/?auth_user_uid=c97f2da1-810c-4f86-98b4-18b722d5eecb&lat=-25.981334716600852&lng=28.11825766435106 HTTP/1.1" 200 9766
INFO 2025-08-31 17:48:07,821 basehttp 95682 6235156480 "OPTIONS /api/v1/product-requests/requests/by_seller/?auth_user_uid=c97f2da1-810c-4f86-98b4-18b722d5eecb&lat=-25.981385749739342&lng=28.118302655007074 HTTP/1.1" 200 0
INFO 2025-08-31 17:48:08,030 basehttp 95682 6235156480 "GET /api/v1/product-requests/requests/by_seller/?auth_user_uid=c97f2da1-810c-4f86-98b4-18b722d5eecb&lat=-25.981385749739342&lng=28.118302655007074 HTTP/1.1" 200 9767
INFO 2025-08-31 17:48:08,039 basehttp 95682 6218330112 "GET /api/v1/quotes/quotes/by_seller/?auth_user_uid=c97f2da1-810c-4f86-98b4-18b722d5eecb HTTP/1.1" 200 7818
INFO 2025-08-31 17:48:09,210 basehttp 95682 6218330112 "GET /api/v1/product-requests/requests/by_seller/?auth_user_uid=c97f2da1-810c-4f86-98b4-18b722d5eecb&lat=-25.981385749739342&lng=28.118302655007074 HTTP/1.1" 200 9767
INFO 2025-08-31 17:48:09,214 basehttp 95682 6235156480 "GET /api/v1/quotes/quotes/by_seller/?auth_user_uid=c97f2da1-810c-4f86-98b4-18b722d5eecb HTTP/1.1" 200 7818
INFO 2025-08-31 17:57:16,142 autoreload 95682 8333493696 /Users/thulanimoyo/MEGA downloads/new downloads/BIDR_Backend/product_management_service/product_requests/views.py changed, reloading.
INFO 2025-08-31 17:57:17,302 autoreload 67707 8333493696 Watching for file changes with StatReloader
INFO 2025-08-31 18:13:49,504 autoreload 76905 8333493696 Watching for file changes with StatReloader
INFO 2025-08-31 18:13:58,938 basehttp 76905 6254833664 "OPTIONS /api/v1/product-requests/requests/by_seller/?auth_user_uid=c97f2da1-810c-4f86-98b4-18b722d5eecb&lat=-25.981354187606318&lng=28.1183591800706 HTTP/1.1" 200 0
INFO 2025-08-31 18:13:59,171 basehttp 76905 6271660032 "GET /api/v1/quotes/quotes/by_seller/?auth_user_uid=c97f2da1-810c-4f86-98b4-18b722d5eecb HTTP/1.1" 200 7818
INFO 2025-08-31 18:13:59,184 basehttp 76905 6254833664 "GET /api/v1/product-requests/requests/by_seller/?auth_user_uid=c97f2da1-810c-4f86-98b4-18b722d5eecb&lat=-25.981354187606318&lng=28.1183591800706 HTTP/1.1" 200 9749
INFO 2025-08-31 18:14:00,480 basehttp 76905 6271660032 "GET /api/v1/quotes/quotes/by_seller/?auth_user_uid=c97f2da1-810c-4f86-98b4-18b722d5eecb HTTP/1.1" 200 7818
INFO 2025-08-31 18:14:00,486 basehttp 76905 6254833664 "GET /api/v1/product-requests/requests/by_seller/?auth_user_uid=c97f2da1-810c-4f86-98b4-18b722d5eecb&lat=-25.981354187606318&lng=28.1183591800706 HTTP/1.1" 200 9749
INFO 2025-08-31 18:21:01,089 basehttp 76905 6254833664 "GET /api/v1/product-requests/requests/by_seller/?auth_user_uid=c97f2da1-810c-4f86-98b4-18b722d5eecb&lat=-25.981354187606318&lng=28.1183591800706 HTTP/1.1" 200 9749
INFO 2025-08-31 18:21:01,097 basehttp 76905 6271660032 "GET /api/v1/quotes/quotes/by_seller/?auth_user_uid=c97f2da1-810c-4f86-98b4-18b722d5eecb HTTP/1.1" 200 7818
INFO 2025-08-31 18:21:02,341 basehttp 76905 6254833664 "GET /api/v1/quotes/quotes/by_seller/?auth_user_uid=c97f2da1-810c-4f86-98b4-18b722d5eecb HTTP/1.1" 200 7818
INFO 2025-08-31 18:21:02,362 basehttp 76905 6271660032 "GET /api/v1/product-requests/requests/by_seller/?auth_user_uid=c97f2da1-810c-4f86-98b4-18b722d5eecb&lat=-25.981354187606318&lng=28.1183591800706 HTTP/1.1" 200 9749
INFO 2025-08-31 18:22:34,196 basehttp 76905 6254833664 "GET /api/v1/product-requests/requests/by_seller/?auth_user_uid=c97f2da1-810c-4f86-98b4-18b722d5eecb&lat=-25.981354187606318&lng=28.1183591800706 HTTP/1.1" 200 9749
INFO 2025-08-31 18:22:34,200 basehttp 76905 6271660032 "GET /api/v1/quotes/quotes/by_seller/?auth_user_uid=c97f2da1-810c-4f86-98b4-18b722d5eecb HTTP/1.1" 200 7818
INFO 2025-08-31 18:22:35,127 basehttp 76905 6271660032 "GET /api/v1/product-requests/requests/by_seller/?auth_user_uid=c97f2da1-810c-4f86-98b4-18b722d5eecb&lat=-25.981354187606318&lng=28.1183591800706 HTTP/1.1" 200 9749
INFO 2025-08-31 18:22:35,139 basehttp 76905 6254833664 "GET /api/v1/quotes/quotes/by_seller/?auth_user_uid=c97f2da1-810c-4f86-98b4-18b722d5eecb HTTP/1.1" 200 7818
INFO 2025-08-31 18:23:11,892 autoreload 76905 8333493696 /Users/thulanimoyo/MEGA downloads/new downloads/BIDR_Backend/product_management_service/product_requests/views.py changed, reloading.
INFO 2025-08-31 18:23:12,758 autoreload 82417 8333493696 Watching for file changes with StatReloader
INFO 2025-08-31 18:23:29,499 basehttp 82417 6204796928 "GET /api/v1/quotes/quotes/by_seller/?auth_user_uid=c97f2da1-810c-4f86-98b4-18b722d5eecb HTTP/1.1" 200 7818
INFO 2025-08-31 18:23:29,625 basehttp 82417 6187970560 "GET /api/v1/product-requests/requests/by_seller/?auth_user_uid=c97f2da1-810c-4f86-98b4-18b722d5eecb&lat=-25.981354187606318&lng=28.1183591800706 HTTP/1.1" 200 11712
INFO 2025-08-31 18:23:31,359 basehttp 82417 6204796928 "GET /api/v1/quotes/quotes/by_seller/?auth_user_uid=c97f2da1-810c-4f86-98b4-18b722d5eecb HTTP/1.1" 200 7818
INFO 2025-08-31 18:23:31,377 basehttp 82417 6187970560 "GET /api/v1/product-requests/requests/by_seller/?auth_user_uid=c97f2da1-810c-4f86-98b4-18b722d5eecb&lat=-25.981354187606318&lng=28.1183591800706 HTTP/1.1" 200 11712
INFO 2025-08-31 18:25:41,348 autoreload 83779 8333493696 Watching for file changes with StatReloader
INFO 2025-08-31 18:25:44,473 basehttp 83779 12918534144 "GET /api/v1/quotes/quotes/by_seller/?auth_user_uid=c97f2da1-810c-4f86-98b4-18b722d5eecb HTTP/1.1" 200 7818
INFO 2025-08-31 18:25:44,490 basehttp 83779 12901707776 "GET /api/v1/product-requests/requests/by_seller/?auth_user_uid=c97f2da1-810c-4f86-98b4-18b722d5eecb&lat=-25.981354187606318&lng=28.1183591800706 HTTP/1.1" 200 11712
INFO 2025-08-31 18:25:55,148 basehttp 83779 12918534144 "GET /api/v1/quotes/quotes/by_seller/?auth_user_uid=c97f2da1-810c-4f86-98b4-18b722d5eecb HTTP/1.1" 200 7818
INFO 2025-08-31 18:25:55,158 basehttp 83779 12901707776 "GET /api/v1/product-requests/requests/by_seller/?auth_user_uid=c97f2da1-810c-4f86-98b4-18b722d5eecb&lat=-25.981354187606318&lng=28.1183591800706 HTTP/1.1" 200 11712
INFO 2025-08-31 18:26:21,728 basehttp 83779 12901707776 "GET /api/v1/quotes/quotes/by_seller/?auth_user_uid=c97f2da1-810c-4f86-98b4-18b722d5eecb HTTP/1.1" 200 27033
INFO 2025-08-31 18:26:21,760 basehttp 83779 12918534144 "GET /static/rest_framework/css/bootstrap-tweaks.css HTTP/1.1" 200 3426
INFO 2025-08-31 18:26:21,763 basehttp 83779 12952186880 "GET /static/rest_framework/css/default.css HTTP/1.1" 200 1152
INFO 2025-08-31 18:26:21,763 basehttp 83779 12935360512 "GET /static/rest_framework/css/prettify.css HTTP/1.1" 200 817
INFO 2025-08-31 18:26:21,765 basehttp 83779 12985839616 "GET /static/rest_framework/js/ajax-form.js HTTP/1.1" 200 3796
INFO 2025-08-31 18:26:21,768 basehttp 83779 12918534144 "GET /static/rest_framework/js/csrf.js HTTP/1.1" 200 1793
INFO 2025-08-31 18:26:21,770 basehttp 83779 12985839616 "GET /static/rest_framework/js/default.js HTTP/1.1" 200 1268
INFO 2025-08-31 18:26:21,771 basehttp 83779 12935360512 "GET /static/rest_framework/js/prettify-min.js HTTP/1.1" 200 13632
INFO 2025-08-31 18:26:21,772 basehttp 83779 12901707776 "GET /static/rest_framework/css/bootstrap.min.css HTTP/1.1" 200 121457
INFO 2025-08-31 18:26:21,772 basehttp 83779 12918534144 "GET /static/rest_framework/js/load-ajax-form.js HTTP/1.1" 200 59
INFO 2025-08-31 18:26:21,773 basehttp 83779 12952186880 "GET /static/rest_framework/js/bootstrap.min.js HTTP/1.1" 200 39680
INFO 2025-08-31 18:26:21,773 basehttp 83779 12969013248 "GET /static/rest_framework/js/jquery-3.7.1.min.js HTTP/1.1" 200 87533
INFO 2025-08-31 18:26:21,795 basehttp 83779 12969013248 "GET /static/rest_framework/img/grid.png HTTP/1.1" 200 1458
INFO 2025-08-31 18:26:21,809 basehttp 83779 12969013248 "GET /static/rest_framework/fonts/glyphicons-halflings-regular.woff2 HTTP/1.1" 200 18028
INFO 2025-08-31 18:26:24,014 autoreload 83779 8333493696 /Users/thulanimoyo/MEGA downloads/new downloads/BIDR_Backend/product_management_service/core/auth_service.py changed, reloading.
INFO 2025-08-31 18:26:25,048 autoreload 84305 8333493696 Watching for file changes with StatReloader
INFO 2025-08-31 18:27:51,372 basehttp 84305 6243037184 "GET /api/v1/product-requests/requests/by_seller/?auth_user_uid=c97f2da1-810c-4f86-98b4-18b722d5eecb&lat=-25.981354187606318&lng=28.1183591800706 HTTP/1.1" 200 11712
INFO 2025-08-31 18:27:52,254 basehttp 84305 6259863552 "GET /api/v1/quotes/quotes/by_seller/?auth_user_uid=c97f2da1-810c-4f86-98b4-18b722d5eecb HTTP/1.1" 200 7818
INFO 2025-08-31 18:27:55,181 basehttp 84305 6259863552 "GET /api/v1/product-requests/requests/by_seller/?auth_user_uid=c97f2da1-810c-4f86-98b4-18b722d5eecb&lat=-25.981354187606318&lng=28.1183591800706 HTTP/1.1" 200 11712
INFO 2025-08-31 18:27:55,884 basehttp 84305 6243037184 "GET /api/v1/quotes/quotes/by_seller/?auth_user_uid=c97f2da1-810c-4f86-98b4-18b722d5eecb HTTP/1.1" 200 7818
INFO 2025-08-31 18:29:13,689 autoreload 84305 8333493696 /Users/thulanimoyo/MEGA downloads/new downloads/BIDR_Backend/product_management_service/core/auth_service.py changed, reloading.
INFO 2025-08-31 18:29:14,874 autoreload 85967 8333493696 Watching for file changes with StatReloader
INFO 2025-08-31 18:30:47,759 basehttp 85967 6215675904 "GET /api/v1/product-requests/requests/by_seller/?auth_user_uid=c97f2da1-810c-4f86-98b4-18b722d5eecb&lat=-25.981354187606318&lng=28.1183591800706 HTTP/1.1" 200 11712
INFO 2025-08-31 18:30:47,784 basehttp 85967 6232502272 "GET /api/v1/quotes/quotes/by_seller/?auth_user_uid=c97f2da1-810c-4f86-98b4-18b722d5eecb HTTP/1.1" 200 7485
INFO 2025-08-31 18:31:59,185 basehttp 85967 6232502272 "GET /api/v1/quotes/quotes/by_seller/?auth_user_uid=c97f2da1-810c-4f86-98b4-18b722d5eecb HTTP/1.1" 200 7485
INFO 2025-08-31 18:31:59,200 basehttp 85967 6215675904 "GET /api/v1/product-requests/requests/by_seller/?auth_user_uid=c97f2da1-810c-4f86-98b4-18b722d5eecb&lat=-25.981354187606318&lng=28.1183591800706 HTTP/1.1" 200 11712
INFO 2025-08-31 18:32:05,777 basehttp 85967 6215675904 "GET /api/v1/product-requests/requests/by_seller/?auth_user_uid=c97f2da1-810c-4f86-98b4-18b722d5eecb&lat=-25.981354187606318&lng=28.1183591800706 HTTP/1.1" 200 43062
INFO 2025-08-31 18:32:57,515 basehttp 85967 6266728448 "GET /api/v1/quotes/quotes/by_seller/?auth_user_uid=c97f2da1-810c-4f86-98b4-18b722d5eecb HTTP/1.1" 200 7485
INFO 2025-08-31 18:32:57,520 basehttp 85967 6249902080 "GET /api/v1/product-requests/requests/by_seller/?auth_user_uid=c97f2da1-810c-4f86-98b4-18b722d5eecb&lat=-25.981354187606318&lng=28.1183591800706 HTTP/1.1" 200 11712
INFO 2025-08-31 18:32:58,571 basehttp 85967 6249902080 "GET /api/v1/product-requests/requests/by_seller/?auth_user_uid=c97f2da1-810c-4f86-98b4-18b722d5eecb&lat=-25.981354187606318&lng=28.1183591800706 HTTP/1.1" 200 11712
INFO 2025-08-31 18:32:58,575 basehttp 85967 6266728448 "GET /api/v1/quotes/quotes/by_seller/?auth_user_uid=c97f2da1-810c-4f86-98b4-18b722d5eecb HTTP/1.1" 200 7485
INFO 2025-08-31 18:35:29,383 basehttp 85967 6232502272 "GET /api/v1/quotes/quotes/by_seller/?auth_user_uid=c97f2da1-810c-4f86-98b4-18b722d5eecb HTTP/1.1" 200 7485
INFO 2025-08-31 18:35:29,387 basehttp 85967 6215675904 "GET /api/v1/product-requests/requests/by_seller/?auth_user_uid=c97f2da1-810c-4f86-98b4-18b722d5eecb&lat=-25.981354187606318&lng=28.1183591800706 HTTP/1.1" 200 11712
INFO 2025-08-31 18:35:39,357 basehttp 85967 6215675904 "OPTIONS /api/v1/product-requests/requests/by_seller/?auth_user_uid=c97f2da1-810c-4f86-98b4-18b722d5eecb&lat=-25.98131496005462&lng=28.118297407880068 HTTP/1.1" 200 0
INFO 2025-08-31 18:35:39,541 basehttp 85967 6232502272 "GET /api/v1/quotes/quotes/by_seller/?auth_user_uid=c97f2da1-810c-4f86-98b4-18b722d5eecb HTTP/1.1" 200 7485
INFO 2025-08-31 18:35:39,544 basehttp 85967 6215675904 "GET /api/v1/product-requests/requests/by_seller/?auth_user_uid=c97f2da1-810c-4f86-98b4-18b722d5eecb&lat=-25.98131496005462&lng=28.118297407880068 HTTP/1.1" 200 11713
INFO 2025-08-31 18:35:41,119 basehttp 85967 6215675904 "GET /api/v1/product-requests/requests/by_seller/?auth_user_uid=c97f2da1-810c-4f86-98b4-18b722d5eecb&lat=-25.98131496005462&lng=28.118297407880068 HTTP/1.1" 200 11713
INFO 2025-08-31 18:35:41,137 basehttp 85967 6232502272 "GET /api/v1/quotes/quotes/by_seller/?auth_user_uid=c97f2da1-810c-4f86-98b4-18b722d5eecb HTTP/1.1" 200 7485
INFO 2025-08-31 18:37:10,907 basehttp 85967 6215675904 "OPTIONS /api/v1/product-requests/requests/by_seller/?auth_user_uid=c97f2da1-810c-4f86-98b4-18b722d5eecb&lat=-25.98136451836514&lng=28.118273862226104 HTTP/1.1" 200 0
INFO 2025-08-31 18:37:11,131 basehttp 85967 6215675904 "GET /api/v1/product-requests/requests/by_seller/?auth_user_uid=c97f2da1-810c-4f86-98b4-18b722d5eecb&lat=-25.98136451836514&lng=28.118273862226104 HTTP/1.1" 200 11713
INFO 2025-08-31 18:37:11,141 basehttp 85967 6232502272 "GET /api/v1/quotes/quotes/by_seller/?auth_user_uid=c97f2da1-810c-4f86-98b4-18b722d5eecb HTTP/1.1" 200 7485
INFO 2025-08-31 18:37:12,657 basehttp 85967 6232502272 "GET /api/v1/quotes/quotes/by_seller/?auth_user_uid=c97f2da1-810c-4f86-98b4-18b722d5eecb HTTP/1.1" 200 7485
INFO 2025-08-31 18:37:12,660 basehttp 85967 6215675904 "GET /api/v1/product-requests/requests/by_seller/?auth_user_uid=c97f2da1-810c-4f86-98b4-18b722d5eecb&lat=-25.98136451836514&lng=28.118273862226104 HTTP/1.1" 200 11713
INFO 2025-08-31 18:37:16,687 basehttp 85967 6232502272 "GET /api/v1/quotes/quotes/by_seller/?auth_user_uid=c97f2da1-810c-4f86-98b4-18b722d5eecb HTTP/1.1" 200 7485
INFO 2025-08-31 18:37:16,697 basehttp 85967 6215675904 "GET /api/v1/product-requests/requests/by_seller/?auth_user_uid=c97f2da1-810c-4f86-98b4-18b722d5eecb&lat=-25.98136451836514&lng=28.118273862226104 HTTP/1.1" 200 11713
INFO 2025-08-31 18:37:23,946 basehttp 85967 6215675904 "OPTIONS /api/v1/quotes/quotes/ HTTP/1.1" 200 0
INFO 2025-08-31 18:37:23,976 basehttp 85967 6215675904 "POST /api/v1/quotes/quotes/ HTTP/1.1" 201 531
INFO 2025-08-31 18:37:24,198 basehttp 85967 6215675904 "GET /api/v1/product-requests/requests/by_seller/?auth_user_uid=c97f2da1-810c-4f86-98b4-18b722d5eecb&lat=-25.98136451836514&lng=28.118273862226104 HTTP/1.1" 200 12256
INFO 2025-08-31 18:37:24,332 basehttp 85967 6215675904 "GET /api/v1/quotes/quotes/by_seller/?auth_user_uid=c97f2da1-810c-4f86-98b4-18b722d5eecb HTTP/1.1" 200 8301
INFO 2025-08-31 18:37:52,898 basehttp 85967 6232502272 "GET /api/v1/quotes/quotes/by_seller/?auth_user_uid=c97f2da1-810c-4f86-98b4-18b722d5eecb HTTP/1.1" 200 8301
INFO 2025-08-31 18:37:52,907 basehttp 85967 6215675904 "GET /api/v1/product-requests/requests/by_seller/?auth_user_uid=c97f2da1-810c-4f86-98b4-18b722d5eecb&lat=-25.98136451836514&lng=28.118273862226104 HTTP/1.1" 200 12256
INFO 2025-08-31 18:38:05,192 basehttp 85967 6215675904 "POST /api/v1/quotes/quotes/ HTTP/1.1" 201 532
INFO 2025-08-31 18:38:05,346 basehttp 85967 6215675904 "GET /api/v1/product-requests/requests/by_seller/?auth_user_uid=c97f2da1-810c-4f86-98b4-18b722d5eecb&lat=-25.98136451836514&lng=28.118273862226104 HTTP/1.1" 200 12800
INFO 2025-08-31 18:38:05,440 basehttp 85967 6215675904 "GET /api/v1/quotes/quotes/by_seller/?auth_user_uid=c97f2da1-810c-4f86-98b4-18b722d5eecb HTTP/1.1" 200 9116
INFO 2025-08-31 18:41:09,728 basehttp 85967 6232502272 "GET /api/v1/quotes/quotes/by_seller/?auth_user_uid=c97f2da1-810c-4f86-98b4-18b722d5eecb HTTP/1.1" 200 9116
INFO 2025-08-31 18:41:09,734 basehttp 85967 6215675904 "GET /api/v1/product-requests/requests/by_seller/?auth_user_uid=c97f2da1-810c-4f86-98b4-18b722d5eecb&lat=-25.98136451836514&lng=28.118273862226104 HTTP/1.1" 200 12800
INFO 2025-08-31 18:41:35,745 basehttp 85967 6215675904 "GET /api/v1/product-requests/requests/by_seller/?auth_user_uid=c97f2da1-810c-4f86-98b4-18b722d5eecb&lat=-25.98136451836514&lng=28.118273862226104 HTTP/1.1" 200 12800
INFO 2025-08-31 18:41:35,752 basehttp 85967 6232502272 "GET /api/v1/quotes/quotes/by_seller/?auth_user_uid=c97f2da1-810c-4f86-98b4-18b722d5eecb HTTP/1.1" 200 9116
INFO 2025-08-31 18:41:39,365 basehttp 85967 6232502272 "GET /api/v1/quotes/quotes/by_seller/?auth_user_uid=c97f2da1-810c-4f86-98b4-18b722d5eecb HTTP/1.1" 200 9116
INFO 2025-08-31 18:41:39,369 basehttp 85967 6215675904 "GET /api/v1/product-requests/requests/by_seller/?auth_user_uid=c97f2da1-810c-4f86-98b4-18b722d5eecb&lat=-25.98136451836514&lng=28.118273862226104 HTTP/1.1" 200 12800
INFO 2025-08-31 18:42:39,151 basehttp 85967 6215675904 "OPTIONS /api/v1/product-requests/requests/by_seller/?auth_user_uid=c97f2da1-810c-4f86-98b4-18b722d5eecb&lat=-25.981325073529135&lng=28.118310210557354 HTTP/1.1" 200 0
INFO 2025-08-31 18:42:39,371 basehttp 85967 6215675904 "GET /api/v1/product-requests/requests/by_seller/?auth_user_uid=c97f2da1-810c-4f86-98b4-18b722d5eecb&lat=-25.981325073529135&lng=28.118310210557354 HTTP/1.1" 200 12801
INFO 2025-08-31 18:42:39,396 basehttp 85967 6232502272 "GET /api/v1/quotes/quotes/by_seller/?auth_user_uid=c97f2da1-810c-4f86-98b4-18b722d5eecb HTTP/1.1" 200 9116
INFO 2025-08-31 18:42:40,981 basehttp 85967 6232502272 "GET /api/v1/product-requests/requests/by_seller/?auth_user_uid=c97f2da1-810c-4f86-98b4-18b722d5eecb&lat=-25.981325073529135&lng=28.118310210557354 HTTP/1.1" 200 12801
INFO 2025-08-31 18:42:40,992 basehttp 85967 6215675904 "GET /api/v1/quotes/quotes/by_seller/?auth_user_uid=c97f2da1-810c-4f86-98b4-18b722d5eecb HTTP/1.1" 200 9116
INFO 2025-08-31 18:42:43,816 basehttp 85967 6215675904 "GET /api/v1/product-requests/requests/by_seller/?auth_user_uid=c97f2da1-810c-4f86-98b4-18b722d5eecb&lat=-25.981325073529135&lng=28.118310210557354 HTTP/1.1" 200 12801
INFO 2025-08-31 18:42:43,822 basehttp 85967 6232502272 "GET /api/v1/quotes/quotes/by_seller/?auth_user_uid=c97f2da1-810c-4f86-98b4-18b722d5eecb HTTP/1.1" 200 9116
INFO 2025-08-31 18:48:08,920 basehttp 85967 6215675904 "OPTIONS /api/v1/product-requests/requests/by_seller/?auth_user_uid=c97f2da1-810c-4f86-98b4-18b722d5eecb&lat=-25.98137404576635&lng=28.118318385699446 HTTP/1.1" 200 0
INFO 2025-08-31 18:48:09,174 basehttp 85967 6215675904 "GET /api/v1/product-requests/requests/by_seller/?auth_user_uid=c97f2da1-810c-4f86-98b4-18b722d5eecb&lat=-25.98137404576635&lng=28.118318385699446 HTTP/1.1" 200 12800
INFO 2025-08-31 18:48:09,206 basehttp 85967 6232502272 "GET /api/v1/quotes/quotes/by_seller/?auth_user_uid=c97f2da1-810c-4f86-98b4-18b722d5eecb HTTP/1.1" 200 9116
INFO 2025-08-31 18:48:10,997 basehttp 85967 6232502272 "GET /api/v1/product-requests/requests/by_seller/?auth_user_uid=c97f2da1-810c-4f86-98b4-18b722d5eecb&lat=-25.98137404576635&lng=28.118318385699446 HTTP/1.1" 200 12800
INFO 2025-08-31 18:48:11,003 basehttp 85967 6215675904 "GET /api/v1/quotes/quotes/by_seller/?auth_user_uid=c97f2da1-810c-4f86-98b4-18b722d5eecb HTTP/1.1" 200 9116
INFO 2025-08-31 18:48:13,320 basehttp 85967 6232502272 "GET /api/v1/quotes/quotes/by_seller/?auth_user_uid=c97f2da1-810c-4f86-98b4-18b722d5eecb HTTP/1.1" 200 9116
INFO 2025-08-31 18:48:13,324 basehttp 85967 6215675904 "GET /api/v1/product-requests/requests/by_seller/?auth_user_uid=c97f2da1-810c-4f86-98b4-18b722d5eecb&lat=-25.98137404576635&lng=28.118318385699446 HTTP/1.1" 200 12800
INFO 2025-08-31 18:50:39,212 basehttp 85967 6215675904 "OPTIONS /api/v1/product-requests/requests/by_seller/?auth_user_uid=c97f2da1-810c-4f86-98b4-18b722d5eecb&lat=-25.981350626032484&lng=28.11831092453644 HTTP/1.1" 200 0
INFO 2025-08-31 18:50:39,521 basehttp 85967 6232502272 "GET /api/v1/quotes/quotes/by_seller/?auth_user_uid=c97f2da1-810c-4f86-98b4-18b722d5eecb HTTP/1.1" 200 9116
INFO 2025-08-31 18:50:39,531 basehttp 85967 6215675904 "GET /api/v1/product-requests/requests/by_seller/?auth_user_uid=c97f2da1-810c-4f86-98b4-18b722d5eecb&lat=-25.981350626032484&lng=28.11831092453644 HTTP/1.1" 200 12800
INFO 2025-08-31 18:50:39,803 basehttp 85967 6215675904 "GET /api/v1/product-requests/requests/by_seller/?auth_user_uid=c97f2da1-810c-4f86-98b4-18b722d5eecb&lat=-25.981350626032484&lng=28.11831092453644 HTTP/1.1" 200 12800
INFO 2025-08-31 18:50:39,807 basehttp 85967 6232502272 "GET /api/v1/quotes/quotes/by_seller/?auth_user_uid=c97f2da1-810c-4f86-98b4-18b722d5eecb HTTP/1.1" 200 9116
INFO 2025-08-31 18:55:08,255 basehttp 85967 6215675904 "GET /api/v1/product-requests/requests/by_seller/?auth_user_uid=c97f2da1-810c-4f86-98b4-18b722d5eecb&lat=-25.981350626032484&lng=28.11831092453644 HTTP/1.1" 200 12800
INFO 2025-08-31 18:55:08,280 basehttp 85967 6232502272 "GET /api/v1/quotes/quotes/by_seller/?auth_user_uid=c97f2da1-810c-4f86-98b4-18b722d5eecb HTTP/1.1" 200 9116
INFO 2025-08-31 18:55:09,976 basehttp 85967 6232502272 "GET /api/v1/product-requests/requests/by_seller/?auth_user_uid=c97f2da1-810c-4f86-98b4-18b722d5eecb&lat=-25.981350626032484&lng=28.11831092453644 HTTP/1.1" 200 12800
INFO 2025-08-31 18:55:09,979 basehttp 85967 6215675904 "GET /api/v1/quotes/quotes/by_seller/?auth_user_uid=c97f2da1-810c-4f86-98b4-18b722d5eecb HTTP/1.1" 200 9116
INFO 2025-08-31 18:55:11,641 basehttp 85967 6215675904 "GET /api/v1/product-requests/requests/by_seller/?auth_user_uid=c97f2da1-810c-4f86-98b4-18b722d5eecb&lat=-25.981350626032484&lng=28.11831092453644 HTTP/1.1" 200 12800
INFO 2025-08-31 18:55:11,646 basehttp 85967 6232502272 "GET /api/v1/quotes/quotes/by_seller/?auth_user_uid=c97f2da1-810c-4f86-98b4-18b722d5eecb HTTP/1.1" 200 9116
INFO 2025-08-31 18:55:56,735 basehttp 85967 6232502272 "GET /api/v1/quotes/quotes/by_seller/?auth_user_uid=c97f2da1-810c-4f86-98b4-18b722d5eecb HTTP/1.1" 200 9116
INFO 2025-08-31 18:55:56,745 basehttp 85967 6215675904 "GET /api/v1/product-requests/requests/by_seller/?auth_user_uid=c97f2da1-810c-4f86-98b4-18b722d5eecb&lat=-25.981350626032484&lng=28.11831092453644 HTTP/1.1" 200 12799
INFO 2025-08-31 18:59:31,308 basehttp 85967 6215675904 "OPTIONS /api/v1/product-requests/requests/by_seller/?auth_user_uid=c97f2da1-810c-4f86-98b4-18b722d5eecb&lat=-25.981330174096286&lng=28.118315879844683 HTTP/1.1" 200 0
INFO 2025-08-31 18:59:31,501 basehttp 85967 6232502272 "GET /api/v1/quotes/quotes/by_seller/?auth_user_uid=c97f2da1-810c-4f86-98b4-18b722d5eecb HTTP/1.1" 200 9116
INFO 2025-08-31 18:59:31,504 basehttp 85967 6215675904 "GET /api/v1/product-requests/requests/by_seller/?auth_user_uid=c97f2da1-810c-4f86-98b4-18b722d5eecb&lat=-25.981330174096286&lng=28.118315879844683 HTTP/1.1" 200 12800
INFO 2025-08-31 18:59:33,133 basehttp 85967 6215675904 "GET /api/v1/product-requests/requests/by_seller/?auth_user_uid=c97f2da1-810c-4f86-98b4-18b722d5eecb&lat=-25.981330174096286&lng=28.118315879844683 HTTP/1.1" 200 12800
INFO 2025-08-31 18:59:33,136 basehttp 85967 6232502272 "GET /api/v1/quotes/quotes/by_seller/?auth_user_uid=c97f2da1-810c-4f86-98b4-18b722d5eecb HTTP/1.1" 200 9116
INFO 2025-08-31 19:01:12,173 basehttp 85967 6215675904 "GET /api/v1/product-requests/requests/by_seller/?auth_user_uid=c97f2da1-810c-4f86-98b4-18b722d5eecb&lat=-25.981330174096286&lng=28.118315879844683 HTTP/1.1" 200 12800
INFO 2025-08-31 19:01:12,213 basehttp 85967 6232502272 "GET /api/v1/quotes/quotes/by_seller/?auth_user_uid=c97f2da1-810c-4f86-98b4-18b722d5eecb HTTP/1.1" 200 9116
INFO 2025-08-31 19:03:51,287 basehttp 85967 6215675904 "OPTIONS /api/v1/product-requests/requests/by_seller/?auth_user_uid=c97f2da1-810c-4f86-98b4-18b722d5eecb&lat=-25.981325072812655&lng=28.118310210947755 HTTP/1.1" 200 0
INFO 2025-08-31 19:03:51,554 basehttp 85967 6232502272 "GET /api/v1/quotes/quotes/by_seller/?auth_user_uid=c97f2da1-810c-4f86-98b4-18b722d5eecb HTTP/1.1" 200 9116
INFO 2025-08-31 19:03:51,558 basehttp 85967 6215675904 "GET /api/v1/product-requests/requests/by_seller/?auth_user_uid=c97f2da1-810c-4f86-98b4-18b722d5eecb&lat=-25.981325072812655&lng=28.118310210947755 HTTP/1.1" 200 12800
INFO 2025-08-31 19:03:53,617 basehttp 85967 6232502272 "GET /api/v1/quotes/quotes/by_seller/?auth_user_uid=c97f2da1-810c-4f86-98b4-18b722d5eecb HTTP/1.1" 200 9116
INFO 2025-08-31 19:03:53,621 basehttp 85967 6215675904 "GET /api/v1/product-requests/requests/by_seller/?auth_user_uid=c97f2da1-810c-4f86-98b4-18b722d5eecb&lat=-25.981325072812655&lng=28.118310210947755 HTTP/1.1" 200 12800
INFO 2025-08-31 19:05:14,844 basehttp 85967 6215675904 "OPTIONS /api/v1/product-requests/requests/by_seller/?auth_user_uid=c97f2da1-810c-4f86-98b4-18b722d5eecb&lat=-25.981355880449737&lng=28.11825403990047 HTTP/1.1" 200 0
INFO 2025-08-31 19:05:15,079 basehttp 85967 6232502272 "GET /api/v1/quotes/quotes/by_seller/?auth_user_uid=c97f2da1-810c-4f86-98b4-18b722d5eecb HTTP/1.1" 200 9116
INFO 2025-08-31 19:05:15,093 basehttp 85967 6215675904 "GET /api/v1/product-requests/requests/by_seller/?auth_user_uid=c97f2da1-810c-4f86-98b4-18b722d5eecb&lat=-25.981355880449737&lng=28.11825403990047 HTTP/1.1" 200 12799
INFO 2025-08-31 19:05:17,142 basehttp 85967 6232502272 "GET /api/v1/quotes/quotes/by_seller/?auth_user_uid=c97f2da1-810c-4f86-98b4-18b722d5eecb HTTP/1.1" 200 9116
INFO 2025-08-31 19:05:17,148 basehttp 85967 6215675904 "GET /api/v1/product-requests/requests/by_seller/?auth_user_uid=c97f2da1-810c-4f86-98b4-18b722d5eecb&lat=-25.981355880449737&lng=28.11825403990047 HTTP/1.1" 200 12799
INFO 2025-08-31 19:05:37,696 basehttp 85967 6215675904 "OPTIONS /api/v1/product-requests/requests/by_seller/?auth_user_uid=c97f2da1-810c-4f86-98b4-18b722d5eecb&lat=-25.98139409167479&lng=28.118260786606314 HTTP/1.1" 200 0
INFO 2025-08-31 19:05:38,050 basehttp 85967 6215675904 "GET /api/v1/product-requests/requests/by_seller/?auth_user_uid=c97f2da1-810c-4f86-98b4-18b722d5eecb&lat=-25.98139409167479&lng=28.118260786606314 HTTP/1.1" 200 12799
INFO 2025-08-31 19:05:38,056 basehttp 85967 6232502272 "GET /api/v1/quotes/quotes/by_seller/?auth_user_uid=c97f2da1-810c-4f86-98b4-18b722d5eecb HTTP/1.1" 200 9116
INFO 2025-08-31 19:05:39,499 basehttp 85967 6232502272 "GET /api/v1/product-requests/requests/by_seller/?auth_user_uid=c97f2da1-810c-4f86-98b4-18b722d5eecb&lat=-25.98139409167479&lng=28.118260786606314 HTTP/1.1" 200 12799
INFO 2025-08-31 19:05:39,503 basehttp 85967 6215675904 "GET /api/v1/quotes/quotes/by_seller/?auth_user_uid=c97f2da1-810c-4f86-98b4-18b722d5eecb HTTP/1.1" 200 9116
INFO 2025-08-31 19:09:05,618 basehttp 85967 6215675904 "OPTIONS /api/v1/product-requests/requests/by_seller/?auth_user_uid=c97f2da1-810c-4f86-98b4-18b722d5eecb&lat=-25.981355958736934&lng=28.11825151650032 HTTP/1.1" 200 0
INFO 2025-08-31 19:09:06,015 basehttp 85967 6215675904 "GET /api/v1/product-requests/requests/by_seller/?auth_user_uid=c97f2da1-810c-4f86-98b4-18b722d5eecb&lat=-25.981355958736934&lng=28.11825151650032 HTTP/1.1" 200 12799
INFO 2025-08-31 19:09:06,039 basehttp 85967 6232502272 "GET /api/v1/quotes/quotes/by_seller/?auth_user_uid=c97f2da1-810c-4f86-98b4-18b722d5eecb HTTP/1.1" 200 9116
INFO 2025-08-31 19:09:07,619 basehttp 85967 6215675904 "GET /api/v1/quotes/quotes/by_seller/?auth_user_uid=c97f2da1-810c-4f86-98b4-18b722d5eecb HTTP/1.1" 200 9116
INFO 2025-08-31 19:09:07,661 basehttp 85967 6232502272 "GET /api/v1/product-requests/requests/by_seller/?auth_user_uid=c97f2da1-810c-4f86-98b4-18b722d5eecb&lat=-25.981355958736934&lng=28.11825151650032 HTTP/1.1" 200 12799
INFO 2025-08-31 19:09:25,544 basehttp 85967 6232502272 "GET /api/v1/quotes/quotes/by_seller/?auth_user_uid=c97f2da1-810c-4f86-98b4-18b722d5eecb HTTP/1.1" 200 9116
INFO 2025-08-31 19:09:25,549 basehttp 85967 6215675904 "GET /api/v1/product-requests/requests/by_seller/?auth_user_uid=c97f2da1-810c-4f86-98b4-18b722d5eecb&lat=-25.981355958736934&lng=28.11825151650032 HTTP/1.1" 200 12799
INFO 2025-08-31 19:09:36,389 basehttp 85967 6215675904 "OPTIONS /api/v1/product-requests/requests/by_seller/?auth_user_uid=c97f2da1-810c-4f86-98b4-18b722d5eecb&lat=-25.981305808006034&lng=28.11840603285739 HTTP/1.1" 200 0
INFO 2025-08-31 19:09:36,789 basehttp 85967 6215675904 "GET /api/v1/product-requests/requests/by_seller/?auth_user_uid=c97f2da1-810c-4f86-98b4-18b722d5eecb&lat=-25.981305808006034&lng=28.11840603285739 HTTP/1.1" 200 12799
INFO 2025-08-31 19:09:36,792 basehttp 85967 6232502272 "GET /api/v1/quotes/quotes/by_seller/?auth_user_uid=c97f2da1-810c-4f86-98b4-18b722d5eecb HTTP/1.1" 200 9116
INFO 2025-08-31 19:09:38,480 basehttp 85967 6232502272 "GET /api/v1/product-requests/requests/by_seller/?auth_user_uid=c97f2da1-810c-4f86-98b4-18b722d5eecb&lat=-25.981305808006034&lng=28.11840603285739 HTTP/1.1" 200 12799
INFO 2025-08-31 19:09:38,484 basehttp 85967 6215675904 "GET /api/v1/quotes/quotes/by_seller/?auth_user_uid=c97f2da1-810c-4f86-98b4-18b722d5eecb HTTP/1.1" 200 9116
INFO 2025-08-31 19:11:15,964 basehttp 85967 6215675904 "OPTIONS /api/v1/product-requests/requests/by_seller/?auth_user_uid=c97f2da1-810c-4f86-98b4-18b722d5eecb&lat=-25.98130580473702&lng=28.118406046263697 HTTP/1.1" 200 0
INFO 2025-08-31 19:11:16,384 basehttp 85967 6232502272 "GET /api/v1/quotes/quotes/by_seller/?auth_user_uid=c97f2da1-810c-4f86-98b4-18b722d5eecb HTTP/1.1" 200 9116
INFO 2025-08-31 19:11:16,541 basehttp 85967 6215675904 "GET /api/v1/product-requests/requests/by_seller/?auth_user_uid=c97f2da1-810c-4f86-98b4-18b722d5eecb&lat=-25.98130580473702&lng=28.118406046263697 HTTP/1.1" 200 12799
INFO 2025-08-31 19:11:19,194 basehttp 85967 6232502272 "GET /api/v1/quotes/quotes/by_seller/?auth_user_uid=c97f2da1-810c-4f86-98b4-18b722d5eecb HTTP/1.1" 200 9116
INFO 2025-08-31 19:11:19,283 basehttp 85967 6215675904 "GET /api/v1/product-requests/requests/by_seller/?auth_user_uid=c97f2da1-810c-4f86-98b4-18b722d5eecb&lat=-25.98130580473702&lng=28.118406046263697 HTTP/1.1" 200 12799
INFO 2025-08-31 19:12:46,500 autoreload 85967 8333493696 /Users/thulanimoyo/MEGA downloads/new downloads/BIDR_Backend/product_management_service/core/auth_service.py changed, reloading.
INFO 2025-08-31 19:12:47,555 autoreload 13578 8333493696 Watching for file changes with StatReloader
INFO 2025-08-31 19:15:18,080 basehttp 13578 6175354880 "OPTIONS /api/v1/product-requests/requests/by_seller/?auth_user_uid=c97f2da1-810c-4f86-98b4-18b722d5eecb&lat=-25.98131576530082&lng=28.118315157312264 HTTP/1.1" 200 0
INFO 2025-08-31 19:15:18,626 basehttp 13578 6175354880 "GET /api/v1/product-requests/requests/by_seller/?auth_user_uid=c97f2da1-810c-4f86-98b4-18b722d5eecb&lat=-25.98131576530082&lng=28.118315157312264 HTTP/1.1" 200 12799
INFO 2025-08-31 19:15:18,663 basehttp 13578 6192181248 "GET /api/v1/quotes/quotes/by_seller/?auth_user_uid=c97f2da1-810c-4f86-98b4-18b722d5eecb HTTP/1.1" 200 9116
INFO 2025-08-31 19:15:19,342 basehttp 13578 6192181248 "GET /api/v1/product-requests/requests/by_seller/?auth_user_uid=c97f2da1-810c-4f86-98b4-18b722d5eecb&lat=-25.98131576530082&lng=28.118315157312264 HTTP/1.1" 200 12799
INFO 2025-08-31 19:15:19,346 basehttp 13578 6175354880 "GET /api/v1/quotes/quotes/by_seller/?auth_user_uid=c97f2da1-810c-4f86-98b4-18b722d5eecb HTTP/1.1" 200 9116
INFO 2025-08-31 19:20:52,010 basehttp 13578 6175354880 "OPTIONS /api/v1/product-requests/requests/by_seller/?auth_user_uid=c97f2da1-810c-4f86-98b4-18b722d5eecb&lat=-25.981435942187012&lng=28.118223023412668 HTTP/1.1" 200 0
INFO 2025-08-31 19:20:52,355 basehttp 13578 6175354880 "GET /api/v1/product-requests/requests/by_seller/?auth_user_uid=c97f2da1-810c-4f86-98b4-18b722d5eecb&lat=-25.981435942187012&lng=28.118223023412668 HTTP/1.1" 200 12800
INFO 2025-08-31 19:20:52,373 basehttp 13578 6192181248 "GET /api/v1/quotes/quotes/by_seller/?auth_user_uid=c97f2da1-810c-4f86-98b4-18b722d5eecb HTTP/1.1" 200 9116
INFO 2025-08-31 19:20:53,547 basehttp 13578 6192181248 "GET /api/v1/product-requests/requests/by_seller/?auth_user_uid=c97f2da1-810c-4f86-98b4-18b722d5eecb&lat=-25.981435942187012&lng=28.118223023412668 HTTP/1.1" 200 12800
INFO 2025-08-31 19:20:53,553 basehttp 13578 6175354880 "GET /api/v1/quotes/quotes/by_seller/?auth_user_uid=c97f2da1-810c-4f86-98b4-18b722d5eecb HTTP/1.1" 200 9116
INFO 2025-08-31 19:20:57,542 basehttp 13578 6175354880 "GET /api/v1/product-requests/requests/by_seller/?auth_user_uid=c97f2da1-810c-4f86-98b4-18b722d5eecb&lat=-25.981435942187012&lng=28.118223023412668 HTTP/1.1" 200 12800
INFO 2025-08-31 19:20:57,548 basehttp 13578 6192181248 "GET /api/v1/quotes/quotes/by_seller/?auth_user_uid=c97f2da1-810c-4f86-98b4-18b722d5eecb HTTP/1.1" 200 9116
INFO 2025-08-31 19:22:40,929 basehttp 13578 6175354880 "OPTIONS /api/v1/product-requests/requests/by_seller/?auth_user_uid=c97f2da1-810c-4f86-98b4-18b722d5eecb&lat=-25.981435943180255&lng=28.118223022099354 HTTP/1.1" 200 0
INFO 2025-08-31 19:22:41,157 basehttp 13578 6192181248 "GET /api/v1/quotes/quotes/by_seller/?auth_user_uid=c97f2da1-810c-4f86-98b4-18b722d5eecb HTTP/1.1" 200 9116
INFO 2025-08-31 19:22:41,161 basehttp 13578 6175354880 "GET /api/v1/product-requests/requests/by_seller/?auth_user_uid=c97f2da1-810c-4f86-98b4-18b722d5eecb&lat=-25.981435943180255&lng=28.118223022099354 HTTP/1.1" 200 12800
INFO 2025-08-31 19:22:42,427 basehttp 13578 6175354880 "GET /api/v1/product-requests/requests/by_seller/?auth_user_uid=c97f2da1-810c-4f86-98b4-18b722d5eecb&lat=-25.981435943180255&lng=28.118223022099354 HTTP/1.1" 200 12800
INFO 2025-08-31 19:22:42,431 basehttp 13578 6192181248 "GET /api/v1/quotes/quotes/by_seller/?auth_user_uid=c97f2da1-810c-4f86-98b4-18b722d5eecb HTTP/1.1" 200 9116
INFO 2025-08-31 19:25:15,601 basehttp 13578 6175354880 "OPTIONS /api/v1/product-requests/requests/by_seller/?auth_user_uid=c97f2da1-810c-4f86-98b4-18b722d5eecb&lat=-25.98131973936321&lng=28.11831873820863 HTTP/1.1" 200 0
INFO 2025-08-31 19:25:15,823 basehttp 13578 6192181248 "GET /api/v1/quotes/quotes/by_seller/?auth_user_uid=c97f2da1-810c-4f86-98b4-18b722d5eecb HTTP/1.1" 200 9116
INFO 2025-08-31 19:25:15,828 basehttp 13578 6175354880 "GET /api/v1/product-requests/requests/by_seller/?auth_user_uid=c97f2da1-810c-4f86-98b4-18b722d5eecb&lat=-25.98131973936321&lng=28.11831873820863 HTTP/1.1" 200 12798
INFO 2025-08-31 19:25:17,155 basehttp 13578 6175354880 "GET /api/v1/product-requests/requests/by_seller/?auth_user_uid=c97f2da1-810c-4f86-98b4-18b722d5eecb&lat=-25.98131973936321&lng=28.11831873820863 HTTP/1.1" 200 12798
INFO 2025-08-31 19:25:17,159 basehttp 13578 6192181248 "GET /api/v1/quotes/quotes/by_seller/?auth_user_uid=c97f2da1-810c-4f86-98b4-18b722d5eecb HTTP/1.1" 200 9116
INFO 2025-08-31 19:25:28,321 basehttp 13578 6192181248 "GET /api/v1/quotes/quotes/by_seller/?auth_user_uid=c97f2da1-810c-4f86-98b4-18b722d5eecb HTTP/1.1" 200 9116
INFO 2025-08-31 19:25:28,323 basehttp 13578 6175354880 "GET /api/v1/product-requests/requests/by_seller/?auth_user_uid=c97f2da1-810c-4f86-98b4-18b722d5eecb&lat=-25.98131973936321&lng=28.11831873820863 HTTP/1.1" 200 12798
INFO 2025-08-31 19:25:36,426 basehttp 13578 6175354880 "GET /api/v1/product-requests/requests/by_seller/?auth_user_uid=c97f2da1-810c-4f86-98b4-18b722d5eecb&lat=-25.98131973936321&lng=28.11831873820863 HTTP/1.1" 200 12798
INFO 2025-08-31 19:25:36,429 basehttp 13578 6192181248 "GET /api/v1/quotes/quotes/by_seller/?auth_user_uid=c97f2da1-810c-4f86-98b4-18b722d5eecb HTTP/1.1" 200 9116
INFO 2025-08-31 19:25:37,824 basehttp 13578 6192181248 "GET /api/v1/product-requests/requests/by_seller/?auth_user_uid=c97f2da1-810c-4f86-98b4-18b722d5eecb&lat=-25.98131973936321&lng=28.11831873820863 HTTP/1.1" 200 12798
INFO 2025-08-31 19:25:37,828 basehttp 13578 6175354880 "GET /api/v1/quotes/quotes/by_seller/?auth_user_uid=c97f2da1-810c-4f86-98b4-18b722d5eecb HTTP/1.1" 200 9116
INFO 2025-08-31 19:27:53,977 basehttp 13578 6175354880 "GET /api/v1/product-requests/requests/by_seller/?auth_user_uid=c97f2da1-810c-4f86-98b4-18b722d5eecb&lat=-25.98131973936321&lng=28.11831873820863 HTTP/1.1" 200 12798
INFO 2025-08-31 19:27:54,000 basehttp 13578 6192181248 "GET /api/v1/quotes/quotes/by_seller/?auth_user_uid=c97f2da1-810c-4f86-98b4-18b722d5eecb HTTP/1.1" 200 9116
INFO 2025-08-31 19:29:45,368 basehttp 13578 6192181248 "GET /api/v1/quotes/quotes/by_seller/?auth_user_uid=c97f2da1-810c-4f86-98b4-18b722d5eecb HTTP/1.1" 200 9116
INFO 2025-08-31 19:29:45,371 basehttp 13578 6175354880 "GET /api/v1/product-requests/requests/by_seller/?auth_user_uid=c97f2da1-810c-4f86-98b4-18b722d5eecb&lat=-25.98131973936321&lng=28.11831873820863 HTTP/1.1" 200 12798
INFO 2025-08-31 19:29:47,055 basehttp 13578 6175354880 "GET /api/v1/product-requests/requests/by_seller/?auth_user_uid=c97f2da1-810c-4f86-98b4-18b722d5eecb&lat=-25.98131973936321&lng=28.11831873820863 HTTP/1.1" 200 12798
INFO 2025-08-31 19:29:47,060 basehttp 13578 6192181248 "GET /api/v1/quotes/quotes/by_seller/?auth_user_uid=c97f2da1-810c-4f86-98b4-18b722d5eecb HTTP/1.1" 200 9116
INFO 2025-08-31 19:38:09,732 basehttp 13578 6175354880 "OPTIONS /api/v1/product-requests/requests/by_seller/?auth_user_uid=c97f2da1-810c-4f86-98b4-18b722d5eecb&lat=-25.981403575554403&lng=28.118233467681964 HTTP/1.1" 200 0
INFO 2025-08-31 19:38:10,084 basehttp 13578 6175354880 "GET /api/v1/product-requests/requests/by_seller/?auth_user_uid=c97f2da1-810c-4f86-98b4-18b722d5eecb&lat=-25.981403575554403&lng=28.118233467681964 HTTP/1.1" 200 12800
INFO 2025-08-31 19:38:10,121 basehttp 13578 6192181248 "GET /api/v1/quotes/quotes/by_seller/?auth_user_uid=c97f2da1-810c-4f86-98b4-18b722d5eecb HTTP/1.1" 200 9116
INFO 2025-08-31 19:38:11,797 basehttp 13578 6192181248 "GET /api/v1/quotes/quotes/by_seller/?auth_user_uid=c97f2da1-810c-4f86-98b4-18b722d5eecb HTTP/1.1" 200 9116
INFO 2025-08-31 19:38:11,807 basehttp 13578 6175354880 "GET /api/v1/product-requests/requests/by_seller/?auth_user_uid=c97f2da1-810c-4f86-98b4-18b722d5eecb&lat=-25.981403575554403&lng=28.118233467681964 HTTP/1.1" 200 12800
INFO 2025-08-31 19:38:16,653 basehttp 13578 6192181248 "GET /api/v1/quotes/quotes/by_seller/?auth_user_uid=c97f2da1-810c-4f86-98b4-18b722d5eecb HTTP/1.1" 200 9116
INFO 2025-08-31 19:38:16,672 basehttp 13578 6175354880 "GET /api/v1/product-requests/requests/by_seller/?auth_user_uid=c97f2da1-810c-4f86-98b4-18b722d5eecb&lat=-25.981403575554403&lng=28.118233467681964 HTTP/1.1" 200 12800
INFO 2025-08-31 19:38:42,730 basehttp 13578 6192181248 "GET /api/v1/quotes/quotes/by_seller/?auth_user_uid=c97f2da1-810c-4f86-98b4-18b722d5eecb HTTP/1.1" 200 9116
INFO 2025-08-31 19:38:42,735 basehttp 13578 6175354880 "GET /api/v1/product-requests/requests/by_seller/?auth_user_uid=c97f2da1-810c-4f86-98b4-18b722d5eecb&lat=-25.981403575554403&lng=28.118233467681964 HTTP/1.1" 200 12800
INFO 2025-08-31 19:38:57,490 basehttp 13578 6175354880 "GET /api/v1/product-requests/requests/by_seller/?auth_user_uid=c97f2da1-810c-4f86-98b4-18b722d5eecb&lat=-25.981403575554403&lng=28.118233467681964 HTTP/1.1" 200 12800
INFO 2025-08-31 19:38:57,494 basehttp 13578 6192181248 "GET /api/v1/quotes/quotes/by_seller/?auth_user_uid=c97f2da1-810c-4f86-98b4-18b722d5eecb HTTP/1.1" 200 9116
INFO 2025-08-31 19:38:59,750 basehttp 13578 6192181248 "GET /api/v1/product-requests/requests/by_seller/?auth_user_uid=c97f2da1-810c-4f86-98b4-18b722d5eecb&lat=-25.981403575554403&lng=28.118233467681964 HTTP/1.1" 200 12800
INFO 2025-08-31 19:38:59,755 basehttp 13578 6175354880 "GET /api/v1/quotes/quotes/by_seller/?auth_user_uid=c97f2da1-810c-4f86-98b4-18b722d5eecb HTTP/1.1" 200 9116
INFO 2025-08-31 19:39:33,660 basehttp 13578 6175354880 "GET /api/v1/product-requests/requests/by_seller/?auth_user_uid=c97f2da1-810c-4f86-98b4-18b722d5eecb&lat=-25.981403575554403&lng=28.118233467681964 HTTP/1.1" 200 12800
INFO 2025-08-31 19:39:33,664 basehttp 13578 6192181248 "GET /api/v1/quotes/quotes/by_seller/?auth_user_uid=c97f2da1-810c-4f86-98b4-18b722d5eecb HTTP/1.1" 200 9116
INFO 2025-08-31 19:39:40,528 basehttp 13578 6192181248 "GET /api/v1/quotes/quotes/by_seller/?auth_user_uid=c97f2da1-810c-4f86-98b4-18b722d5eecb HTTP/1.1" 200 9116
INFO 2025-08-31 19:39:40,531 basehttp 13578 6175354880 "GET /api/v1/product-requests/requests/by_seller/?auth_user_uid=c97f2da1-810c-4f86-98b4-18b722d5eecb&lat=-25.981403575554403&lng=28.118233467681964 HTTP/1.1" 200 12800
INFO 2025-08-31 19:40:29,375 basehttp 13578 6192181248 "GET /api/v1/quotes/quotes/by_seller/?auth_user_uid=c97f2da1-810c-4f86-98b4-18b722d5eecb HTTP/1.1" 200 9116
INFO 2025-08-31 19:40:29,384 basehttp 13578 6175354880 "GET /api/v1/product-requests/requests/by_seller/?auth_user_uid=c97f2da1-810c-4f86-98b4-18b722d5eecb&lat=-25.981403575554403&lng=28.118233467681964 HTTP/1.1" 200 12800
INFO 2025-08-31 20:09:54,304 basehttp 13578 6175354880 "OPTIONS /api/v1/product-requests/requests/by_auth_user/?auth_user_uid=7b186537-5f40-43fc-8545-09f04dcc7c84 HTTP/1.1" 200 0
INFO 2025-08-31 20:09:54,407 basehttp 13578 6175354880 "GET /api/v1/product-requests/requests/by_auth_user/?auth_user_uid=7b186537-5f40-43fc-8545-09f04dcc7c84 HTTP/1.1" 200 3250
INFO 2025-08-31 20:10:17,055 basehttp 13578 6175354880 "GET /api/v1/product-requests/requests/by_auth_user/?auth_user_uid=7b186537-5f40-43fc-8545-09f04dcc7c84 HTTP/1.1" 200 3250
INFO 2025-08-31 20:10:40,991 basehttp 13578 6175354880 "OPTIONS /api/v1/product-requests/requests/by_seller/?auth_user_uid=c97f2da1-810c-4f86-98b4-18b722d5eecb&lat=-25.981322553972046&lng=28.118356152840217 HTTP/1.1" 200 0
INFO 2025-08-31 20:10:40,991 basehttp 13578 6192181248 "OPTIONS /api/v1/quotes/quotes/by_seller/?auth_user_uid=c97f2da1-810c-4f86-98b4-18b722d5eecb HTTP/1.1" 200 0
INFO 2025-08-31 20:10:41,239 basehttp 13578 6192181248 "GET /api/v1/product-requests/requests/by_seller/?auth_user_uid=c97f2da1-810c-4f86-98b4-18b722d5eecb&lat=-25.981322553972046&lng=28.118356152840217 HTTP/1.1" 200 12800
INFO 2025-08-31 20:10:41,263 basehttp 13578 6175354880 "GET /api/v1/quotes/quotes/by_seller/?auth_user_uid=c97f2da1-810c-4f86-98b4-18b722d5eecb HTTP/1.1" 200 9116
INFO 2025-08-31 20:10:55,698 basehttp 13578 6175354880 "OPTIONS /api/v1/quotes/quotes/ HTTP/1.1" 200 0
INFO 2025-08-31 20:10:55,733 basehttp 13578 6175354880 "POST /api/v1/quotes/quotes/ HTTP/1.1" 201 532
INFO 2025-08-31 20:10:56,333 basehttp 13578 6175354880 "GET /api/v1/product-requests/requests/by_seller/?auth_user_uid=c97f2da1-810c-4f86-98b4-18b722d5eecb&lat=-25.981322553972046&lng=28.118356152840217 HTTP/1.1" 200 13344
INFO 2025-08-31 20:10:56,646 basehttp 13578 6175354880 "GET /api/v1/quotes/quotes/by_seller/?auth_user_uid=c97f2da1-810c-4f86-98b4-18b722d5eecb HTTP/1.1" 200 9932
INFO 2025-08-31 20:18:33,414 basehttp 13578 6226407424 "OPTIONS /api/v1/quotes/quotes/by_seller/?auth_user_uid=c97f2da1-810c-4f86-98b4-18b722d5eecb HTTP/1.1" 200 0
INFO 2025-08-31 20:18:33,416 basehttp 13578 6209581056 "OPTIONS /api/v1/product-requests/requests/by_seller/?auth_user_uid=c97f2da1-810c-4f86-98b4-18b722d5eecb&lat=-25.98135076528929&lng=28.118338621805805 HTTP/1.1" 200 0
INFO 2025-08-31 20:18:33,683 basehttp 13578 6226407424 "GET /api/v1/product-requests/requests/by_seller/?auth_user_uid=c97f2da1-810c-4f86-98b4-18b722d5eecb&lat=-25.98135076528929&lng=28.118338621805805 HTTP/1.1" 200 13343
INFO 2025-08-31 20:18:33,722 basehttp 13578 6209581056 "GET /api/v1/quotes/quotes/by_seller/?auth_user_uid=c97f2da1-810c-4f86-98b4-18b722d5eecb HTTP/1.1" 200 9932
INFO 2025-08-31 20:18:38,786 basehttp 13578 6209581056 "GET /api/v1/product-requests/requests/by_seller/?auth_user_uid=c97f2da1-810c-4f86-98b4-18b722d5eecb&lat=-25.98135076528929&lng=28.118338621805805 HTTP/1.1" 200 13343
INFO 2025-08-31 20:18:38,790 basehttp 13578 6226407424 "GET /api/v1/quotes/quotes/by_seller/?auth_user_uid=c97f2da1-810c-4f86-98b4-18b722d5eecb HTTP/1.1" 200 9932
INFO 2025-08-31 20:18:44,839 basehttp 13578 6226407424 "OPTIONS /api/v1/quotes/quotes/ HTTP/1.1" 200 0
INFO 2025-08-31 20:18:44,873 basehttp 13578 6226407424 "POST /api/v1/quotes/quotes/ HTTP/1.1" 201 531
INFO 2025-08-31 20:18:45,035 basehttp 13578 6226407424 "GET /api/v1/product-requests/requests/by_seller/?auth_user_uid=c97f2da1-810c-4f86-98b4-18b722d5eecb&lat=-25.98135076528929&lng=28.118338621805805 HTTP/1.1" 200 13886
INFO 2025-08-31 20:18:45,146 basehttp 13578 6226407424 "GET /api/v1/quotes/quotes/by_seller/?auth_user_uid=c97f2da1-810c-4f86-98b4-18b722d5eecb HTTP/1.1" 200 10748
INFO 2025-08-31 20:20:29,734 basehttp 13578 6209581056 "GET /api/v1/quotes/quotes/by_seller/?auth_user_uid=c97f2da1-810c-4f86-98b4-18b722d5eecb HTTP/1.1" 200 10748
INFO 2025-08-31 20:20:29,740 basehttp 13578 6226407424 "GET /api/v1/product-requests/requests/by_seller/?auth_user_uid=c97f2da1-810c-4f86-98b4-18b722d5eecb&lat=-25.98135076528929&lng=28.118338621805805 HTTP/1.1" 200 13886
INFO 2025-08-31 20:20:36,415 basehttp 13578 6226407424 "POST /api/v1/quotes/quotes/ HTTP/1.1" 201 532
INFO 2025-08-31 20:20:36,605 basehttp 13578 6226407424 "GET /api/v1/product-requests/requests/by_seller/?auth_user_uid=c97f2da1-810c-4f86-98b4-18b722d5eecb&lat=-25.98135076528929&lng=28.118338621805805 HTTP/1.1" 200 14430
INFO 2025-08-31 20:20:36,722 basehttp 13578 6226407424 "GET /api/v1/quotes/quotes/by_seller/?auth_user_uid=c97f2da1-810c-4f86-98b4-18b722d5eecb HTTP/1.1" 200 11578
INFO 2025-08-31 20:21:04,249 basehttp 13578 6226407424 "GET /api/v1/product-requests/requests/by_seller/?auth_user_uid=c97f2da1-810c-4f86-98b4-18b722d5eecb&lat=-25.98135076528929&lng=28.118338621805805 HTTP/1.1" 200 14430
INFO 2025-08-31 20:21:04,259 basehttp 13578 6209581056 "GET /api/v1/quotes/quotes/by_seller/?auth_user_uid=c97f2da1-810c-4f86-98b4-18b722d5eecb HTTP/1.1" 200 11578
INFO 2025-08-31 20:35:02,966 basehttp 13578 6175354880 "OPTIONS /api/v1/product-requests/requests/by_seller/?auth_user_uid=c97f2da1-810c-4f86-98b4-18b722d5eecb&lat=-25.981323062418685&lng=28.118290777324702 HTTP/1.1" 200 0
INFO 2025-08-31 20:35:03,472 basehttp 13578 6175354880 "GET /api/v1/product-requests/requests/by_seller/?auth_user_uid=c97f2da1-810c-4f86-98b4-18b722d5eecb&lat=-25.981323062418685&lng=28.118290777324702 HTTP/1.1" 200 14431
INFO 2025-08-31 20:35:03,566 basehttp 13578 6192181248 "GET /api/v1/quotes/quotes/by_seller/?auth_user_uid=c97f2da1-810c-4f86-98b4-18b722d5eecb HTTP/1.1" 200 11578
INFO 2025-08-31 20:35:04,850 basehttp 13578 6192181248 "GET /api/v1/product-requests/requests/by_seller/?auth_user_uid=c97f2da1-810c-4f86-98b4-18b722d5eecb&lat=-25.981323062418685&lng=28.118290777324702 HTTP/1.1" 200 14431
INFO 2025-08-31 20:35:04,856 basehttp 13578 6175354880 "GET /api/v1/quotes/quotes/by_seller/?auth_user_uid=c97f2da1-810c-4f86-98b4-18b722d5eecb HTTP/1.1" 200 11578
INFO 2025-08-31 20:35:11,537 autoreload 13578 8333493696 /Users/thulanimoyo/MEGA downloads/new downloads/BIDR_Backend/product_management_service/product_requests/models.py changed, reloading.
INFO 2025-08-31 20:35:12,837 autoreload 63822 8333493696 Watching for file changes with StatReloader
INFO 2025-08-31 20:35:35,772 autoreload 63822 8333493696 /Users/thulanimoyo/MEGA downloads/new downloads/BIDR_Backend/product_management_service/product_requests/views.py changed, reloading.
INFO 2025-08-31 20:35:36,628 autoreload 64155 8333493696 Watching for file changes with StatReloader
INFO 2025-08-31 20:36:13,355 autoreload 64155 8333493696 /Users/thulanimoyo/MEGA downloads/new downloads/BIDR_Backend/product_management_service/product_requests/serializers.py changed, reloading.
INFO 2025-08-31 20:36:14,253 autoreload 64781 8333493696 Watching for file changes with StatReloader
INFO 2025-08-31 20:36:25,712 autoreload 64781 8333493696 /Users/thulanimoyo/MEGA downloads/new downloads/BIDR_Backend/product_management_service/product_requests/serializers.py changed, reloading.
INFO 2025-08-31 20:36:26,869 autoreload 64965 8333493696 Watching for file changes with StatReloader
ERROR 2025-08-31 20:41:26,629 log 64965 6325039104 Internal Server Error: /api/v1/product-requests/requests/by_seller/
ERROR 2025-08-31 20:41:26,637 basehttp 64965 6325039104 "GET /api/v1/product-requests/requests/by_seller/?auth_user_uid=c97f2da1-810c-4f86-98b4-18b722d5eecb&lat=-25.981323062418685&lng=28.118290777324702 HTTP/1.1" 500 113
ERROR 2025-08-31 20:41:26,640 log 64965 6341865472 Internal Server Error: /api/v1/quotes/quotes/by_seller/
ERROR 2025-08-31 20:41:26,641 basehttp 64965 6341865472 "GET /api/v1/quotes/quotes/by_seller/?auth_user_uid=c97f2da1-810c-4f86-98b4-18b722d5eecb HTTP/1.1" 500 96
ERROR 2025-08-31 20:41:31,525 log 64965 6325039104 Internal Server Error: /api/v1/product-requests/requests/by_seller/
ERROR 2025-08-31 20:41:31,526 basehttp 64965 6325039104 "GET /api/v1/product-requests/requests/by_seller/?auth_user_uid=c97f2da1-810c-4f86-98b4-18b722d5eecb&lat=-25.981323062418685&lng=28.118290777324702 HTTP/1.1" 500 113
INFO 2025-08-31 20:45:21,753 basehttp 64965 6325039104 "GET /swagger/ HTTP/1.1" 200 1682
INFO 2025-08-31 20:45:21,802 basehttp 64965 6325039104 "GET /static/drf-yasg/style.css HTTP/1.1" 200 1047
INFO 2025-08-31 20:45:21,803 basehttp 64965 6392344576 "GET /static/drf-yasg/insQ.min.js HTTP/1.1" 200 2093
INFO 2025-08-31 20:45:21,805 basehttp 64965 6409170944 "GET /static/drf-yasg/immutable.min.js HTTP/1.1" 200 56904
INFO 2025-08-31 20:45:21,807 basehttp 64965 6341865472 "GET /static/drf-yasg/swagger-ui-dist/swagger-ui.css HTTP/1.1" 200 145206
INFO 2025-08-31 20:45:21,808 basehttp 64965 6325039104 "GET /static/drf-yasg/swagger-ui-init.js HTTP/1.1" 200 15480
INFO 2025-08-31 20:45:21,814 basehttp 64965 6375518208 "GET /static/drf-yasg/swagger-ui-dist/swagger-ui-standalone-preset.js HTTP/1.1" 200 322863
INFO 2025-08-31 20:45:21,818 basehttp 64965 6358691840 "GET /static/drf-yasg/swagger-ui-dist/swagger-ui-bundle.js HTTP/1.1" 200 1046583
INFO 2025-08-31 20:45:22,002 basehttp 64965 6375518208 "GET /static/drf-yasg/swagger-ui-dist/favicon-32x32.png HTTP/1.1" 200 628
ERROR 2025-08-31 20:45:22,363 log 64965 6358691840 Internal Server Error: /swagger/
ERROR 2025-08-31 20:45:22,364 basehttp 64965 6358691840 "GET /swagger/?format=openapi HTTP/1.1" 500 96
INFO 2025-08-31 20:51:25,902 basehttp 64965 6325039104 "OPTIONS /api/v1/product-requests/requests/by_seller/?auth_user_uid=c97f2da1-810c-4f86-98b4-18b722d5eecb&lat=-25.981320732041333&lng=28.118333723497305 HTTP/1.1" 200 0
ERROR 2025-08-31 20:51:25,940 log 64965 6325039104 Internal Server Error: /api/v1/product-requests/requests/by_seller/
ERROR 2025-08-31 20:51:25,947 basehttp 64965 6325039104 "GET /api/v1/product-requests/requests/by_seller/?auth_user_uid=c97f2da1-810c-4f86-98b4-18b722d5eecb&lat=-25.981320732041333&lng=28.118333723497305 HTTP/1.1" 500 113
ERROR 2025-08-31 20:51:25,954 log 64965 6341865472 Internal Server Error: /api/v1/quotes/quotes/by_seller/
ERROR 2025-08-31 20:51:25,954 basehttp 64965 6341865472 "GET /api/v1/quotes/quotes/by_seller/?auth_user_uid=c97f2da1-810c-4f86-98b4-18b722d5eecb HTTP/1.1" 500 96
ERROR 2025-08-31 20:51:26,799 log 64965 6325039104 Internal Server Error: /api/v1/product-requests/requests/by_seller/
ERROR 2025-08-31 20:51:26,801 basehttp 64965 6325039104 "GET /api/v1/product-requests/requests/by_seller/?auth_user_uid=c97f2da1-810c-4f86-98b4-18b722d5eecb&lat=-25.981320732041333&lng=28.118333723497305 HTTP/1.1" 500 113
ERROR 2025-08-31 20:51:26,804 log 64965 6341865472 Internal Server Error: /api/v1/quotes/quotes/by_seller/
ERROR 2025-08-31 20:51:26,804 basehttp 64965 6341865472 "GET /api/v1/quotes/quotes/by_seller/?auth_user_uid=c97f2da1-810c-4f86-98b4-18b722d5eecb HTTP/1.1" 500 96
INFO 2025-08-31 20:53:07,276 basehttp 64965 12901707776 "OPTIONS /api/v1/product-requests/requests/by_seller/?auth_user_uid=c97f2da1-810c-4f86-98b4-18b722d5eecb&lat=-25.981349506335057&lng=28.1183584932585 HTTP/1.1" 200 0
ERROR 2025-08-31 20:53:07,307 log 64965 12901707776 Internal Server Error: /api/v1/product-requests/requests/by_seller/
ERROR 2025-08-31 20:53:07,309 basehttp 64965 12901707776 "GET /api/v1/product-requests/requests/by_seller/?auth_user_uid=c97f2da1-810c-4f86-98b4-18b722d5eecb&lat=-25.981349506335057&lng=28.1183584932585 HTTP/1.1" 500 113
ERROR 2025-08-31 20:53:07,313 log 64965 12918534144 Internal Server Error: /api/v1/quotes/quotes/by_seller/
ERROR 2025-08-31 20:53:07,313 basehttp 64965 12918534144 "GET /api/v1/quotes/quotes/by_seller/?auth_user_uid=c97f2da1-810c-4f86-98b4-18b722d5eecb HTTP/1.1" 500 96
ERROR 2025-08-31 20:53:08,260 log 64965 12918534144 Internal Server Error: /api/v1/product-requests/requests/by_seller/
ERROR 2025-08-31 20:53:08,260 basehttp 64965 12918534144 "GET /api/v1/product-requests/requests/by_seller/?auth_user_uid=c97f2da1-810c-4f86-98b4-18b722d5eecb&lat=-25.981349506335057&lng=28.1183584932585 HTTP/1.1" 500 113
ERROR 2025-08-31 20:53:08,263 log 64965 12901707776 Internal Server Error: /api/v1/quotes/quotes/by_seller/
ERROR 2025-08-31 20:53:08,263 basehttp 64965 12901707776 "GET /api/v1/quotes/quotes/by_seller/?auth_user_uid=c97f2da1-810c-4f86-98b4-18b722d5eecb HTTP/1.1" 500 96
INFO 2025-08-31 21:00:35,110 basehttp 64965 13035925504 "OPTIONS /api/v1/product-requests/requests/by_seller/?auth_user_uid=c97f2da1-810c-4f86-98b4-18b722d5eecb&lat=-25.98132073258161&lng=28.11833372310125 HTTP/1.1" 200 0
INFO 2025-08-31 21:00:35,551 basehttp 64965 13035925504 "GET /api/v1/product-requests/requests/by_seller/?auth_user_uid=c97f2da1-810c-4f86-98b4-18b722d5eecb&lat=-25.98132073258161&lng=28.11833372310125 HTTP/1.1" 200 12856
INFO 2025-08-31 21:00:36,254 basehttp 64965 13052751872 "GET /api/v1/quotes/quotes/by_seller/?auth_user_uid=c97f2da1-810c-4f86-98b4-18b722d5eecb HTTP/1.1" 200 12096
INFO 2025-08-31 21:00:36,264 basehttp 64965 13035925504 "GET /api/v1/product-requests/requests/by_seller/?auth_user_uid=c97f2da1-810c-4f86-98b4-18b722d5eecb&lat=-25.98132073258161&lng=28.11833372310125 HTTP/1.1" 200 12856
INFO 2025-08-31 21:00:36,581 basehttp 64965 13052751872 "GET /api/v1/quotes/quotes/by_seller/?auth_user_uid=c97f2da1-810c-4f86-98b4-18b722d5eecb HTTP/1.1" 200 12096
INFO 2025-08-31 21:00:43,198 basehttp 64965 13035925504 "GET /api/v1/product-requests/requests/by_seller/?auth_user_uid=c97f2da1-810c-4f86-98b4-18b722d5eecb&lat=-25.98132073258161&lng=28.11833372310125 HTTP/1.1" 200 12856
INFO 2025-08-31 21:00:43,567 basehttp 64965 13052751872 "GET /api/v1/quotes/quotes/by_seller/?auth_user_uid=c97f2da1-810c-4f86-98b4-18b722d5eecb HTTP/1.1" 200 12096
INFO 2025-08-31 21:00:55,645 basehttp 64965 13035925504 "OPTIONS /api/v1/product-requests/requests/89e8c2f0-4728-42d8-b427-b0c76d41a344/flag_request/ HTTP/1.1" 200 0
INFO 2025-08-31 21:00:55,692 basehttp 64965 13035925504 "POST /api/v1/product-requests/requests/89e8c2f0-4728-42d8-b427-b0c76d41a344/flag_request/ HTTP/1.1" 200 127
INFO 2025-08-31 21:00:55,849 basehttp 64965 13035925504 "GET /api/v1/product-requests/requests/by_seller/?auth_user_uid=c97f2da1-810c-4f86-98b4-18b722d5eecb&lat=-25.98132073258161&lng=28.11833372310125 HTTP/1.1" 200 12971
INFO 2025-08-31 21:01:17,361 basehttp 64965 13035925504 "OPTIONS /api/v1/product-requests/requests/by_seller/?auth_user_uid=c97f2da1-810c-4f86-98b4-18b722d5eecb&lat=-25.981369636259554&lng=28.11824680664537 HTTP/1.1" 200 0
INFO 2025-08-31 21:01:17,566 basehttp 64965 13035925504 "GET /api/v1/product-requests/requests/by_seller/?auth_user_uid=c97f2da1-810c-4f86-98b4-18b722d5eecb&lat=-25.981369636259554&lng=28.11824680664537 HTTP/1.1" 200 12972
INFO 2025-08-31 21:01:17,833 basehttp 64965 13052751872 "GET /api/v1/quotes/quotes/by_seller/?auth_user_uid=c97f2da1-810c-4f86-98b4-18b722d5eecb HTTP/1.1" 200 12096
INFO 2025-08-31 21:01:18,475 basehttp 64965 13052751872 "GET /api/v1/product-requests/requests/by_seller/?auth_user_uid=c97f2da1-810c-4f86-98b4-18b722d5eecb&lat=-25.981369636259554&lng=28.11824680664537 HTTP/1.1" 200 12972
INFO 2025-08-31 21:01:18,747 basehttp 64965 13035925504 "GET /api/v1/quotes/quotes/by_seller/?auth_user_uid=c97f2da1-810c-4f86-98b4-18b722d5eecb HTTP/1.1" 200 12096
INFO 2025-08-31 21:08:46,614 basehttp 64965 13170143232 "OPTIONS /api/v1/product-requests/requests/by_seller/?auth_user_uid=c97f2da1-810c-4f86-98b4-18b722d5eecb&lat=-25.981366040291128&lng=28.1182877020883 HTTP/1.1" 200 0
INFO 2025-08-31 21:08:46,878 basehttp 64965 13170143232 "GET /api/v1/product-requests/requests/by_seller/?auth_user_uid=c97f2da1-810c-4f86-98b4-18b722d5eecb&lat=-25.981366040291128&lng=28.1182877020883 HTTP/1.1" 200 12971
INFO 2025-08-31 21:08:47,159 basehttp 64965 13186969600 "GET /api/v1/quotes/quotes/by_seller/?auth_user_uid=c97f2da1-810c-4f86-98b4-18b722d5eecb HTTP/1.1" 200 12096
INFO 2025-08-31 21:08:48,477 basehttp 64965 13186969600 "GET /api/v1/product-requests/requests/by_seller/?auth_user_uid=c97f2da1-810c-4f86-98b4-18b722d5eecb&lat=-25.981366040291128&lng=28.1182877020883 HTTP/1.1" 200 12971
INFO 2025-08-31 21:08:48,935 basehttp 64965 13170143232 "GET /api/v1/quotes/quotes/by_seller/?auth_user_uid=c97f2da1-810c-4f86-98b4-18b722d5eecb HTTP/1.1" 200 12096
INFO 2025-08-31 21:13:10,056 basehttp 64965 6184513536 "OPTIONS /api/v1/product-requests/requests/by_seller/?auth_user_uid=c97f2da1-810c-4f86-98b4-18b722d5eecb&lat=-25.981266138808927&lng=28.118239876931046 HTTP/1.1" 200 0
INFO 2025-08-31 21:13:10,356 basehttp 64965 6184513536 "GET /api/v1/product-requests/requests/by_seller/?auth_user_uid=c97f2da1-810c-4f86-98b4-18b722d5eecb&lat=-25.981266138808927&lng=28.118239876931046 HTTP/1.1" 200 12973
INFO 2025-08-31 21:13:10,623 basehttp 64965 6201339904 "GET /api/v1/quotes/quotes/by_seller/?auth_user_uid=c97f2da1-810c-4f86-98b4-18b722d5eecb HTTP/1.1" 200 12096
INFO 2025-08-31 21:13:11,248 basehttp 64965 6201339904 "GET /api/v1/product-requests/requests/by_seller/?auth_user_uid=c97f2da1-810c-4f86-98b4-18b722d5eecb&lat=-25.981266138808927&lng=28.118239876931046 HTTP/1.1" 200 12973
INFO 2025-08-31 21:13:11,502 basehttp 64965 6184513536 "GET /api/v1/quotes/quotes/by_seller/?auth_user_uid=c97f2da1-810c-4f86-98b4-18b722d5eecb HTTP/1.1" 200 12096
INFO 2025-08-31 21:26:09,392 autoreload 64965 8333493696 /Users/thulanimoyo/MEGA downloads/new downloads/BIDR_Backend/product_management_service/analytics/views.py changed, reloading.
INFO 2025-08-31 21:26:10,744 autoreload 1955 8333493696 Watching for file changes with StatReloader
INFO 2025-08-31 21:26:58,821 basehttp 1955 6219132928 "OPTIONS /api/v1/product-requests/requests/by_seller/?auth_user_uid=c97f2da1-810c-4f86-98b4-18b722d5eecb&lat=-25.98135793673262&lng=28.11828122160101 HTTP/1.1" 200 0
INFO 2025-08-31 21:26:59,145 basehttp 1955 6219132928 "GET /api/v1/product-requests/requests/by_seller/?auth_user_uid=c97f2da1-810c-4f86-98b4-18b722d5eecb&lat=-25.98135793673262&lng=28.11828122160101 HTTP/1.1" 200 12971
INFO 2025-08-31 21:26:59,656 basehttp 1955 6235959296 "GET /api/v1/quotes/quotes/by_seller/?auth_user_uid=c97f2da1-810c-4f86-98b4-18b722d5eecb HTTP/1.1" 200 12096
INFO 2025-08-31 21:27:01,303 basehttp 1955 6235959296 "GET /api/v1/product-requests/requests/by_seller/?auth_user_uid=c97f2da1-810c-4f86-98b4-18b722d5eecb&lat=-25.98135793673262&lng=28.11828122160101 HTTP/1.1" 200 12971
INFO 2025-08-31 21:27:01,662 basehttp 1955 6219132928 "GET /api/v1/quotes/quotes/by_seller/?auth_user_uid=c97f2da1-810c-4f86-98b4-18b722d5eecb HTTP/1.1" 200 12096
INFO 2025-08-31 21:38:19,792 basehttp 1955 6253359104 "OPTIONS /api/v1/analytics/dashboard/seller_orders_summary/?auth_user_uid=c97f2da1-810c-4f86-98b4-18b722d5eecb&timeframe=monthly HTTP/1.1" 200 0
WARNING 2025-08-31 21:38:19,874 log 1955 6253359104 Forbidden: /api/v1/analytics/dashboard/seller_orders_summary/
WARNING 2025-08-31 21:38:19,886 basehttp 1955 6253359104 "GET /api/v1/analytics/dashboard/seller_orders_summary/?auth_user_uid=c97f2da1-810c-4f86-98b4-18b722d5eecb&timeframe=monthly HTTP/1.1" 403 174
INFO 2025-08-31 21:38:20,003 basehttp 1955 6219132928 "GET /api/v1/product-requests/requests/by_seller/?auth_user_uid=c97f2da1-810c-4f86-98b4-18b722d5eecb&lat=-25.98135793673262&lng=28.11828122160101 HTTP/1.1" 200 12971
INFO 2025-08-31 21:38:20,255 basehttp 1955 6235959296 "GET /api/v1/quotes/quotes/by_seller/?auth_user_uid=c97f2da1-810c-4f86-98b4-18b722d5eecb HTTP/1.1" 200 12096
INFO 2025-08-31 21:38:29,568 basehttp 1955 6219132928 "OPTIONS /api/v1/product-requests/requests/by_seller/?auth_user_uid=c97f2da1-810c-4f86-98b4-18b722d5eecb&lat=-25.98137315602726&lng=28.118209792417943 HTTP/1.1" 200 0
WARNING 2025-08-31 21:38:29,691 log 1955 6253359104 Forbidden: /api/v1/analytics/dashboard/seller_orders_summary/
WARNING 2025-08-31 21:38:29,704 basehttp 1955 6253359104 "GET /api/v1/analytics/dashboard/seller_orders_summary/?auth_user_uid=c97f2da1-810c-4f86-98b4-18b722d5eecb&timeframe=monthly HTTP/1.1" 403 174
INFO 2025-08-31 21:38:29,862 basehttp 1955 6219132928 "GET /api/v1/product-requests/requests/by_seller/?auth_user_uid=c97f2da1-810c-4f86-98b4-18b722d5eecb&lat=-25.98137315602726&lng=28.118209792417943 HTTP/1.1" 200 12972
INFO 2025-08-31 21:38:30,202 basehttp 1955 6235959296 "GET /api/v1/quotes/quotes/by_seller/?auth_user_uid=c97f2da1-810c-4f86-98b4-18b722d5eecb HTTP/1.1" 200 12096
WARNING 2025-08-31 21:38:30,710 log 1955 6253359104 Forbidden: /api/v1/analytics/dashboard/seller_orders_summary/
WARNING 2025-08-31 21:38:30,711 basehttp 1955 6253359104 "GET /api/v1/analytics/dashboard/seller_orders_summary/?auth_user_uid=c97f2da1-810c-4f86-98b4-18b722d5eecb&timeframe=monthly HTTP/1.1" 403 174
INFO 2025-08-31 21:38:30,883 basehttp 1955 6235959296 "GET /api/v1/product-requests/requests/by_seller/?auth_user_uid=c97f2da1-810c-4f86-98b4-18b722d5eecb&lat=-25.98137315602726&lng=28.118209792417943 HTTP/1.1" 200 12972
INFO 2025-08-31 21:38:31,155 basehttp 1955 6219132928 "GET /api/v1/quotes/quotes/by_seller/?auth_user_uid=c97f2da1-810c-4f86-98b4-18b722d5eecb HTTP/1.1" 200 12096
WARNING 2025-08-31 21:38:49,428 log 1955 6219132928 Forbidden: /api/v1/analytics/dashboard/seller_orders_summary/
WARNING 2025-08-31 21:38:49,429 basehttp 1955 6219132928 "GET /api/v1/analytics/dashboard/seller_orders_summary/?auth_user_uid=c97f2da1-810c-4f86-98b4-18b722d5eecb&timeframe=monthly HTTP/1.1" 403 174
INFO 2025-08-31 21:41:00,801 autoreload 1955 8333493696 /Users/thulanimoyo/MEGA downloads/new downloads/BIDR_Backend/product_management_service/analytics/views.py changed, reloading.
INFO 2025-08-31 21:41:02,053 autoreload 13552 8333493696 Watching for file changes with StatReloader
INFO 2025-08-31 21:41:25,056 autoreload 13552 8333493696 /Users/thulanimoyo/MEGA downloads/new downloads/BIDR_Backend/product_management_service/analytics/views.py changed, reloading.
INFO 2025-08-31 21:41:26,454 autoreload 13885 8333493696 Watching for file changes with StatReloader
ERROR 2025-08-31 21:43:53,091 log 13885 12901707776 Internal Server Error: /api/v1/analytics/dashboard/seller_orders_summary/
ERROR 2025-08-31 21:43:53,091 basehttp 13885 12901707776 "GET /api/v1/analytics/dashboard/seller_orders_summary/?auth_user_uid=c97f2da1-810c-4f86-98b4-18b722d5eecb&timeframe=monthly HTTP/1.1" 500 96
ERROR 2025-08-31 21:44:02,734 log 13885 12901707776 Internal Server Error: /api/v1/analytics/dashboard/seller_orders_summary/
ERROR 2025-08-31 21:44:02,735 basehttp 13885 12901707776 "GET /api/v1/analytics/dashboard/seller_orders_summary/?auth_user_uid=c97f2da1-810c-4f86-98b4-18b722d5eecb&timeframe=monthly HTTP/1.1" 500 7122
INFO 2025-08-31 21:46:47,508 autoreload 13885 8333493696 /Users/thulanimoyo/MEGA downloads/new downloads/BIDR_Backend/product_management_service/analytics/views.py changed, reloading.
INFO 2025-08-31 21:46:48,831 autoreload 17787 8333493696 Watching for file changes with StatReloader
INFO 2025-08-31 21:47:02,266 autoreload 17787 8333493696 /Users/thulanimoyo/MEGA downloads/new downloads/BIDR_Backend/product_management_service/analytics/views.py changed, reloading.
INFO 2025-08-31 21:47:03,478 autoreload 17990 8333493696 Watching for file changes with StatReloader
INFO 2025-08-31 21:47:20,171 autoreload 17990 8333493696 /Users/thulanimoyo/MEGA downloads/new downloads/BIDR_Backend/product_management_service/analytics/views.py changed, reloading.
INFO 2025-08-31 21:47:21,604 autoreload 18243 8333493696 Watching for file changes with StatReloader
INFO 2025-08-31 21:47:35,086 autoreload 18243 8333493696 /Users/thulanimoyo/MEGA downloads/new downloads/BIDR_Backend/product_management_service/analytics/views.py changed, reloading.
INFO 2025-08-31 21:47:36,216 autoreload 18461 8333493696 Watching for file changes with StatReloader
INFO 2025-08-31 21:47:50,424 autoreload 18461 8333493696 /Users/thulanimoyo/MEGA downloads/new downloads/BIDR_Backend/product_management_service/analytics/views.py changed, reloading.
INFO 2025-08-31 21:47:51,400 autoreload 18669 8333493696 Watching for file changes with StatReloader
INFO 2025-08-31 21:48:12,034 autoreload 18669 8333493696 /Users/thulanimoyo/MEGA downloads/new downloads/BIDR_Backend/product_management_service/analytics/views.py changed, reloading.
INFO 2025-08-31 21:48:12,937 autoreload 18923 8333493696 Watching for file changes with StatReloader
INFO 2025-08-31 21:48:24,952 autoreload 19069 8333493696 Watching for file changes with StatReloader
INFO 2025-08-31 21:48:26,978 basehttp 19069 6358691840 "GET /api/v1/analytics/dashboard/seller_orders_summary/?auth_user_uid=c97f2da1-810c-4f86-98b4-18b722d5eecb&timeframe=monthly HTTP/1.1" 200 604
INFO 2025-08-31 21:48:47,096 basehttp 19069 6358691840 "OPTIONS /api/v1/analytics/dashboard/seller_orders_summary/?auth_user_uid=c97f2da1-810c-4f86-98b4-18b722d5eecb&timeframe=weekly HTTP/1.1" 200 0
INFO 2025-08-31 21:48:47,119 basehttp 19069 6358691840 "GET /api/v1/analytics/dashboard/seller_orders_summary/?auth_user_uid=c97f2da1-810c-4f86-98b4-18b722d5eecb&timeframe=weekly HTTP/1.1" 200 603
INFO 2025-08-31 21:48:50,688 basehttp 19069 6358691840 "OPTIONS /api/v1/analytics/dashboard/seller_orders_summary/?auth_user_uid=c97f2da1-810c-4f86-98b4-18b722d5eecb&timeframe=yearly HTTP/1.1" 200 0
INFO 2025-08-31 21:48:50,703 basehttp 19069 6358691840 "GET /api/v1/analytics/dashboard/seller_orders_summary/?auth_user_uid=c97f2da1-810c-4f86-98b4-18b722d5eecb&timeframe=yearly HTTP/1.1" 200 603
INFO 2025-08-31 21:48:53,824 basehttp 19069 6358691840 "OPTIONS /api/v1/analytics/dashboard/seller_orders_summary/?auth_user_uid=c97f2da1-810c-4f86-98b4-18b722d5eecb&timeframe=daily HTTP/1.1" 200 0
INFO 2025-08-31 21:48:53,845 basehttp 19069 6358691840 "GET /api/v1/analytics/dashboard/seller_orders_summary/?auth_user_uid=c97f2da1-810c-4f86-98b4-18b722d5eecb&timeframe=daily HTTP/1.1" 200 602
INFO 2025-08-31 22:03:49,730 autoreload 19069 8333493696 /Users/thulanimoyo/MEGA downloads/new downloads/BIDR_Backend/product_management_service/analytics/views.py changed, reloading.
INFO 2025-08-31 22:03:51,676 autoreload 29564 8333493696 Watching for file changes with StatReloader
INFO 2025-08-31 22:04:00,094 autoreload 29564 8333493696 /Users/thulanimoyo/MEGA downloads/new downloads/BIDR_Backend/product_management_service/analytics/views.py changed, reloading.
INFO 2025-08-31 22:04:08,796 autoreload 29715 8333493696 Watching for file changes with StatReloader
INFO 2025-08-31 22:05:38,674 basehttp 29715 6211022848 "GET /api/v1/analytics/dashboard/seller_orders_summary/?auth_user_uid=c97f2da1-810c-4f86-98b4-18b722d5eecb&timeframe=monthly HTTP/1.1" 200 9703
INFO 2025-08-31 22:05:55,962 basehttp 29715 6244675584 "OPTIONS /api/v1/product-requests/requests/by_seller/?auth_user_uid=c97f2da1-810c-4f86-98b4-18b722d5eecb&lat=-25.981362968771876&lng=28.118301557087992 HTTP/1.1" 200 0
INFO 2025-08-31 22:05:56,211 basehttp 29715 6278328320 "GET /api/v1/analytics/dashboard/seller_orders_summary/?auth_user_uid=c97f2da1-810c-4f86-98b4-18b722d5eecb&timeframe=monthly HTTP/1.1" 200 871
INFO 2025-08-31 22:05:56,657 basehttp 29715 6244675584 "GET /api/v1/product-requests/requests/by_seller/?auth_user_uid=c97f2da1-810c-4f86-98b4-18b722d5eecb&lat=-25.981362968771876&lng=28.118301557087992 HTTP/1.1" 200 12973
INFO 2025-08-31 22:05:57,839 basehttp 29715 6278328320 "GET /api/v1/analytics/dashboard/seller_orders_summary/?auth_user_uid=c97f2da1-810c-4f86-98b4-18b722d5eecb&timeframe=monthly HTTP/1.1" 200 871
INFO 2025-08-31 22:05:58,247 basehttp 29715 6261501952 "GET /api/v1/quotes/quotes/by_seller/?auth_user_uid=c97f2da1-810c-4f86-98b4-18b722d5eecb HTTP/1.1" 200 12096
INFO 2025-08-31 22:05:58,291 basehttp 29715 6244675584 "GET /api/v1/product-requests/requests/by_seller/?auth_user_uid=c97f2da1-810c-4f86-98b4-18b722d5eecb&lat=-25.981362968771876&lng=28.118301557087992 HTTP/1.1" 200 12973
INFO 2025-08-31 22:05:59,005 basehttp 29715 6278328320 "GET /api/v1/quotes/quotes/by_seller/?auth_user_uid=c97f2da1-810c-4f86-98b4-18b722d5eecb HTTP/1.1" 200 12096
INFO 2025-08-31 22:09:20,017 basehttp 29715 6244675584 "OPTIONS /api/v1/product-requests/requests/by_seller/?auth_user_uid=c97f2da1-810c-4f86-98b4-18b722d5eecb&lat=-25.981373091250102&lng=28.11831358175757 HTTP/1.1" 200 0
INFO 2025-08-31 22:09:20,179 basehttp 29715 6278328320 "GET /api/v1/analytics/dashboard/seller_orders_summary/?auth_user_uid=c97f2da1-810c-4f86-98b4-18b722d5eecb&timeframe=monthly HTTP/1.1" 200 871
INFO 2025-08-31 22:09:20,357 basehttp 29715 6244675584 "GET /api/v1/product-requests/requests/by_seller/?auth_user_uid=c97f2da1-810c-4f86-98b4-18b722d5eecb&lat=-25.981373091250102&lng=28.11831358175757 HTTP/1.1" 200 12972
INFO 2025-08-31 22:09:20,692 basehttp 29715 6261501952 "GET /api/v1/quotes/quotes/by_seller/?auth_user_uid=c97f2da1-810c-4f86-98b4-18b722d5eecb HTTP/1.1" 200 12096
INFO 2025-08-31 22:09:21,944 basehttp 29715 6278328320 "GET /api/v1/analytics/dashboard/seller_orders_summary/?auth_user_uid=c97f2da1-810c-4f86-98b4-18b722d5eecb&timeframe=monthly HTTP/1.1" 200 871
INFO 2025-08-31 22:09:22,110 basehttp 29715 6261501952 "GET /api/v1/product-requests/requests/by_seller/?auth_user_uid=c97f2da1-810c-4f86-98b4-18b722d5eecb&lat=-25.981373091250102&lng=28.11831358175757 HTTP/1.1" 200 12972
INFO 2025-08-31 22:09:22,417 basehttp 29715 6244675584 "GET /api/v1/quotes/quotes/by_seller/?auth_user_uid=c97f2da1-810c-4f86-98b4-18b722d5eecb HTTP/1.1" 200 12096
INFO 2025-08-31 22:09:27,558 basehttp 29715 6244675584 "GET /api/v1/analytics/dashboard/seller_orders_summary/?auth_user_uid=c97f2da1-810c-4f86-98b4-18b722d5eecb&timeframe=weekly HTTP/1.1" 200 444
INFO 2025-08-31 22:09:32,058 basehttp 29715 6244675584 "GET /api/v1/analytics/dashboard/seller_orders_summary/?auth_user_uid=c97f2da1-810c-4f86-98b4-18b722d5eecb&timeframe=daily HTTP/1.1" 200 1682
INFO 2025-08-31 22:09:38,074 basehttp 29715 6244675584 "GET /api/v1/analytics/dashboard/seller_orders_summary/?auth_user_uid=c97f2da1-810c-4f86-98b4-18b722d5eecb&timeframe=weekly HTTP/1.1" 200 444
INFO 2025-08-31 22:09:42,126 basehttp 29715 6244675584 "GET /api/v1/analytics/dashboard/seller_orders_summary/?auth_user_uid=c97f2da1-810c-4f86-98b4-18b722d5eecb&timeframe=yearly HTTP/1.1" 200 870
INFO 2025-08-31 22:12:45,399 basehttp 29715 6244675584 "GET /api/v1/analytics/dashboard/seller_orders_summary/?auth_user_uid=c97f2da1-810c-4f86-98b4-18b722d5eecb&timeframe=monthly HTTP/1.1" 200 871
INFO 2025-08-31 22:12:45,591 basehttp 29715 6211022848 "GET /api/v1/product-requests/requests/by_seller/?auth_user_uid=c97f2da1-810c-4f86-98b4-18b722d5eecb&lat=-25.981373091250102&lng=28.11831358175757 HTTP/1.1" 200 12972
INFO 2025-08-31 22:12:45,943 basehttp 29715 6227849216 "GET /api/v1/quotes/quotes/by_seller/?auth_user_uid=c97f2da1-810c-4f86-98b4-18b722d5eecb HTTP/1.1" 200 12096
INFO 2025-08-31 22:15:46,980 basehttp 29715 6244675584 "GET /api/v1/analytics/dashboard/seller_orders_summary/?auth_user_uid=c97f2da1-810c-4f86-98b4-18b722d5eecb&timeframe=monthly HTTP/1.1" 200 871
INFO 2025-08-31 22:15:47,160 basehttp 29715 6211022848 "GET /api/v1/product-requests/requests/by_seller/?auth_user_uid=c97f2da1-810c-4f86-98b4-18b722d5eecb&lat=-25.981373091250102&lng=28.11831358175757 HTTP/1.1" 200 12972
INFO 2025-08-31 22:15:47,474 basehttp 29715 6227849216 "GET /api/v1/quotes/quotes/by_seller/?auth_user_uid=c97f2da1-810c-4f86-98b4-18b722d5eecb HTTP/1.1" 200 12096
INFO 2025-08-31 22:15:57,380 basehttp 29715 6211022848 "OPTIONS /api/v1/product-requests/requests/by_seller/?auth_user_uid=c97f2da1-810c-4f86-98b4-18b722d5eecb&lat=-25.981320732119876&lng=28.11833372395562 HTTP/1.1" 200 0
INFO 2025-08-31 22:15:57,455 basehttp 29715 6244675584 "GET /api/v1/analytics/dashboard/seller_orders_summary/?auth_user_uid=c97f2da1-810c-4f86-98b4-18b722d5eecb&timeframe=monthly HTTP/1.1" 200 871
INFO 2025-08-31 22:15:57,617 basehttp 29715 6211022848 "GET /api/v1/product-requests/requests/by_seller/?auth_user_uid=c97f2da1-810c-4f86-98b4-18b722d5eecb&lat=-25.981320732119876&lng=28.11833372395562 HTTP/1.1" 200 12972
INFO 2025-08-31 22:15:58,188 basehttp 29715 6227849216 "GET /api/v1/quotes/quotes/by_seller/?auth_user_uid=c97f2da1-810c-4f86-98b4-18b722d5eecb HTTP/1.1" 200 12096
INFO 2025-08-31 22:15:59,010 basehttp 29715 6244675584 "GET /api/v1/analytics/dashboard/seller_orders_summary/?auth_user_uid=c97f2da1-810c-4f86-98b4-18b722d5eecb&timeframe=monthly HTTP/1.1" 200 871
INFO 2025-08-31 22:15:59,167 basehttp 29715 6211022848 "GET /api/v1/product-requests/requests/by_seller/?auth_user_uid=c97f2da1-810c-4f86-98b4-18b722d5eecb&lat=-25.981320732119876&lng=28.11833372395562 HTTP/1.1" 200 12972
INFO 2025-08-31 22:15:59,440 basehttp 29715 6227849216 "GET /api/v1/quotes/quotes/by_seller/?auth_user_uid=c97f2da1-810c-4f86-98b4-18b722d5eecb HTTP/1.1" 200 12096
INFO 2025-08-31 22:18:06,659 basehttp 29715 6244675584 "GET /api/v1/analytics/dashboard/seller_orders_summary/?auth_user_uid=c97f2da1-810c-4f86-98b4-18b722d5eecb&timeframe=monthly HTTP/1.1" 200 871
INFO 2025-08-31 22:18:06,901 basehttp 29715 6211022848 "GET /api/v1/product-requests/requests/by_seller/?auth_user_uid=c97f2da1-810c-4f86-98b4-18b722d5eecb&lat=-25.981320732119876&lng=28.11833372395562 HTTP/1.1" 200 12972
INFO 2025-08-31 22:18:07,441 basehttp 29715 6227849216 "GET /api/v1/quotes/quotes/by_seller/?auth_user_uid=c97f2da1-810c-4f86-98b4-18b722d5eecb HTTP/1.1" 200 12096
INFO 2025-08-31 22:18:24,729 basehttp 29715 6211022848 "OPTIONS /api/v1/product-requests/requests/by_seller/?auth_user_uid=c97f2da1-810c-4f86-98b4-18b722d5eecb&lat=-25.98132073229137&lng=28.118333723954056 HTTP/1.1" 200 0
INFO 2025-08-31 22:18:24,961 basehttp 29715 6244675584 "GET /api/v1/analytics/dashboard/seller_orders_summary/?auth_user_uid=c97f2da1-810c-4f86-98b4-18b722d5eecb&timeframe=monthly HTTP/1.1" 200 871
INFO 2025-08-31 22:18:25,202 basehttp 29715 6211022848 "GET /api/v1/product-requests/requests/by_seller/?auth_user_uid=c97f2da1-810c-4f86-98b4-18b722d5eecb&lat=-25.98132073229137&lng=28.118333723954056 HTTP/1.1" 200 12972
INFO 2025-08-31 22:18:25,762 basehttp 29715 6227849216 "GET /api/v1/quotes/quotes/by_seller/?auth_user_uid=c97f2da1-810c-4f86-98b4-18b722d5eecb HTTP/1.1" 200 12096
INFO 2025-08-31 22:18:26,567 basehttp 29715 6244675584 "GET /api/v1/analytics/dashboard/seller_orders_summary/?auth_user_uid=c97f2da1-810c-4f86-98b4-18b722d5eecb&timeframe=monthly HTTP/1.1" 200 871
INFO 2025-08-31 22:18:26,773 basehttp 29715 6227849216 "GET /api/v1/product-requests/requests/by_seller/?auth_user_uid=c97f2da1-810c-4f86-98b4-18b722d5eecb&lat=-25.98132073229137&lng=28.118333723954056 HTTP/1.1" 200 12972
INFO 2025-08-31 22:18:27,136 basehttp 29715 6211022848 "GET /api/v1/quotes/quotes/by_seller/?auth_user_uid=c97f2da1-810c-4f86-98b4-18b722d5eecb HTTP/1.1" 200 12096
INFO 2025-08-31 22:20:41,405 basehttp 29715 6227849216 "OPTIONS /api/v1/quotes/quotes/by_seller/?auth_user_uid=c97f2da1-810c-4f86-98b4-18b722d5eecb HTTP/1.1" 200 0
INFO 2025-08-31 22:20:41,405 basehttp 29715 6211022848 "OPTIONS /api/v1/product-requests/requests/by_seller/?auth_user_uid=c97f2da1-810c-4f86-98b4-18b722d5eecb&lat=-25.98141903533007&lng=28.118214268812277 HTTP/1.1" 200 0
INFO 2025-08-31 22:20:41,659 basehttp 29715 6244675584 "GET /api/v1/analytics/dashboard/seller_orders_summary/?auth_user_uid=c97f2da1-810c-4f86-98b4-18b722d5eecb&timeframe=monthly HTTP/1.1" 200 871
INFO 2025-08-31 22:20:42,064 basehttp 29715 6227849216 "GET /api/v1/product-requests/requests/by_seller/?auth_user_uid=c97f2da1-810c-4f86-98b4-18b722d5eecb&lat=-25.98141903533007&lng=28.118214268812277 HTTP/1.1" 200 12972
INFO 2025-08-31 22:20:42,503 basehttp 29715 6211022848 "GET /api/v1/quotes/quotes/by_seller/?auth_user_uid=c97f2da1-810c-4f86-98b4-18b722d5eecb HTTP/1.1" 200 12096
INFO 2025-08-31 22:20:43,349 basehttp 29715 6244675584 "GET /api/v1/analytics/dashboard/seller_orders_summary/?auth_user_uid=c97f2da1-810c-4f86-98b4-18b722d5eecb&timeframe=monthly HTTP/1.1" 200 871
INFO 2025-08-31 22:20:43,502 basehttp 29715 6211022848 "GET /api/v1/product-requests/requests/by_seller/?auth_user_uid=c97f2da1-810c-4f86-98b4-18b722d5eecb&lat=-25.98141903533007&lng=28.118214268812277 HTTP/1.1" 200 12972
INFO 2025-08-31 22:20:43,816 basehttp 29715 6227849216 "GET /api/v1/quotes/quotes/by_seller/?auth_user_uid=c97f2da1-810c-4f86-98b4-18b722d5eecb HTTP/1.1" 200 12096
INFO 2025-08-31 22:30:16,201 basehttp 29715 6211022848 "OPTIONS /api/v1/product-requests/requests/by_seller/?auth_user_uid=c97f2da1-810c-4f86-98b4-18b722d5eecb&lat=-25.981370235190887&lng=28.118268394761554 HTTP/1.1" 200 0
INFO 2025-08-31 22:30:16,294 basehttp 29715 6244675584 "GET /api/v1/analytics/dashboard/seller_orders_summary/?auth_user_uid=c97f2da1-810c-4f86-98b4-18b722d5eecb&timeframe=monthly HTTP/1.1" 200 871
INFO 2025-08-31 22:30:16,481 basehttp 29715 6211022848 "GET /api/v1/product-requests/requests/by_seller/?auth_user_uid=c97f2da1-810c-4f86-98b4-18b722d5eecb&lat=-25.981370235190887&lng=28.118268394761554 HTTP/1.1" 200 12973
INFO 2025-08-31 22:30:16,777 basehttp 29715 6227849216 "GET /api/v1/quotes/quotes/by_seller/?auth_user_uid=c97f2da1-810c-4f86-98b4-18b722d5eecb HTTP/1.1" 200 12096
INFO 2025-08-31 22:30:17,796 basehttp 29715 6244675584 "GET /api/v1/analytics/dashboard/seller_orders_summary/?auth_user_uid=c97f2da1-810c-4f86-98b4-18b722d5eecb&timeframe=monthly HTTP/1.1" 200 871
INFO 2025-08-31 22:30:17,960 basehttp 29715 6227849216 "GET /api/v1/product-requests/requests/by_seller/?auth_user_uid=c97f2da1-810c-4f86-98b4-18b722d5eecb&lat=-25.981370235190887&lng=28.118268394761554 HTTP/1.1" 200 12973
INFO 2025-08-31 22:30:18,264 basehttp 29715 6211022848 "GET /api/v1/quotes/quotes/by_seller/?auth_user_uid=c97f2da1-810c-4f86-98b4-18b722d5eecb HTTP/1.1" 200 12096
INFO 2025-08-31 22:30:29,231 basehttp 29715 6211022848 "GET /api/v1/product-requests/requests/by_seller/?auth_user_uid=c97f2da1-810c-4f86-98b4-18b722d5eecb&lat=-25.981370235190887&lng=28.118268394761554 HTTP/1.1" 200 12973
INFO 2025-08-31 22:30:29,684 basehttp 29715 6227849216 "GET /api/v1/quotes/quotes/by_seller/?auth_user_uid=c97f2da1-810c-4f86-98b4-18b722d5eecb HTTP/1.1" 200 12096
INFO 2025-08-31 22:33:43,714 basehttp 29715 6211022848 "OPTIONS /api/v1/product-requests/requests/by_seller/?auth_user_uid=c97f2da1-810c-4f86-98b4-18b722d5eecb&lat=-25.981354411189844&lng=28.118317298684094 HTTP/1.1" 200 0
INFO 2025-08-31 22:33:43,910 basehttp 29715 6244675584 "GET /api/v1/analytics/dashboard/seller_orders_summary/?auth_user_uid=c97f2da1-810c-4f86-98b4-18b722d5eecb&timeframe=monthly HTTP/1.1" 200 871
INFO 2025-08-31 22:33:44,221 basehttp 29715 6211022848 "GET /api/v1/product-requests/requests/by_seller/?auth_user_uid=c97f2da1-810c-4f86-98b4-18b722d5eecb&lat=-25.981354411189844&lng=28.118317298684094 HTTP/1.1" 200 12973
INFO 2025-08-31 22:33:44,815 basehttp 29715 6227849216 "GET /api/v1/quotes/quotes/by_seller/?auth_user_uid=c97f2da1-810c-4f86-98b4-18b722d5eecb HTTP/1.1" 200 12096
INFO 2025-08-31 22:33:45,830 basehttp 29715 6244675584 "GET /api/v1/analytics/dashboard/seller_orders_summary/?auth_user_uid=c97f2da1-810c-4f86-98b4-18b722d5eecb&timeframe=monthly HTTP/1.1" 200 871
INFO 2025-08-31 22:33:46,068 basehttp 29715 6211022848 "GET /api/v1/product-requests/requests/by_seller/?auth_user_uid=c97f2da1-810c-4f86-98b4-18b722d5eecb&lat=-25.981354411189844&lng=28.118317298684094 HTTP/1.1" 200 12973
INFO 2025-08-31 22:33:46,440 basehttp 29715 6227849216 "GET /api/v1/quotes/quotes/by_seller/?auth_user_uid=c97f2da1-810c-4f86-98b4-18b722d5eecb HTTP/1.1" 200 12096
INFO 2025-08-31 22:45:00,183 basehttp 29715 6244675584 "GET /api/v1/analytics/dashboard/seller_orders_summary/?auth_user_uid=c97f2da1-810c-4f86-98b4-18b722d5eecb&timeframe=monthly HTTP/1.1" 200 871
INFO 2025-08-31 22:45:00,539 basehttp 29715 6211022848 "GET /api/v1/product-requests/requests/by_seller/?auth_user_uid=c97f2da1-810c-4f86-98b4-18b722d5eecb&lat=-25.981354411189844&lng=28.118317298684094 HTTP/1.1" 200 12973
INFO 2025-08-31 22:45:00,986 basehttp 29715 6227849216 "GET /api/v1/quotes/quotes/by_seller/?auth_user_uid=c97f2da1-810c-4f86-98b4-18b722d5eecb HTTP/1.1" 200 12096
INFO 2025-08-31 22:46:32,534 basehttp 29715 6211022848 "OPTIONS /api/v1/product-requests/requests/by_seller/?auth_user_uid=c97f2da1-810c-4f86-98b4-18b722d5eecb&lat=-25.981378415418497&lng=28.118293650082368 HTTP/1.1" 200 0
INFO 2025-08-31 22:46:32,650 basehttp 29715 6244675584 "GET /api/v1/analytics/dashboard/seller_orders_summary/?auth_user_uid=c97f2da1-810c-4f86-98b4-18b722d5eecb&timeframe=monthly HTTP/1.1" 200 871
INFO 2025-08-31 22:46:33,083 basehttp 29715 6211022848 "GET /api/v1/product-requests/requests/by_seller/?auth_user_uid=c97f2da1-810c-4f86-98b4-18b722d5eecb&lat=-25.981378415418497&lng=28.118293650082368 HTTP/1.1" 200 12973
INFO 2025-08-31 22:46:33,392 basehttp 29715 6227849216 "GET /api/v1/quotes/quotes/by_seller/?auth_user_uid=c97f2da1-810c-4f86-98b4-18b722d5eecb HTTP/1.1" 200 12096
INFO 2025-08-31 22:46:33,842 basehttp 29715 6244675584 "GET /api/v1/analytics/dashboard/seller_orders_summary/?auth_user_uid=c97f2da1-810c-4f86-98b4-18b722d5eecb&timeframe=monthly HTTP/1.1" 200 871
INFO 2025-08-31 22:46:34,031 basehttp 29715 6227849216 "GET /api/v1/product-requests/requests/by_seller/?auth_user_uid=c97f2da1-810c-4f86-98b4-18b722d5eecb&lat=-25.981378415418497&lng=28.118293650082368 HTTP/1.1" 200 12973
INFO 2025-08-31 22:46:34,365 basehttp 29715 6211022848 "GET /api/v1/quotes/quotes/by_seller/?auth_user_uid=c97f2da1-810c-4f86-98b4-18b722d5eecb HTTP/1.1" 200 12096
INFO 2025-08-31 22:46:49,989 basehttp 29715 6211022848 "OPTIONS /api/v1/product-requests/requests/by_seller/?auth_user_uid=c97f2da1-810c-4f86-98b4-18b722d5eecb&lat=-25.9813887252125&lng=28.118205598388517 HTTP/1.1" 200 0
INFO 2025-08-31 22:46:50,096 basehttp 29715 6244675584 "GET /api/v1/analytics/dashboard/seller_orders_summary/?auth_user_uid=c97f2da1-810c-4f86-98b4-18b722d5eecb&timeframe=monthly HTTP/1.1" 200 871
INFO 2025-08-31 22:46:50,673 basehttp 29715 6211022848 "GET /api/v1/product-requests/requests/by_seller/?auth_user_uid=c97f2da1-810c-4f86-98b4-18b722d5eecb&lat=-25.9813887252125&lng=28.118205598388517 HTTP/1.1" 200 12971
INFO 2025-08-31 22:46:51,349 basehttp 29715 6227849216 "GET /api/v1/quotes/quotes/by_seller/?auth_user_uid=c97f2da1-810c-4f86-98b4-18b722d5eecb HTTP/1.1" 200 12096
INFO 2025-08-31 22:46:52,368 basehttp 29715 6244675584 "GET /api/v1/analytics/dashboard/seller_orders_summary/?auth_user_uid=c97f2da1-810c-4f86-98b4-18b722d5eecb&timeframe=monthly HTTP/1.1" 200 871
INFO 2025-08-31 22:46:52,577 basehttp 29715 6227849216 "GET /api/v1/product-requests/requests/by_seller/?auth_user_uid=c97f2da1-810c-4f86-98b4-18b722d5eecb&lat=-25.9813887252125&lng=28.118205598388517 HTTP/1.1" 200 12971
INFO 2025-08-31 22:46:52,958 basehttp 29715 6211022848 "GET /api/v1/quotes/quotes/by_seller/?auth_user_uid=c97f2da1-810c-4f86-98b4-18b722d5eecb HTTP/1.1" 200 12096
INFO 2025-08-31 22:47:07,657 basehttp 29715 6211022848 "OPTIONS /api/v1/product-requests/requests/by_seller/?auth_user_uid=c97f2da1-810c-4f86-98b4-18b722d5eecb&lat=-25.981388723437&lng=28.11820559256481 HTTP/1.1" 200 0
INFO 2025-08-31 22:47:07,727 basehttp 29715 6244675584 "GET /api/v1/analytics/dashboard/seller_orders_summary/?auth_user_uid=c97f2da1-810c-4f86-98b4-18b722d5eecb&timeframe=monthly HTTP/1.1" 200 871
INFO 2025-08-31 22:47:07,902 basehttp 29715 6211022848 "GET /api/v1/product-requests/requests/by_seller/?auth_user_uid=c97f2da1-810c-4f86-98b4-18b722d5eecb&lat=-25.981388723437&lng=28.11820559256481 HTTP/1.1" 200 12969
INFO 2025-08-31 22:47:08,605 basehttp 29715 6227849216 "GET /api/v1/quotes/quotes/by_seller/?auth_user_uid=c97f2da1-810c-4f86-98b4-18b722d5eecb HTTP/1.1" 200 12096
INFO 2025-08-31 22:47:09,682 basehttp 29715 6244675584 "GET /api/v1/analytics/dashboard/seller_orders_summary/?auth_user_uid=c97f2da1-810c-4f86-98b4-18b722d5eecb&timeframe=monthly HTTP/1.1" 200 871
INFO 2025-08-31 22:47:09,864 basehttp 29715 6227849216 "GET /api/v1/product-requests/requests/by_seller/?auth_user_uid=c97f2da1-810c-4f86-98b4-18b722d5eecb&lat=-25.981388723437&lng=28.11820559256481 HTTP/1.1" 200 12969
INFO 2025-08-31 22:47:10,160 basehttp 29715 6211022848 "GET /api/v1/quotes/quotes/by_seller/?auth_user_uid=c97f2da1-810c-4f86-98b4-18b722d5eecb HTTP/1.1" 200 12096
INFO 2025-08-31 22:51:49,423 basehttp 29715 6211022848 "OPTIONS /api/v1/product-requests/requests/by_seller/?auth_user_uid=c97f2da1-810c-4f86-98b4-18b722d5eecb&lat=-25.981388724210007&lng=28.118205596154876 HTTP/1.1" 200 0
INFO 2025-08-31 22:51:49,590 basehttp 29715 6244675584 "GET /api/v1/analytics/dashboard/seller_orders_summary/?auth_user_uid=c97f2da1-810c-4f86-98b4-18b722d5eecb&timeframe=monthly HTTP/1.1" 200 871
INFO 2025-08-31 22:51:49,908 basehttp 29715 6211022848 "GET /api/v1/product-requests/requests/by_seller/?auth_user_uid=c97f2da1-810c-4f86-98b4-18b722d5eecb&lat=-25.981388724210007&lng=28.118205596154876 HTTP/1.1" 200 14936
INFO 2025-08-31 22:51:49,969 basehttp 29715 6227849216 "GET /api/v1/quotes/quotes/by_seller/?auth_user_uid=c97f2da1-810c-4f86-98b4-18b722d5eecb HTTP/1.1" 200 11578
INFO 2025-08-31 22:55:31,236 basehttp 29715 6211022848 "OPTIONS /api/v1/product-requests/requests/by_seller/?auth_user_uid=c97f2da1-810c-4f86-98b4-18b722d5eecb&lat=-25.981351469230393&lng=28.11829572299981 HTTP/1.1" 200 0
INFO 2025-08-31 22:55:31,330 basehttp 29715 6244675584 "GET /api/v1/analytics/dashboard/seller_orders_summary/?auth_user_uid=c97f2da1-810c-4f86-98b4-18b722d5eecb&timeframe=monthly HTTP/1.1" 200 871
INFO 2025-08-31 22:55:31,577 basehttp 29715 6211022848 "GET /api/v1/product-requests/requests/by_seller/?auth_user_uid=c97f2da1-810c-4f86-98b4-18b722d5eecb&lat=-25.981351469230393&lng=28.11829572299981 HTTP/1.1" 200 14935
INFO 2025-08-31 22:55:31,600 basehttp 29715 6227849216 "GET /api/v1/quotes/quotes/by_seller/?auth_user_uid=c97f2da1-810c-4f86-98b4-18b722d5eecb HTTP/1.1" 200 11578
INFO 2025-08-31 22:56:59,511 basehttp 29715 6211022848 "OPTIONS /api/v1/product-requests/requests/by_seller/?auth_user_uid=c97f2da1-810c-4f86-98b4-18b722d5eecb&lat=-25.9814027092024&lng=28.118213295909406 HTTP/1.1" 200 0
INFO 2025-08-31 22:56:59,622 basehttp 29715 6244675584 "GET /api/v1/analytics/dashboard/seller_orders_summary/?auth_user_uid=c97f2da1-810c-4f86-98b4-18b722d5eecb&timeframe=monthly HTTP/1.1" 200 871
INFO 2025-08-31 22:56:59,942 basehttp 29715 6211022848 "GET /api/v1/product-requests/requests/by_seller/?auth_user_uid=c97f2da1-810c-4f86-98b4-18b722d5eecb&lat=-25.9814027092024&lng=28.118213295909406 HTTP/1.1" 200 14934
INFO 2025-08-31 22:56:59,984 basehttp 29715 6227849216 "GET /api/v1/quotes/quotes/by_seller/?auth_user_uid=c97f2da1-810c-4f86-98b4-18b722d5eecb HTTP/1.1" 200 11578
INFO 2025-08-31 22:57:01,115 basehttp 29715 6244675584 "GET /api/v1/analytics/dashboard/seller_orders_summary/?auth_user_uid=c97f2da1-810c-4f86-98b4-18b722d5eecb&timeframe=monthly HTTP/1.1" 200 871
INFO 2025-08-31 22:57:01,346 basehttp 29715 6211022848 "GET /api/v1/product-requests/requests/by_seller/?auth_user_uid=c97f2da1-810c-4f86-98b4-18b722d5eecb&lat=-25.9814027092024&lng=28.118213295909406 HTTP/1.1" 200 14934
INFO 2025-08-31 22:57:01,362 basehttp 29715 6227849216 "GET /api/v1/quotes/quotes/by_seller/?auth_user_uid=c97f2da1-810c-4f86-98b4-18b722d5eecb HTTP/1.1" 200 11578
INFO 2025-08-31 22:59:11,621 basehttp 29715 6211022848 "OPTIONS /api/v1/product-requests/requests/by_seller/?auth_user_uid=c97f2da1-810c-4f86-98b4-18b722d5eecb&lat=-25.98144924458553&lng=28.118138320294992 HTTP/1.1" 200 0
INFO 2025-08-31 22:59:11,683 basehttp 29715 6244675584 "GET /api/v1/analytics/dashboard/seller_orders_summary/?auth_user_uid=c97f2da1-810c-4f86-98b4-18b722d5eecb&timeframe=monthly HTTP/1.1" 200 871
INFO 2025-08-31 22:59:11,895 basehttp 29715 6227849216 "GET /api/v1/quotes/quotes/by_seller/?auth_user_uid=c97f2da1-810c-4f86-98b4-18b722d5eecb HTTP/1.1" 200 11578
INFO 2025-08-31 22:59:11,900 basehttp 29715 6211022848 "GET /api/v1/product-requests/requests/by_seller/?auth_user_uid=c97f2da1-810c-4f86-98b4-18b722d5eecb&lat=-25.98144924458553&lng=28.118138320294992 HTTP/1.1" 200 14935
INFO 2025-08-31 22:59:13,650 basehttp 29715 6244675584 "GET /api/v1/analytics/dashboard/seller_orders_summary/?auth_user_uid=c97f2da1-810c-4f86-98b4-18b722d5eecb&timeframe=monthly HTTP/1.1" 200 871
INFO 2025-08-31 22:59:14,097 basehttp 29715 6211022848 "GET /api/v1/product-requests/requests/by_seller/?auth_user_uid=c97f2da1-810c-4f86-98b4-18b722d5eecb&lat=-25.98144924458553&lng=28.118138320294992 HTTP/1.1" 200 14935
INFO 2025-08-31 22:59:14,110 basehttp 29715 6227849216 "GET /api/v1/quotes/quotes/by_seller/?auth_user_uid=c97f2da1-810c-4f86-98b4-18b722d5eecb HTTP/1.1" 200 11578
INFO 2025-08-31 23:13:23,363 basehttp 29715 6211022848 "OPTIONS /api/v1/product-requests/requests/by_seller/?auth_user_uid=c97f2da1-810c-4f86-98b4-18b722d5eecb&lat=-25.98122969240131&lng=28.118263799441287 HTTP/1.1" 200 0
INFO 2025-08-31 23:13:23,444 basehttp 29715 6244675584 "GET /api/v1/analytics/dashboard/seller_orders_summary/?auth_user_uid=c97f2da1-810c-4f86-98b4-18b722d5eecb&timeframe=monthly HTTP/1.1" 200 871
INFO 2025-08-31 23:13:23,714 basehttp 29715 6211022848 "GET /api/v1/product-requests/requests/by_seller/?auth_user_uid=c97f2da1-810c-4f86-98b4-18b722d5eecb&lat=-25.98122969240131&lng=28.118263799441287 HTTP/1.1" 200 14935
INFO 2025-08-31 23:13:23,781 basehttp 29715 6227849216 "GET /api/v1/quotes/quotes/by_seller/?auth_user_uid=c97f2da1-810c-4f86-98b4-18b722d5eecb HTTP/1.1" 200 11578
INFO 2025-08-31 23:13:25,156 basehttp 29715 6244675584 "GET /api/v1/analytics/dashboard/seller_orders_summary/?auth_user_uid=c97f2da1-810c-4f86-98b4-18b722d5eecb&timeframe=monthly HTTP/1.1" 200 871
INFO 2025-08-31 23:13:25,387 basehttp 29715 6227849216 "GET /api/v1/product-requests/requests/by_seller/?auth_user_uid=c97f2da1-810c-4f86-98b4-18b722d5eecb&lat=-25.98122969240131&lng=28.118263799441287 HTTP/1.1" 200 14935
INFO 2025-08-31 23:13:25,394 basehttp 29715 6211022848 "GET /api/v1/quotes/quotes/by_seller/?auth_user_uid=c97f2da1-810c-4f86-98b4-18b722d5eecb HTTP/1.1" 200 11578
INFO 2025-08-31 23:14:40,936 basehttp 29715 6211022848 "OPTIONS /api/v1/product-requests/requests/by_seller/?auth_user_uid=c97f2da1-810c-4f86-98b4-18b722d5eecb&lat=-25.9813736317488&lng=28.118290756736297 HTTP/1.1" 200 0
INFO 2025-08-31 23:14:41,073 basehttp 29715 6244675584 "GET /api/v1/analytics/dashboard/seller_orders_summary/?auth_user_uid=c97f2da1-810c-4f86-98b4-18b722d5eecb&timeframe=monthly HTTP/1.1" 200 871
INFO 2025-08-31 23:14:41,459 basehttp 29715 6227849216 "GET /api/v1/quotes/quotes/by_seller/?auth_user_uid=c97f2da1-810c-4f86-98b4-18b722d5eecb HTTP/1.1" 200 11578
INFO 2025-08-31 23:14:41,506 basehttp 29715 6211022848 "GET /api/v1/product-requests/requests/by_seller/?auth_user_uid=c97f2da1-810c-4f86-98b4-18b722d5eecb&lat=-25.9813736317488&lng=28.118290756736297 HTTP/1.1" 200 14934
INFO 2025-08-31 23:14:42,418 basehttp 29715 6244675584 "GET /api/v1/analytics/dashboard/seller_orders_summary/?auth_user_uid=c97f2da1-810c-4f86-98b4-18b722d5eecb&timeframe=monthly HTTP/1.1" 200 871
INFO 2025-08-31 23:14:42,667 basehttp 29715 6227849216 "GET /api/v1/quotes/quotes/by_seller/?auth_user_uid=c97f2da1-810c-4f86-98b4-18b722d5eecb HTTP/1.1" 200 11578
INFO 2025-08-31 23:14:42,673 basehttp 29715 6211022848 "GET /api/v1/product-requests/requests/by_seller/?auth_user_uid=c97f2da1-810c-4f86-98b4-18b722d5eecb&lat=-25.9813736317488&lng=28.118290756736297 HTTP/1.1" 200 14934
INFO 2025-08-31 23:15:38,786 basehttp 29715 6211022848 "OPTIONS /api/v1/product-requests/requests/by_seller/?auth_user_uid=c97f2da1-810c-4f86-98b4-18b722d5eecb&lat=-25.981414514315297&lng=28.11832195147852 HTTP/1.1" 200 0
INFO 2025-08-31 23:15:38,821 basehttp 29715 6244675584 "GET /api/v1/analytics/dashboard/seller_orders_summary/?auth_user_uid=c97f2da1-810c-4f86-98b4-18b722d5eecb&timeframe=monthly HTTP/1.1" 200 871
INFO 2025-08-31 23:15:39,144 basehttp 29715 6211022848 "GET /api/v1/product-requests/requests/by_seller/?auth_user_uid=c97f2da1-810c-4f86-98b4-18b722d5eecb&lat=-25.981414514315297&lng=28.11832195147852 HTTP/1.1" 200 14935
INFO 2025-08-31 23:15:39,150 basehttp 29715 6227849216 "GET /api/v1/quotes/quotes/by_seller/?auth_user_uid=c97f2da1-810c-4f86-98b4-18b722d5eecb HTTP/1.1" 200 11578
INFO 2025-08-31 23:15:40,459 basehttp 29715 6244675584 "GET /api/v1/analytics/dashboard/seller_orders_summary/?auth_user_uid=c97f2da1-810c-4f86-98b4-18b722d5eecb&timeframe=monthly HTTP/1.1" 200 871
INFO 2025-08-31 23:15:40,698 basehttp 29715 6227849216 "GET /api/v1/product-requests/requests/by_seller/?auth_user_uid=c97f2da1-810c-4f86-98b4-18b722d5eecb&lat=-25.981414514315297&lng=28.11832195147852 HTTP/1.1" 200 14935
INFO 2025-08-31 23:15:40,702 basehttp 29715 6211022848 "GET /api/v1/quotes/quotes/by_seller/?auth_user_uid=c97f2da1-810c-4f86-98b4-18b722d5eecb HTTP/1.1" 200 11578
INFO 2025-08-31 23:22:13,538 basehttp 29715 6211022848 "OPTIONS /api/v1/product-requests/requests/by_seller/?auth_user_uid=c97f2da1-810c-4f86-98b4-18b722d5eecb&lat=-25.98135588127211&lng=28.118254039908837 HTTP/1.1" 200 0
INFO 2025-08-31 23:22:13,641 basehttp 29715 6244675584 "GET /api/v1/analytics/dashboard/seller_orders_summary/?auth_user_uid=c97f2da1-810c-4f86-98b4-18b722d5eecb&timeframe=monthly HTTP/1.1" 200 871
INFO 2025-08-31 23:22:14,148 basehttp 29715 6211022848 "GET /api/v1/product-requests/requests/by_seller/?auth_user_uid=c97f2da1-810c-4f86-98b4-18b722d5eecb&lat=-25.98135588127211&lng=28.118254039908837 HTTP/1.1" 200 14935
INFO 2025-08-31 23:22:14,157 basehttp 29715 6227849216 "GET /api/v1/quotes/quotes/by_seller/?auth_user_uid=c97f2da1-810c-4f86-98b4-18b722d5eecb HTTP/1.1" 200 11578
INFO 2025-08-31 23:22:15,113 basehttp 29715 6244675584 "GET /api/v1/analytics/dashboard/seller_orders_summary/?auth_user_uid=c97f2da1-810c-4f86-98b4-18b722d5eecb&timeframe=monthly HTTP/1.1" 200 871
INFO 2025-08-31 23:22:15,342 basehttp 29715 6227849216 "GET /api/v1/product-requests/requests/by_seller/?auth_user_uid=c97f2da1-810c-4f86-98b4-18b722d5eecb&lat=-25.98135588127211&lng=28.118254039908837 HTTP/1.1" 200 14935
INFO 2025-08-31 23:22:15,363 basehttp 29715 6211022848 "GET /api/v1/quotes/quotes/by_seller/?auth_user_uid=c97f2da1-810c-4f86-98b4-18b722d5eecb HTTP/1.1" 200 11578
INFO 2025-08-31 23:23:35,420 basehttp 29715 6211022848 "OPTIONS /api/v1/product-requests/requests/by_seller/?auth_user_uid=c97f2da1-810c-4f86-98b4-18b722d5eecb&lat=-25.981355880507476&lng=28.118254039004015 HTTP/1.1" 200 0
INFO 2025-08-31 23:23:35,476 basehttp 29715 6244675584 "GET /api/v1/analytics/dashboard/seller_orders_summary/?auth_user_uid=c97f2da1-810c-4f86-98b4-18b722d5eecb&timeframe=monthly HTTP/1.1" 200 871
INFO 2025-08-31 23:23:35,804 basehttp 29715 6227849216 "GET /api/v1/quotes/quotes/by_seller/?auth_user_uid=c97f2da1-810c-4f86-98b4-18b722d5eecb HTTP/1.1" 200 11578
INFO 2025-08-31 23:23:35,818 basehttp 29715 6211022848 "GET /api/v1/product-requests/requests/by_seller/?auth_user_uid=c97f2da1-810c-4f86-98b4-18b722d5eecb&lat=-25.981355880507476&lng=28.118254039004015 HTTP/1.1" 200 14936
INFO 2025-08-31 23:23:37,455 basehttp 29715 6244675584 "GET /api/v1/analytics/dashboard/seller_orders_summary/?auth_user_uid=c97f2da1-810c-4f86-98b4-18b722d5eecb&timeframe=monthly HTTP/1.1" 200 871
INFO 2025-08-31 23:23:37,702 basehttp 29715 6211022848 "GET /api/v1/product-requests/requests/by_seller/?auth_user_uid=c97f2da1-810c-4f86-98b4-18b722d5eecb&lat=-25.981355880507476&lng=28.118254039004015 HTTP/1.1" 200 14936
INFO 2025-08-31 23:23:37,726 basehttp 29715 6227849216 "GET /api/v1/quotes/quotes/by_seller/?auth_user_uid=c97f2da1-810c-4f86-98b4-18b722d5eecb HTTP/1.1" 200 11578
INFO 2025-08-31 23:26:01,542 basehttp 29715 6211022848 "OPTIONS /api/v1/product-requests/requests/by_seller/?auth_user_uid=c97f2da1-810c-4f86-98b4-18b722d5eecb&lat=-25.981351998312526&lng=28.118337326186477 HTTP/1.1" 200 0
INFO 2025-08-31 23:26:01,710 basehttp 29715 6244675584 "GET /api/v1/analytics/dashboard/seller_orders_summary/?auth_user_uid=c97f2da1-810c-4f86-98b4-18b722d5eecb&timeframe=monthly HTTP/1.1" 200 871
INFO 2025-08-31 23:26:01,989 basehttp 29715 6227849216 "GET /api/v1/quotes/quotes/by_seller/?auth_user_uid=c97f2da1-810c-4f86-98b4-18b722d5eecb HTTP/1.1" 200 11578
INFO 2025-08-31 23:26:02,295 basehttp 29715 6211022848 "GET /api/v1/product-requests/requests/by_seller/?auth_user_uid=c97f2da1-810c-4f86-98b4-18b722d5eecb&lat=-25.981351998312526&lng=28.118337326186477 HTTP/1.1" 200 14936
INFO 2025-08-31 23:26:03,150 basehttp 29715 6244675584 "GET /api/v1/analytics/dashboard/seller_orders_summary/?auth_user_uid=c97f2da1-810c-4f86-98b4-18b722d5eecb&timeframe=monthly HTTP/1.1" 200 871
INFO 2025-08-31 23:26:03,442 basehttp 29715 6211022848 "GET /api/v1/product-requests/requests/by_seller/?auth_user_uid=c97f2da1-810c-4f86-98b4-18b722d5eecb&lat=-25.981351998312526&lng=28.118337326186477 HTTP/1.1" 200 14936
INFO 2025-08-31 23:26:03,472 basehttp 29715 6227849216 "GET /api/v1/quotes/quotes/by_seller/?auth_user_uid=c97f2da1-810c-4f86-98b4-18b722d5eecb HTTP/1.1" 200 11578
INFO 2025-08-31 23:26:22,144 basehttp 29715 6211022848 "OPTIONS /api/v1/product-requests/requests/by_seller/?auth_user_uid=c97f2da1-810c-4f86-98b4-18b722d5eecb&lat=-25.98131737988558&lng=28.118315154800555 HTTP/1.1" 200 0
INFO 2025-08-31 23:26:22,231 basehttp 29715 6244675584 "GET /api/v1/analytics/dashboard/seller_orders_summary/?auth_user_uid=c97f2da1-810c-4f86-98b4-18b722d5eecb&timeframe=monthly HTTP/1.1" 200 871
INFO 2025-08-31 23:26:22,703 basehttp 29715 6227849216 "GET /api/v1/quotes/quotes/by_seller/?auth_user_uid=c97f2da1-810c-4f86-98b4-18b722d5eecb HTTP/1.1" 200 11578
INFO 2025-08-31 23:26:22,802 basehttp 29715 6211022848 "GET /api/v1/product-requests/requests/by_seller/?auth_user_uid=c97f2da1-810c-4f86-98b4-18b722d5eecb&lat=-25.98131737988558&lng=28.118315154800555 HTTP/1.1" 200 14935
INFO 2025-08-31 23:26:24,302 basehttp 29715 6244675584 "GET /api/v1/analytics/dashboard/seller_orders_summary/?auth_user_uid=c97f2da1-810c-4f86-98b4-18b722d5eecb&timeframe=monthly HTTP/1.1" 200 871
INFO 2025-08-31 23:26:24,683 basehttp 29715 6211022848 "GET /api/v1/product-requests/requests/by_seller/?auth_user_uid=c97f2da1-810c-4f86-98b4-18b722d5eecb&lat=-25.98131737988558&lng=28.118315154800555 HTTP/1.1" 200 14935
INFO 2025-08-31 23:26:24,686 basehttp 29715 6227849216 "GET /api/v1/quotes/quotes/by_seller/?auth_user_uid=c97f2da1-810c-4f86-98b4-18b722d5eecb HTTP/1.1" 200 11578
INFO 2025-08-31 23:31:46,724 basehttp 29715 6211022848 "OPTIONS /api/v1/product-requests/requests/by_seller/?auth_user_uid=c97f2da1-810c-4f86-98b4-18b722d5eecb&lat=-25.98134286820769&lng=28.118322161002343 HTTP/1.1" 200 0
INFO 2025-08-31 23:31:46,892 basehttp 29715 6244675584 "GET /api/v1/analytics/dashboard/seller_orders_summary/?auth_user_uid=c97f2da1-810c-4f86-98b4-18b722d5eecb&timeframe=monthly HTTP/1.1" 200 871
INFO 2025-08-31 23:31:48,325 basehttp 29715 6211022848 "GET /api/v1/product-requests/requests/by_seller/?auth_user_uid=c97f2da1-810c-4f86-98b4-18b722d5eecb&lat=-25.98134286820769&lng=28.118322161002343 HTTP/1.1" 200 14935
INFO 2025-08-31 23:31:48,352 basehttp 29715 6227849216 "GET /api/v1/quotes/quotes/by_seller/?auth_user_uid=c97f2da1-810c-4f86-98b4-18b722d5eecb HTTP/1.1" 200 11578
INFO 2025-08-31 23:31:49,079 basehttp 29715 6244675584 "GET /api/v1/analytics/dashboard/seller_orders_summary/?auth_user_uid=c97f2da1-810c-4f86-98b4-18b722d5eecb&timeframe=monthly HTTP/1.1" 200 871
INFO 2025-08-31 23:31:49,351 basehttp 29715 6227849216 "GET /api/v1/product-requests/requests/by_seller/?auth_user_uid=c97f2da1-810c-4f86-98b4-18b722d5eecb&lat=-25.98134286820769&lng=28.118322161002343 HTTP/1.1" 200 14935
INFO 2025-08-31 23:31:49,355 basehttp 29715 6211022848 "GET /api/v1/quotes/quotes/by_seller/?auth_user_uid=c97f2da1-810c-4f86-98b4-18b722d5eecb HTTP/1.1" 200 11578
INFO 2025-08-31 23:35:16,003 basehttp 29715 6211022848 "OPTIONS /api/v1/product-requests/requests/by_seller/?auth_user_uid=c97f2da1-810c-4f86-98b4-18b722d5eecb&lat=-25.981342868591593&lng=28.118322161077437 HTTP/1.1" 200 0
INFO 2025-08-31 23:35:16,100 basehttp 29715 6244675584 "GET /api/v1/analytics/dashboard/seller_orders_summary/?auth_user_uid=c97f2da1-810c-4f86-98b4-18b722d5eecb&timeframe=monthly HTTP/1.1" 200 871
INFO 2025-08-31 23:35:16,220 basehttp 29715 6227849216 "GET /api/v1/quotes/quotes/by_seller/?auth_user_uid=c97f2da1-810c-4f86-98b4-18b722d5eecb HTTP/1.1" 200 11578
INFO 2025-08-31 23:35:16,357 basehttp 29715 6211022848 "GET /api/v1/product-requests/requests/by_seller/?auth_user_uid=c97f2da1-810c-4f86-98b4-18b722d5eecb&lat=-25.981342868591593&lng=28.118322161077437 HTTP/1.1" 200 14936
INFO 2025-08-31 23:35:18,400 basehttp 29715 6244675584 "GET /api/v1/analytics/dashboard/seller_orders_summary/?auth_user_uid=c97f2da1-810c-4f86-98b4-18b722d5eecb&timeframe=monthly HTTP/1.1" 200 871
INFO 2025-08-31 23:35:19,055 basehttp 29715 6227849216 "GET /api/v1/quotes/quotes/by_seller/?auth_user_uid=c97f2da1-810c-4f86-98b4-18b722d5eecb HTTP/1.1" 200 11578
INFO 2025-08-31 23:35:19,263 basehttp 29715 6211022848 "GET /api/v1/product-requests/requests/by_seller/?auth_user_uid=c97f2da1-810c-4f86-98b4-18b722d5eecb&lat=-25.981342868591593&lng=28.118322161077437 HTTP/1.1" 200 14936
INFO 2025-08-31 23:37:50,924 basehttp 29715 6211022848 "OPTIONS /api/v1/product-requests/requests/by_seller/?auth_user_uid=c97f2da1-810c-4f86-98b4-18b722d5eecb&lat=-25.981366699224964&lng=28.11823311207363 HTTP/1.1" 200 0
INFO 2025-08-31 23:37:51,206 basehttp 29715 6244675584 "GET /api/v1/analytics/dashboard/seller_orders_summary/?auth_user_uid=c97f2da1-810c-4f86-98b4-18b722d5eecb&timeframe=monthly HTTP/1.1" 200 871
INFO 2025-08-31 23:37:52,066 basehttp 29715 6211022848 "GET /api/v1/product-requests/requests/by_seller/?auth_user_uid=c97f2da1-810c-4f86-98b4-18b722d5eecb&lat=-25.981366699224964&lng=28.11823311207363 HTTP/1.1" 200 14948
INFO 2025-08-31 23:37:52,150 basehttp 29715 6227849216 "GET /api/v1/quotes/quotes/by_seller/?auth_user_uid=c97f2da1-810c-4f86-98b4-18b722d5eecb HTTP/1.1" 200 11592
INFO 2025-08-31 23:37:53,165 basehttp 29715 6244675584 "GET /api/v1/analytics/dashboard/seller_orders_summary/?auth_user_uid=c97f2da1-810c-4f86-98b4-18b722d5eecb&timeframe=monthly HTTP/1.1" 200 871
INFO 2025-08-31 23:37:53,784 basehttp 29715 6211022848 "GET /api/v1/quotes/quotes/by_seller/?auth_user_uid=c97f2da1-810c-4f86-98b4-18b722d5eecb HTTP/1.1" 200 11592
INFO 2025-08-31 23:37:53,937 basehttp 29715 6227849216 "GET /api/v1/product-requests/requests/by_seller/?auth_user_uid=c97f2da1-810c-4f86-98b4-18b722d5eecb&lat=-25.981366699224964&lng=28.11823311207363 HTTP/1.1" 200 14948
INFO 2025-08-31 23:39:16,712 basehttp 29715 6211022848 "GET /api/v1/product-requests/requests/by_seller/?auth_user_uid=c97f2da1-810c-4f86-98b4-18b722d5eecb&lat=-25.981366699224964&lng=28.11823311207363 HTTP/1.1" 200 14948
INFO 2025-08-31 23:39:16,736 basehttp 29715 6227849216 "GET /api/v1/quotes/quotes/by_seller/?auth_user_uid=c97f2da1-810c-4f86-98b4-18b722d5eecb HTTP/1.1" 200 11592
INFO 2025-08-31 23:39:27,356 basehttp 29715 6211022848 "GET /api/v1/product-requests/requests/by_seller/?auth_user_uid=c97f2da1-810c-4f86-98b4-18b722d5eecb&lat=-25.981366699224964&lng=28.11823311207363 HTTP/1.1" 200 14948
INFO 2025-08-31 23:39:27,364 basehttp 29715 6227849216 "GET /api/v1/quotes/quotes/by_seller/?auth_user_uid=c97f2da1-810c-4f86-98b4-18b722d5eecb HTTP/1.1" 200 11592
INFO 2025-08-31 23:39:41,061 basehttp 29715 6211022848 "GET /api/v1/product-requests/requests/by_seller/?auth_user_uid=c97f2da1-810c-4f86-98b4-18b722d5eecb&lat=-25.981366699224964&lng=28.11823311207363 HTTP/1.1" 200 14948
INFO 2025-08-31 23:39:41,066 basehttp 29715 6227849216 "GET /api/v1/quotes/quotes/by_seller/?auth_user_uid=c97f2da1-810c-4f86-98b4-18b722d5eecb HTTP/1.1" 200 11592
INFO 2025-08-31 23:40:53,865 basehttp 29715 6211022848 "OPTIONS /api/v1/product-requests/requests/by_seller/?auth_user_uid=c97f2da1-810c-4f86-98b4-18b722d5eecb&lat=-25.98129590089943&lng=28.118180264116962 HTTP/1.1" 200 0
INFO 2025-08-31 23:40:53,871 basehttp 29715 6244675584 "OPTIONS /api/v1/analytics/dashboard/seller_orders_summary/?auth_user_uid=c97f2da1-810c-4f86-98b4-18b722d5eecb&timeframe=monthly HTTP/1.1" 200 0
WARNING 2025-08-31 23:40:53,919 log 29715 6211022848 Too Many Requests: /api/v1/product-requests/requests/by_seller/
WARNING 2025-08-31 23:40:53,921 basehttp 29715 6211022848 "GET /api/v1/product-requests/requests/by_seller/?auth_user_uid=c97f2da1-810c-4f86-98b4-18b722d5eecb&lat=-25.98129590089943&lng=28.118180264116962 HTTP/1.1" 429 141
WARNING 2025-08-31 23:40:53,929 log 29715 6244675584 Too Many Requests: /api/v1/analytics/dashboard/seller_orders_summary/
WARNING 2025-08-31 23:40:53,929 basehttp 29715 6244675584 "GET /api/v1/analytics/dashboard/seller_orders_summary/?auth_user_uid=c97f2da1-810c-4f86-98b4-18b722d5eecb&timeframe=monthly HTTP/1.1" 429 141
WARNING 2025-08-31 23:40:53,947 log 29715 6227849216 Too Many Requests: /api/v1/quotes/quotes/by_seller/
WARNING 2025-08-31 23:40:53,947 basehttp 29715 6227849216 "GET /api/v1/quotes/quotes/by_seller/?auth_user_uid=c97f2da1-810c-4f86-98b4-18b722d5eecb HTTP/1.1" 429 141
WARNING 2025-08-31 23:40:55,626 log 29715 6211022848 Too Many Requests: /api/v1/product-requests/requests/by_seller/
WARNING 2025-08-31 23:40:55,628 basehttp 29715 6211022848 "GET /api/v1/product-requests/requests/by_seller/?auth_user_uid=c97f2da1-810c-4f86-98b4-18b722d5eecb&lat=-25.98129590089943&lng=28.118180264116962 HTTP/1.1" 429 141
WARNING 2025-08-31 23:40:55,630 log 29715 6244675584 Too Many Requests: /api/v1/analytics/dashboard/seller_orders_summary/
WARNING 2025-08-31 23:40:55,630 basehttp 29715 6244675584 "GET /api/v1/analytics/dashboard/seller_orders_summary/?auth_user_uid=c97f2da1-810c-4f86-98b4-18b722d5eecb&timeframe=monthly HTTP/1.1" 429 141
WARNING 2025-08-31 23:40:55,637 log 29715 6227849216 Too Many Requests: /api/v1/quotes/quotes/by_seller/
WARNING 2025-08-31 23:40:55,638 basehttp 29715 6227849216 "GET /api/v1/quotes/quotes/by_seller/?auth_user_uid=c97f2da1-810c-4f86-98b4-18b722d5eecb HTTP/1.1" 429 141
WARNING 2025-08-31 23:40:58,323 log 29715 6227849216 Too Many Requests: /api/v1/product-requests/requests/by_seller/
WARNING 2025-08-31 23:40:58,324 basehttp 29715 6227849216 "GET /api/v1/product-requests/requests/by_seller/?auth_user_uid=c97f2da1-810c-4f86-98b4-18b722d5eecb&lat=-25.98129590089943&lng=28.118180264116962 HTTP/1.1" 429 141
INFO 2025-08-31 23:42:42,406 basehttp 29715 6211022848 "OPTIONS /api/v1/product-requests/requests/by_seller/?auth_user_uid=c97f2da1-810c-4f86-98b4-18b722d5eecb&lat=-25.981327721831867&lng=28.118297433755217 HTTP/1.1" 200 0
WARNING 2025-08-31 23:42:42,423 log 29715 6244675584 Too Many Requests: /api/v1/analytics/dashboard/seller_orders_summary/
WARNING 2025-08-31 23:42:42,423 basehttp 29715 6244675584 "GET /api/v1/analytics/dashboard/seller_orders_summary/?auth_user_uid=c97f2da1-810c-4f86-98b4-18b722d5eecb&timeframe=monthly HTTP/1.1" 429 141
WARNING 2025-08-31 23:42:42,431 log 29715 6227849216 Too Many Requests: /api/v1/quotes/quotes/by_seller/
WARNING 2025-08-31 23:42:42,431 basehttp 29715 6227849216 "GET /api/v1/quotes/quotes/by_seller/?auth_user_uid=c97f2da1-810c-4f86-98b4-18b722d5eecb HTTP/1.1" 429 141
WARNING 2025-08-31 23:42:42,441 log 29715 6211022848 Too Many Requests: /api/v1/product-requests/requests/by_seller/
WARNING 2025-08-31 23:42:42,441 basehttp 29715 6211022848 "GET /api/v1/product-requests/requests/by_seller/?auth_user_uid=c97f2da1-810c-4f86-98b4-18b722d5eecb&lat=-25.981327721831867&lng=28.118297433755217 HTTP/1.1" 429 141
WARNING 2025-08-31 23:42:43,375 log 29715 6244675584 Too Many Requests: /api/v1/analytics/dashboard/seller_orders_summary/
WARNING 2025-08-31 23:42:43,375 basehttp 29715 6244675584 "GET /api/v1/analytics/dashboard/seller_orders_summary/?auth_user_uid=c97f2da1-810c-4f86-98b4-18b722d5eecb&timeframe=monthly HTTP/1.1" 429 141
WARNING 2025-08-31 23:42:43,377 log 29715 6211022848 Too Many Requests: /api/v1/product-requests/requests/by_seller/
WARNING 2025-08-31 23:42:43,377 basehttp 29715 6211022848 "GET /api/v1/product-requests/requests/by_seller/?auth_user_uid=c97f2da1-810c-4f86-98b4-18b722d5eecb&lat=-25.981327721831867&lng=28.118297433755217 HTTP/1.1" 429 141
WARNING 2025-08-31 23:42:43,389 log 29715 6227849216 Too Many Requests: /api/v1/quotes/quotes/by_seller/
WARNING 2025-08-31 23:42:43,389 basehttp 29715 6227849216 "GET /api/v1/quotes/quotes/by_seller/?auth_user_uid=c97f2da1-810c-4f86-98b4-18b722d5eecb HTTP/1.1" 429 141
WARNING 2025-08-31 23:42:45,390 log 29715 6211022848 Too Many Requests: /api/v1/product-requests/requests/by_seller/
WARNING 2025-08-31 23:42:45,391 basehttp 29715 6211022848 "GET /api/v1/product-requests/requests/by_seller/?auth_user_uid=c97f2da1-810c-4f86-98b4-18b722d5eecb&lat=-25.981327721831867&lng=28.118297433755217 HTTP/1.1" 429 141
INFO 2025-09-01 00:21:00,322 basehttp 29715 6211022848 "OPTIONS /api/v1/product-requests/requests/by_seller/?auth_user_uid=c97f2da1-810c-4f86-98b4-18b722d5eecb&lat=-25.981349998181535&lng=28.11835898452574 HTTP/1.1" 200 0
INFO 2025-09-01 00:21:00,351 basehttp 29715 6227849216 "OPTIONS /api/v1/quotes/quotes/by_seller/?auth_user_uid=c97f2da1-810c-4f86-98b4-18b722d5eecb HTTP/1.1" 200 0
INFO 2025-09-01 00:21:00,546 basehttp 29715 6244675584 "GET /api/v1/analytics/dashboard/seller_orders_summary/?auth_user_uid=c97f2da1-810c-4f86-98b4-18b722d5eecb&timeframe=monthly HTTP/1.1" 200 871
INFO 2025-09-01 00:21:00,717 basehttp 29715 6227849216 "GET /api/v1/quotes/quotes/by_seller/?auth_user_uid=c97f2da1-810c-4f86-98b4-18b722d5eecb HTTP/1.1" 200 11592
INFO 2025-09-01 00:21:00,804 basehttp 29715 6211022848 "GET /api/v1/product-requests/requests/by_seller/?auth_user_uid=c97f2da1-810c-4f86-98b4-18b722d5eecb&lat=-25.981349998181535&lng=28.11835898452574 HTTP/1.1" 200 14948
INFO 2025-09-01 00:21:02,314 basehttp 29715 6244675584 "GET /api/v1/analytics/dashboard/seller_orders_summary/?auth_user_uid=c97f2da1-810c-4f86-98b4-18b722d5eecb&timeframe=monthly HTTP/1.1" 200 871
INFO 2025-09-01 00:21:02,543 basehttp 29715 6211022848 "GET /api/v1/product-requests/requests/by_seller/?auth_user_uid=c97f2da1-810c-4f86-98b4-18b722d5eecb&lat=-25.981349998181535&lng=28.11835898452574 HTTP/1.1" 200 14948
INFO 2025-09-01 00:21:02,549 basehttp 29715 6227849216 "GET /api/v1/quotes/quotes/by_seller/?auth_user_uid=c97f2da1-810c-4f86-98b4-18b722d5eecb HTTP/1.1" 200 11592
INFO 2025-09-01 02:04:45,474 basehttp 29715 6211022848 "OPTIONS /api/v1/product-requests/requests/by_seller/?auth_user_uid=c97f2da1-810c-4f86-98b4-18b722d5eecb&lat=-25.981350765508893&lng=28.11833862174422 HTTP/1.1" 200 0
INFO 2025-09-01 02:04:45,478 basehttp 29715 6244675584 "OPTIONS /api/v1/analytics/dashboard/seller_orders_summary/?auth_user_uid=c97f2da1-810c-4f86-98b4-18b722d5eecb&timeframe=monthly HTTP/1.1" 200 0
INFO 2025-09-01 02:04:45,480 basehttp 29715 6227849216 "OPTIONS /api/v1/quotes/quotes/by_seller/?auth_user_uid=c97f2da1-810c-4f86-98b4-18b722d5eecb HTTP/1.1" 200 0
INFO 2025-09-01 02:04:45,611 basehttp 29715 6227849216 "GET /api/v1/analytics/dashboard/seller_orders_summary/?auth_user_uid=c97f2da1-810c-4f86-98b4-18b722d5eecb&timeframe=monthly HTTP/1.1" 200 871
INFO 2025-09-01 02:04:46,011 basehttp 29715 6211022848 "GET /api/v1/product-requests/requests/by_seller/?auth_user_uid=c97f2da1-810c-4f86-98b4-18b722d5eecb&lat=-25.981350765508893&lng=28.11833862174422 HTTP/1.1" 200 14948
INFO 2025-09-01 02:04:46,031 basehttp 29715 6244675584 "GET /api/v1/quotes/quotes/by_seller/?auth_user_uid=c97f2da1-810c-4f86-98b4-18b722d5eecb HTTP/1.1" 200 11592
INFO 2025-09-01 02:09:58,370 basehttp 29715 6211022848 "OPTIONS /api/v1/product-requests/requests/by_seller/?auth_user_uid=c97f2da1-810c-4f86-98b4-18b722d5eecb&lat=-25.9813579367498&lng=28.118281221331895 HTTP/1.1" 200 0
INFO 2025-09-01 02:09:58,474 basehttp 29715 6244675584 "GET /api/v1/analytics/dashboard/seller_orders_summary/?auth_user_uid=c97f2da1-810c-4f86-98b4-18b722d5eecb&timeframe=monthly HTTP/1.1" 200 871
INFO 2025-09-01 02:09:58,790 basehttp 29715 6211022848 "GET /api/v1/product-requests/requests/by_seller/?auth_user_uid=c97f2da1-810c-4f86-98b4-18b722d5eecb&lat=-25.9813579367498&lng=28.118281221331895 HTTP/1.1" 200 14947
INFO 2025-09-01 02:09:58,833 basehttp 29715 6227849216 "GET /api/v1/quotes/quotes/by_seller/?auth_user_uid=c97f2da1-810c-4f86-98b4-18b722d5eecb HTTP/1.1" 200 11592
INFO 2025-09-01 02:09:59,384 basehttp 29715 6244675584 "GET /api/v1/analytics/dashboard/seller_orders_summary/?auth_user_uid=c97f2da1-810c-4f86-98b4-18b722d5eecb&timeframe=monthly HTTP/1.1" 200 871
INFO 2025-09-01 02:09:59,586 basehttp 29715 6227849216 "GET /api/v1/product-requests/requests/by_seller/?auth_user_uid=c97f2da1-810c-4f86-98b4-18b722d5eecb&lat=-25.9813579367498&lng=28.118281221331895 HTTP/1.1" 200 14947
INFO 2025-09-01 02:09:59,627 basehttp 29715 6211022848 "GET /api/v1/quotes/quotes/by_seller/?auth_user_uid=c97f2da1-810c-4f86-98b4-18b722d5eecb HTTP/1.1" 200 11592
INFO 2025-09-01 02:10:41,474 basehttp 29715 6211022848 "GET /api/v1/product-requests/requests/by_seller/?auth_user_uid=c97f2da1-810c-4f86-98b4-18b722d5eecb&lat=-25.9813579367498&lng=28.118281221331895 HTTP/1.1" 200 14947
INFO 2025-09-01 02:10:41,479 basehttp 29715 6227849216 "GET /api/v1/quotes/quotes/by_seller/?auth_user_uid=c97f2da1-810c-4f86-98b4-18b722d5eecb HTTP/1.1" 200 11592
INFO 2025-09-01 02:37:45,393 basehttp 29715 6211022848 "OPTIONS /api/v1/product-requests/requests/by_seller/?auth_user_uid=c97f2da1-810c-4f86-98b4-18b722d5eecb&lat=-25.981321730893697&lng=28.118290776978498 HTTP/1.1" 200 0
INFO 2025-09-01 02:37:45,544 basehttp 29715 6244675584 "GET /api/v1/analytics/dashboard/seller_orders_summary/?auth_user_uid=c97f2da1-810c-4f86-98b4-18b722d5eecb&timeframe=monthly HTTP/1.1" 200 871
INFO 2025-09-01 02:37:46,089 basehttp 29715 6211022848 "GET /api/v1/product-requests/requests/by_seller/?auth_user_uid=c97f2da1-810c-4f86-98b4-18b722d5eecb&lat=-25.981321730893697&lng=28.118290776978498 HTTP/1.1" 200 14949
INFO 2025-09-01 02:37:46,169 basehttp 29715 6227849216 "GET /api/v1/quotes/quotes/by_seller/?auth_user_uid=c97f2da1-810c-4f86-98b4-18b722d5eecb HTTP/1.1" 200 11592
INFO 2025-09-01 02:37:48,798 basehttp 29715 6244675584 "GET /api/v1/analytics/dashboard/seller_orders_summary/?auth_user_uid=c97f2da1-810c-4f86-98b4-18b722d5eecb&timeframe=monthly HTTP/1.1" 200 871
INFO 2025-09-01 02:37:49,337 basehttp 29715 6211022848 "GET /api/v1/product-requests/requests/by_seller/?auth_user_uid=c97f2da1-810c-4f86-98b4-18b722d5eecb&lat=-25.981321730893697&lng=28.118290776978498 HTTP/1.1" 200 14949
INFO 2025-09-01 02:37:49,355 basehttp 29715 6227849216 "GET /api/v1/quotes/quotes/by_seller/?auth_user_uid=c97f2da1-810c-4f86-98b4-18b722d5eecb HTTP/1.1" 200 11592
INFO 2025-09-01 02:53:45,726 basehttp 29715 6211022848 "OPTIONS /api/v1/product-requests/requests/by_seller/?auth_user_uid=c97f2da1-810c-4f86-98b4-18b722d5eecb&lat=-25.981310182353287&lng=28.118286621940964 HTTP/1.1" 200 0
INFO 2025-09-01 02:53:45,898 basehttp 29715 6244675584 "GET /api/v1/analytics/dashboard/seller_orders_summary/?auth_user_uid=c97f2da1-810c-4f86-98b4-18b722d5eecb&timeframe=monthly HTTP/1.1" 200 871
INFO 2025-09-01 02:53:46,814 basehttp 29715 6227849216 "GET /api/v1/quotes/quotes/by_seller/?auth_user_uid=c97f2da1-810c-4f86-98b4-18b722d5eecb HTTP/1.1" 200 11592
INFO 2025-09-01 02:53:46,838 basehttp 29715 6211022848 "GET /api/v1/product-requests/requests/by_seller/?auth_user_uid=c97f2da1-810c-4f86-98b4-18b722d5eecb&lat=-25.981310182353287&lng=28.118286621940964 HTTP/1.1" 200 14949
INFO 2025-09-01 02:53:47,074 basehttp 29715 6244675584 "GET /api/v1/analytics/dashboard/seller_orders_summary/?auth_user_uid=c97f2da1-810c-4f86-98b4-18b722d5eecb&timeframe=monthly HTTP/1.1" 200 871
INFO 2025-09-01 02:53:47,871 basehttp 29715 6227849216 "GET /api/v1/quotes/quotes/by_seller/?auth_user_uid=c97f2da1-810c-4f86-98b4-18b722d5eecb HTTP/1.1" 200 11592
INFO 2025-09-01 02:53:48,144 basehttp 29715 6211022848 "GET /api/v1/product-requests/requests/by_seller/?auth_user_uid=c97f2da1-810c-4f86-98b4-18b722d5eecb&lat=-25.981310182353287&lng=28.118286621940964 HTTP/1.1" 200 14949
INFO 2025-09-01 02:55:05,540 basehttp 29715 6227849216 "GET /api/v1/quotes/quotes/by_seller/?auth_user_uid=c97f2da1-810c-4f86-98b4-18b722d5eecb HTTP/1.1" 200 11592
INFO 2025-09-01 02:55:05,573 basehttp 29715 6211022848 "GET /api/v1/product-requests/requests/by_seller/?auth_user_uid=c97f2da1-810c-4f86-98b4-18b722d5eecb&lat=-25.981310182353287&lng=28.118286621940964 HTTP/1.1" 200 14949
INFO 2025-09-01 02:55:32,507 basehttp 29715 6211022848 "GET /api/v1/product-requests/requests/by_seller/?auth_user_uid=c97f2da1-810c-4f86-98b4-18b722d5eecb&lat=-25.981310182353287&lng=28.118286621940964 HTTP/1.1" 200 14949
INFO 2025-09-01 02:55:32,515 basehttp 29715 6227849216 "GET /api/v1/quotes/quotes/by_seller/?auth_user_uid=c97f2da1-810c-4f86-98b4-18b722d5eecb HTTP/1.1" 200 11592
INFO 2025-09-01 02:55:34,268 basehttp 29715 6211022848 "GET /api/v1/product-requests/requests/by_seller/?auth_user_uid=c97f2da1-810c-4f86-98b4-18b722d5eecb&lat=-25.981310182353287&lng=28.118286621940964 HTTP/1.1" 200 14949
INFO 2025-09-01 02:55:34,281 basehttp 29715 6227849216 "GET /api/v1/quotes/quotes/by_seller/?auth_user_uid=c97f2da1-810c-4f86-98b4-18b722d5eecb HTTP/1.1" 200 11592
INFO 2025-09-01 02:55:35,487 basehttp 29715 6227849216 "GET /api/v1/product-requests/requests/by_seller/?auth_user_uid=c97f2da1-810c-4f86-98b4-18b722d5eecb&lat=-25.981310182353287&lng=28.118286621940964 HTTP/1.1" 200 14949
INFO 2025-09-01 02:55:35,503 basehttp 29715 6211022848 "GET /api/v1/quotes/quotes/by_seller/?auth_user_uid=c97f2da1-810c-4f86-98b4-18b722d5eecb HTTP/1.1" 200 11592
INFO 2025-09-01 02:55:36,015 basehttp 29715 6211022848 "GET /api/v1/product-requests/requests/by_seller/?auth_user_uid=c97f2da1-810c-4f86-98b4-18b722d5eecb&lat=-25.981310182353287&lng=28.118286621940964 HTTP/1.1" 200 14949
INFO 2025-09-01 02:55:36,028 basehttp 29715 6227849216 "GET /api/v1/quotes/quotes/by_seller/?auth_user_uid=c97f2da1-810c-4f86-98b4-18b722d5eecb HTTP/1.1" 200 11592
INFO 2025-09-01 03:01:45,346 basehttp 29715 6244675584 "GET /api/v1/analytics/dashboard/seller_orders_summary/?auth_user_uid=c97f2da1-810c-4f86-98b4-18b722d5eecb&timeframe=monthly HTTP/1.1" 200 871
INFO 2025-09-01 03:01:45,607 basehttp 29715 6211022848 "GET /api/v1/product-requests/requests/by_seller/?auth_user_uid=c97f2da1-810c-4f86-98b4-18b722d5eecb&lat=-25.981310182353287&lng=28.118286621940964 HTTP/1.1" 200 14949
INFO 2025-09-01 03:01:45,624 basehttp 29715 6227849216 "GET /api/v1/quotes/quotes/by_seller/?auth_user_uid=c97f2da1-810c-4f86-98b4-18b722d5eecb HTTP/1.1" 200 11592
INFO 2025-09-01 03:10:18,918 basehttp 29715 6244675584 "GET /api/v1/analytics/dashboard/seller_orders_summary/?auth_user_uid=c97f2da1-810c-4f86-98b4-18b722d5eecb&timeframe=monthly HTTP/1.1" 200 871
INFO 2025-09-01 03:10:19,275 basehttp 29715 6211022848 "GET /api/v1/product-requests/requests/by_seller/?auth_user_uid=c97f2da1-810c-4f86-98b4-18b722d5eecb&lat=-25.981310182353287&lng=28.118286621940964 HTTP/1.1" 200 14949
INFO 2025-09-01 03:10:19,301 basehttp 29715 6227849216 "GET /api/v1/quotes/quotes/by_seller/?auth_user_uid=c97f2da1-810c-4f86-98b4-18b722d5eecb HTTP/1.1" 200 11592
INFO 2025-09-01 03:10:37,263 basehttp 29715 6211022848 "OPTIONS /api/v1/product-requests/requests/by_auth_user/?auth_user_uid=7b186537-5f40-43fc-8545-09f04dcc7c84 HTTP/1.1" 200 0
INFO 2025-09-01 03:10:37,345 basehttp 29715 6211022848 "GET /api/v1/product-requests/requests/by_auth_user/?auth_user_uid=7b186537-5f40-43fc-8545-09f04dcc7c84 HTTP/1.1" 200 3944
INFO 2025-09-01 04:11:34,275 basehttp 29715 6211022848 "OPTIONS /api/v1/product-requests/requests/by_seller/?auth_user_uid=c97f2da1-810c-4f86-98b4-18b722d5eecb&lat=-25.981350624756782&lng=28.11831092450638 HTTP/1.1" 200 0
INFO 2025-09-01 04:11:34,277 basehttp 29715 6227849216 "OPTIONS /api/v1/quotes/quotes/by_seller/?auth_user_uid=c97f2da1-810c-4f86-98b4-18b722d5eecb HTTP/1.1" 200 0
INFO 2025-09-01 04:11:34,302 basehttp 29715 6244675584 "OPTIONS /api/v1/analytics/dashboard/seller_orders_summary/?auth_user_uid=c97f2da1-810c-4f86-98b4-18b722d5eecb&timeframe=monthly HTTP/1.1" 200 0
INFO 2025-09-01 04:11:34,459 basehttp 29715 6244675584 "GET /api/v1/analytics/dashboard/seller_orders_summary/?auth_user_uid=c97f2da1-810c-4f86-98b4-18b722d5eecb&timeframe=monthly HTTP/1.1" 200 871
INFO 2025-09-01 04:11:34,736 basehttp 29715 6227849216 "GET /api/v1/product-requests/requests/by_seller/?auth_user_uid=c97f2da1-810c-4f86-98b4-18b722d5eecb&lat=-25.981350624756782&lng=28.11831092450638 HTTP/1.1" 200 14948
INFO 2025-09-01 04:11:34,781 basehttp 29715 6211022848 "GET /api/v1/quotes/quotes/by_seller/?auth_user_uid=c97f2da1-810c-4f86-98b4-18b722d5eecb HTTP/1.1" 200 11592
INFO 2025-09-01 04:12:14,119 basehttp 29715 6211022848 "GET /api/v1/product-requests/requests/by_seller/?auth_user_uid=c97f2da1-810c-4f86-98b4-18b722d5eecb&lat=-25.981350624756782&lng=28.11831092450638 HTTP/1.1" 200 14948
INFO 2025-09-01 04:12:14,122 basehttp 29715 6227849216 "GET /api/v1/quotes/quotes/by_seller/?auth_user_uid=c97f2da1-810c-4f86-98b4-18b722d5eecb HTTP/1.1" 200 11592
INFO 2025-09-01 04:12:18,089 basehttp 29715 6227849216 "GET /api/v1/product-requests/requests/by_seller/?auth_user_uid=c97f2da1-810c-4f86-98b4-18b722d5eecb&lat=-25.981350624756782&lng=28.11831092450638 HTTP/1.1" 200 14948
INFO 2025-09-01 04:12:18,104 basehttp 29715 6211022848 "GET /api/v1/quotes/quotes/by_seller/?auth_user_uid=c97f2da1-810c-4f86-98b4-18b722d5eecb HTTP/1.1" 200 11592
INFO 2025-09-01 05:09:29,783 basehttp 29715 6227849216 "OPTIONS /api/v1/quotes/quotes/by_seller/?auth_user_uid=c97f2da1-810c-4f86-98b4-18b722d5eecb HTTP/1.1" 200 0
INFO 2025-09-01 05:09:29,788 basehttp 29715 6244675584 "OPTIONS /api/v1/analytics/dashboard/seller_orders_summary/?auth_user_uid=c97f2da1-810c-4f86-98b4-18b722d5eecb&timeframe=monthly HTTP/1.1" 200 0
INFO 2025-09-01 05:09:29,790 basehttp 29715 6211022848 "OPTIONS /api/v1/product-requests/requests/by_seller/?auth_user_uid=c97f2da1-810c-4f86-98b4-18b722d5eecb&lat=-25.98141032227598&lng=28.118236187028206 HTTP/1.1" 200 0
INFO 2025-09-01 05:09:30,031 basehttp 29715 6211022848 "GET /api/v1/analytics/dashboard/seller_orders_summary/?auth_user_uid=c97f2da1-810c-4f86-98b4-18b722d5eecb&timeframe=monthly HTTP/1.1" 200 871
INFO 2025-09-01 05:09:30,247 basehttp 29715 6244675584 "GET /api/v1/product-requests/requests/by_seller/?auth_user_uid=c97f2da1-810c-4f86-98b4-18b722d5eecb&lat=-25.98141032227598&lng=28.118236187028206 HTTP/1.1" 200 14948
INFO 2025-09-01 05:09:30,286 basehttp 29715 6227849216 "GET /api/v1/quotes/quotes/by_seller/?auth_user_uid=c97f2da1-810c-4f86-98b4-18b722d5eecb HTTP/1.1" 200 11592
INFO 2025-09-01 05:11:20,588 basehttp 29715 6211022848 "OPTIONS /api/v1/product-requests/requests/by_auth_user/?auth_user_uid=7b186537-5f40-43fc-8545-09f04dcc7c84 HTTP/1.1" 200 0
INFO 2025-09-01 05:11:29,820 basehttp 29715 6211022848 "GET /api/v1/product-requests/requests/by_auth_user/?auth_user_uid=7b186537-5f40-43fc-8545-09f04dcc7c84 HTTP/1.1" 200 3944
INFO 2025-09-01 05:11:35,073 basehttp 29715 6227849216 "OPTIONS /api/v1/product-requests/orders/ HTTP/1.1" 200 0
INFO 2025-09-01 05:11:36,186 basehttp 29715 6227849216 "GET /api/v1/product-requests/orders/ HTTP/1.1" 200 6087
INFO 2025-09-01 05:11:52,013 basehttp 29715 6211022848 "OPTIONS /api/v1/product-requests/orders/ HTTP/1.1" 200 0
INFO 2025-09-01 05:11:52,093 basehttp 29715 6211022848 "POST /api/v1/product-requests/orders/ HTTP/1.1" 201 155
INFO 2025-09-01 05:11:52,200 basehttp 29715 6227849216 "GET /api/v1/product-requests/orders/ HTTP/1.1" 200 6845
WARNING 2025-09-01 05:20:53,306 log 29715 6244675584 Bad Request: /api/v1/product-requests/orders/
WARNING 2025-09-01 05:20:53,307 basehttp 29715 6244675584 "POST /api/v1/product-requests/orders/ HTTP/1.1" 400 147
INFO 2025-09-01 05:27:27,797 basehttp 29715 6211022848 "OPTIONS /api/v1/product-requests/requests/by_auth_user/?auth_user_uid=7b186537-5f40-43fc-8545-09f04dcc7c84 HTTP/1.1" 200 0
INFO 2025-09-01 05:27:27,975 basehttp 29715 6211022848 "GET /api/v1/product-requests/requests/by_auth_user/?auth_user_uid=7b186537-5f40-43fc-8545-09f04dcc7c84 HTTP/1.1" 200 2815
INFO 2025-09-01 05:34:49,990 basehttp 29715 6211022848 "GET /api/v1/product-requests/requests/by_auth_user/?auth_user_uid=7b186537-5f40-43fc-8545-09f04dcc7c84 HTTP/1.1" 200 2815
INFO 2025-09-01 05:34:54,310 basehttp 29715 6211022848 "OPTIONS /api/v1/product-requests/orders/ HTTP/1.1" 200 0
INFO 2025-09-01 05:34:54,347 basehttp 29715 6211022848 "POST /api/v1/product-requests/orders/ HTTP/1.1" 201 155
INFO 2025-09-01 05:34:54,453 basehttp 29715 6227849216 "OPTIONS /api/v1/product-requests/orders/ HTTP/1.1" 200 0
INFO 2025-09-01 05:34:54,504 basehttp 29715 6227849216 "GET /api/v1/product-requests/orders/ HTTP/1.1" 200 7606
WARNING 2025-09-01 06:45:16,084 log 29715 6211022848 Bad Request: /api/v1/product-requests/orders/
WARNING 2025-09-01 06:45:16,115 basehttp 29715 6211022848 "POST /api/v1/product-requests/orders/ HTTP/1.1" 400 147
INFO 2025-09-01 06:45:29,594 basehttp 29715 6211022848 "GET /api/v1/product-requests/orders/ HTTP/1.1" 200 7606
INFO 2025-09-01 06:46:27,033 basehttp 29715 6211022848 "GET /api/v1/product-requests/orders/ HTTP/1.1" 200 7606
INFO 2025-09-01 06:50:53,685 basehttp 29715 6211022848 "GET /api/v1/product-requests/requests/by_auth_user/?auth_user_uid=7b186537-5f40-43fc-8545-09f04dcc7c84 HTTP/1.1" 200 1718
INFO 2025-09-01 06:51:07,533 basehttp 29715 6211022848 "OPTIONS /api/v1/product-requests/requests/4f5a8118-8055-45a6-86f5-f72776c68845/ HTTP/1.1" 200 0
INFO 2025-09-01 06:51:07,729 basehttp 29715 6211022848 "DELETE /api/v1/product-requests/requests/4f5a8118-8055-45a6-86f5-f72776c68845/ HTTP/1.1" 204 0
INFO 2025-09-01 06:51:09,828 basehttp 29715 6227849216 "GET /api/v1/product-requests/requests/by_auth_user/?auth_user_uid=7b186537-5f40-43fc-8545-09f04dcc7c84 HTTP/1.1" 200 1149
INFO 2025-09-01 06:51:35,959 basehttp 29715 6211022848 "GET /api/v1/product-requests/orders/ HTTP/1.1" 200 7606
INFO 2025-09-01 07:09:59,213 basehttp 29715 6211022848 "GET /api/v1/product-requests/orders/ HTTP/1.1" 200 7606
INFO 2025-09-01 07:11:05,726 basehttp 29715 6211022848 "GET /api/v1/product-requests/orders/ HTTP/1.1" 200 7606
INFO 2025-09-01 07:11:53,919 basehttp 29715 6211022848 "GET /api/v1/product-requests/orders/ HTTP/1.1" 200 7606
INFO 2025-09-01 07:21:56,084 basehttp 29715 6211022848 "GET /api/v1/quotes/quotes/by_seller/?auth_user_uid=c97f2da1-810c-4f86-98b4-18b722d5eecb HTTP/1.1" 200 33822
INFO 2025-09-01 10:21:35,170 basehttp 29715 6211022848 "OPTIONS /api/v1/product-requests/requests/by_auth_user/?auth_user_uid=7b186537-5f40-43fc-8545-09f04dcc7c84 HTTP/1.1" 200 0
INFO 2025-09-01 10:21:35,374 basehttp 29715 6211022848 "GET /api/v1/product-requests/requests/by_auth_user/?auth_user_uid=7b186537-5f40-43fc-8545-09f04dcc7c84 HTTP/1.1" 200 1149
INFO 2025-09-01 10:21:36,797 basehttp 29715 6227849216 "OPTIONS /api/v1/product-requests/orders/ HTTP/1.1" 200 0
INFO 2025-09-01 10:21:36,861 basehttp 29715 6227849216 "GET /api/v1/product-requests/orders/ HTTP/1.1" 200 7606
INFO 2025-09-01 10:26:12,651 autoreload 44279 8333493696 Watching for file changes with StatReloader
WARNING 2025-09-01 10:41:26,919 log 44279 6171897856 Not Found: /favicon.ico
WARNING 2025-09-01 10:41:26,920 basehttp 44279 6171897856 "GET /favicon.ico HTTP/1.1" 404 4883
INFO 2025-09-01 10:41:32,403 basehttp 44279 13035925504 "GET / HTTP/1.1" 200 1682
INFO 2025-09-01 10:41:32,779 basehttp 44279 6171897856 "GET /static/drf-yasg/insQ.min.js HTTP/1.1" 200 2093
INFO 2025-09-01 10:41:32,779 basehttp 44279 13035925504 "GET /static/drf-yasg/swagger-ui-init.js HTTP/1.1" 200 15480
INFO 2025-09-01 10:41:32,950 basehttp 44279 13052751872 "GET /static/drf-yasg/swagger-ui-dist/swagger-ui.css HTTP/1.1" 200 145206
INFO 2025-09-01 10:41:32,954 basehttp 44279 13069578240 "GET /static/drf-yasg/swagger-ui-dist/swagger-ui-bundle.js HTTP/1.1" 200 1046583
INFO 2025-09-01 10:41:34,410 basehttp 44279 13086404608 "GET /static/drf-yasg/immutable.min.js HTTP/1.1" 200 56904
INFO 2025-09-01 10:41:34,577 basehttp 44279 13120057344 "GET /static/drf-yasg/style.css HTTP/1.1" 200 1047
INFO 2025-09-01 10:41:34,579 basehttp 44279 13103230976 "GET /static/drf-yasg/swagger-ui-dist/swagger-ui-standalone-preset.js HTTP/1.1" 200 322863
INFO 2025-09-01 10:41:35,032 basehttp 44279 13103230976 "GET /static/drf-yasg/swagger-ui-dist/favicon-32x32.png HTTP/1.1" 200 628
ERROR 2025-09-01 10:41:35,515 log 44279 13069578240 Internal Server Error: /
ERROR 2025-09-01 10:41:35,515 basehttp 44279 13069578240 "GET /?format=openapi HTTP/1.1" 500 96
INFO 2025-09-01 13:00:05,011 basehttp 44279 6171897856 "OPTIONS /api/v1/product-requests/requests/by_auth_user/?auth_user_uid=7b186537-5f40-43fc-8545-09f04dcc7c84 HTTP/1.1" 200 0
INFO 2025-09-01 13:00:05,257 basehttp 44279 6171897856 "GET /api/v1/product-requests/requests/by_auth_user/?auth_user_uid=7b186537-5f40-43fc-8545-09f04dcc7c84 HTTP/1.1" 200 1149
INFO 2025-09-01 14:07:29,332 basehttp 44279 6171897856 "GET / HTTP/1.1" 200 1682
INFO 2025-09-01 14:07:29,358 basehttp 44279 6171897856 "GET /static/drf-yasg/style.css HTTP/1.1" 200 1047
INFO 2025-09-01 14:07:29,360 basehttp 44279 13086404608 "GET /static/drf-yasg/insQ.min.js HTTP/1.1" 200 2093
INFO 2025-09-01 14:07:29,362 basehttp 44279 6171897856 "GET /static/drf-yasg/swagger-ui-init.js HTTP/1.1" 200 15480
INFO 2025-09-01 14:07:29,363 basehttp 44279 13103230976 "GET /static/drf-yasg/immutable.min.js HTTP/1.1" 200 56904
INFO 2025-09-01 14:07:29,363 basehttp 44279 13035925504 "GET /static/drf-yasg/swagger-ui-dist/swagger-ui.css HTTP/1.1" 200 145206
INFO 2025-09-01 14:07:29,369 basehttp 44279 13069578240 "GET /static/drf-yasg/swagger-ui-dist/swagger-ui-standalone-preset.js HTTP/1.1" 200 322863
INFO 2025-09-01 14:07:29,373 basehttp 44279 13052751872 "GET /static/drf-yasg/swagger-ui-dist/swagger-ui-bundle.js HTTP/1.1" 200 1046583
INFO 2025-09-01 14:07:29,493 basehttp 44279 13069578240 "GET /static/drf-yasg/swagger-ui-dist/favicon-32x32.png HTTP/1.1" 200 628
ERROR 2025-09-01 14:07:29,578 log 44279 13052751872 Internal Server Error: /
ERROR 2025-09-01 14:07:29,579 basehttp 44279 13052751872 "GET /?format=openapi HTTP/1.1" 500 96
INFO 2025-09-01 14:07:36,062 basehttp 44279 6171897856 "GET /admin HTTP/1.1" 301 0
INFO 2025-09-01 14:07:36,080 basehttp 44279 13035925504 "GET /admin/ HTTP/1.1" 302 0
INFO 2025-09-01 14:07:36,106 basehttp 44279 13035925504 "GET /admin/login/?next=/admin/ HTTP/1.1" 200 4173
INFO 2025-09-01 14:07:36,113 basehttp 44279 6171897856 "GET /static/admin/css/dark_mode.css HTTP/1.1" 200 2808
INFO 2025-09-01 14:07:36,114 basehttp 44279 13069578240 "GET /static/admin/css/login.css HTTP/1.1" 200 951
INFO 2025-09-01 14:07:36,114 basehttp 44279 13052751872 "GET /static/admin/css/nav_sidebar.css HTTP/1.1" 200 2810
INFO 2025-09-01 14:07:36,114 basehttp 44279 13035925504 "GET /static/admin/css/base.css HTTP/1.1" 200 22120
INFO 2025-09-01 14:07:36,114 basehttp 44279 13103230976 "GET /static/admin/js/theme.js HTTP/1.1" 200 1653
INFO 2025-09-01 14:07:36,115 basehttp 44279 13086404608 "GET /static/admin/css/responsive.css HTTP/1.1" 200 16565
INFO 2025-09-01 14:07:36,116 basehttp 44279 13086404608 "GET /static/admin/js/nav_sidebar.js HTTP/1.1" 200 3063
WARNING 2025-09-01 14:07:36,131 log 44279 13086404608 Not Found: /favicon.ico
WARNING 2025-09-01 14:07:36,132 basehttp 44279 13086404608 "GET /favicon.ico HTTP/1.1" 404 4883
INFO 2025-09-01 14:07:53,430 basehttp 44279 6171897856 "GET /admin/login/?next=/admin/ HTTP/1.1" 200 4173
INFO 2025-09-01 14:07:53,449 basehttp 44279 6171897856 "GET /static/admin/css/base.css HTTP/1.1" 304 0
INFO 2025-09-01 14:07:53,453 basehttp 44279 13035925504 "GET /static/admin/css/dark_mode.css HTTP/1.1" 304 0
INFO 2025-09-01 14:07:53,454 basehttp 44279 6171897856 "GET /static/admin/css/login.css HTTP/1.1" 304 0
INFO 2025-09-01 14:07:53,454 basehttp 44279 13052751872 "GET /static/admin/css/nav_sidebar.css HTTP/1.1" 304 0
INFO 2025-09-01 14:07:53,454 basehttp 44279 13069578240 "GET /static/admin/css/responsive.css HTTP/1.1" 304 0
INFO 2025-09-01 14:07:53,454 basehttp 44279 13086404608 "GET /static/admin/js/theme.js HTTP/1.1" 304 0
INFO 2025-09-01 14:07:53,457 basehttp 44279 13086404608 "GET /static/admin/js/nav_sidebar.js HTTP/1.1" 304 0
INFO 2025-09-01 14:07:57,357 basehttp 44279 13086404608 "POST /admin/login/?next=/admin/ HTTP/1.1" 302 0
INFO 2025-09-01 14:07:57,378 basehttp 44279 13086404608 "GET /admin/ HTTP/1.1" 200 34344
INFO 2025-09-01 14:07:57,390 basehttp 44279 13086404608 "GET /static/admin/css/dashboard.css HTTP/1.1" 304 0
INFO 2025-09-01 14:07:57,395 basehttp 44279 13052751872 "GET /static/admin/img/icon-addlink.svg HTTP/1.1" 304 0
INFO 2025-09-01 14:07:57,396 basehttp 44279 13069578240 "GET /static/admin/img/icon-changelink.svg HTTP/1.1" 304 0
INFO 2025-09-01 14:07:57,396 basehttp 44279 13086404608 "GET /static/admin/img/icon-deletelink.svg HTTP/1.1" 200 392
INFO 2025-09-01 23:12:21,708 basehttp 44279 6171897856 "OPTIONS /api/v1/product-requests/requests/by_auth_user/?auth_user_uid=7b186537-5f40-43fc-8545-09f04dcc7c84 HTTP/1.1" 200 0
INFO 2025-09-01 23:12:21,867 basehttp 44279 6171897856 "GET /api/v1/product-requests/requests/by_auth_user/?auth_user_uid=7b186537-5f40-43fc-8545-09f04dcc7c84 HTTP/1.1" 200 1149
INFO 2025-09-01 23:12:34,495 basehttp 44279 13035925504 "OPTIONS /api/v1/product-requests/orders/ HTTP/1.1" 200 0
INFO 2025-09-01 23:12:34,572 basehttp 44279 13035925504 "GET /api/v1/product-requests/orders/ HTTP/1.1" 200 7606
INFO 2025-09-01 23:38:26,921 basehttp 44279 6171897856 "GET /api/v1/product-requests/orders/ HTTP/1.1" 200 7606
INFO 2025-09-01 23:53:45,394 basehttp 44279 6171897856 "GET /api/v1/product-requests/requests/by_auth_user/?auth_user_uid=7b186537-5f40-43fc-8545-09f04dcc7c84 HTTP/1.1" 200 1149
INFO 2025-09-01 23:53:52,667 basehttp 44279 6171897856 "GET /api/v1/product-requests/orders/ HTTP/1.1" 200 7606
INFO 2025-09-01 23:54:34,360 basehttp 44279 6171897856 "GET /api/v1/product-requests/requests/by_auth_user/?auth_user_uid=7b186537-5f40-43fc-8545-09f04dcc7c84 HTTP/1.1" 200 1149
INFO 2025-09-01 23:54:35,590 basehttp 44279 6171897856 "GET /api/v1/product-requests/orders/ HTTP/1.1" 200 7606
INFO 2025-09-01 23:55:12,652 basehttp 44279 6171897856 "GET /api/v1/product-requests/requests/by_auth_user/?auth_user_uid=7b186537-5f40-43fc-8545-09f04dcc7c84 HTTP/1.1" 200 1149
INFO 2025-09-01 23:55:14,975 basehttp 44279 13035925504 "GET /api/v1/product-requests/orders/ HTTP/1.1" 200 7606
INFO 2025-09-01 23:55:18,715 basehttp 44279 6171897856 "GET /api/v1/product-requests/orders/ HTTP/1.1" 200 7606
INFO 2025-09-01 23:55:23,148 basehttp 44279 6171897856 "GET /api/v1/product-requests/orders/ HTTP/1.1" 200 7606
INFO 2025-09-01 23:57:10,037 basehttp 44279 6171897856 "GET /api/v1/product-requests/requests/by_auth_user/?auth_user_uid=7b186537-5f40-43fc-8545-09f04dcc7c84 HTTP/1.1" 200 1149
INFO 2025-09-01 23:57:13,365 basehttp 44279 6171897856 "GET /api/v1/product-requests/orders/ HTTP/1.1" 200 7606
INFO 2025-09-01 23:59:01,594 basehttp 44279 6171897856 "GET /api/v1/product-requests/requests/by_auth_user/?auth_user_uid=7b186537-5f40-43fc-8545-09f04dcc7c84 HTTP/1.1" 200 1149
INFO 2025-09-02 00:01:01,533 basehttp 44279 6171897856 "GET /api/v1/product-requests/requests/by_auth_user/?auth_user_uid=7b186537-5f40-43fc-8545-09f04dcc7c84 HTTP/1.1" 200 1149
INFO 2025-09-02 00:01:03,156 basehttp 44279 13035925504 "GET /api/v1/product-requests/orders/ HTTP/1.1" 200 7606
INFO 2025-09-02 00:02:20,437 basehttp 44279 6171897856 "GET /api/v1/product-requests/requests/by_auth_user/?auth_user_uid=7b186537-5f40-43fc-8545-09f04dcc7c84 HTTP/1.1" 200 1149
INFO 2025-09-02 00:03:00,398 basehttp 44279 6171897856 "OPTIONS /api/v1/product-requests/requests/by_seller/?auth_user_uid=c97f2da1-810c-4f86-98b4-18b722d5eecb&lat=-25.981315790195207&lng=28.11831513017721 HTTP/1.1" 200 0
INFO 2025-09-02 00:03:00,413 basehttp 44279 13052751872 "OPTIONS /api/v1/analytics/dashboard/seller_orders_summary/?auth_user_uid=c97f2da1-810c-4f86-98b4-18b722d5eecb&timeframe=monthly HTTP/1.1" 200 0
INFO 2025-09-02 00:03:00,413 basehttp 44279 13035925504 "OPTIONS /api/v1/quotes/quotes/by_seller/?auth_user_uid=c97f2da1-810c-4f86-98b4-18b722d5eecb HTTP/1.1" 200 0
INFO 2025-09-02 00:03:00,486 basehttp 44279 13035925504 "GET /api/v1/analytics/dashboard/seller_orders_summary/?auth_user_uid=c97f2da1-810c-4f86-98b4-18b722d5eecb&timeframe=monthly HTTP/1.1" 200 876
INFO 2025-09-02 00:03:00,625 basehttp 44279 6171897856 "GET /api/v1/product-requests/requests/by_seller/?auth_user_uid=c97f2da1-810c-4f86-98b4-18b722d5eecb&lat=-25.981315790195207&lng=28.11831513017721 HTTP/1.1" 200 12418
INFO 2025-09-02 00:03:00,638 basehttp 44279 13052751872 "GET /api/v1/quotes/quotes/by_seller/?auth_user_uid=c97f2da1-810c-4f86-98b4-18b722d5eecb HTTP/1.1" 200 10761
INFO 2025-09-02 00:03:16,745 basehttp 44279 6171897856 "GET /api/v1/quotes/quotes/by_seller/?auth_user_uid=c97f2da1-810c-4f86-98b4-18b722d5eecb HTTP/1.1" 200 10761
INFO 2025-09-02 00:03:16,888 basehttp 44279 13052751872 "GET /api/v1/product-requests/requests/by_seller/?auth_user_uid=c97f2da1-810c-4f86-98b4-18b722d5eecb&lat=-25.981315790195207&lng=28.11831513017721 HTTP/1.1" 200 12418
INFO 2025-09-02 00:03:27,873 basehttp 44279 6171897856 "OPTIONS /api/v1/quotes/quotes/ HTTP/1.1" 200 0
INFO 2025-09-02 00:03:27,897 basehttp 44279 6171897856 "POST /api/v1/quotes/quotes/ HTTP/1.1" 201 532
INFO 2025-09-02 00:03:28,434 basehttp 44279 6171897856 "GET /api/v1/product-requests/requests/by_seller/?auth_user_uid=c97f2da1-810c-4f86-98b4-18b722d5eecb&lat=-25.981315790195207&lng=28.11831513017721 HTTP/1.1" 200 12962
INFO 2025-09-02 00:03:28,784 basehttp 44279 6171897856 "GET /api/v1/quotes/quotes/by_seller/?auth_user_uid=c97f2da1-810c-4f86-98b4-18b722d5eecb HTTP/1.1" 200 11579
INFO 2025-09-02 00:03:59,815 basehttp 44279 13035925504 "GET /api/v1/product-requests/requests/by_auth_user/?auth_user_uid=7b186537-5f40-43fc-8545-09f04dcc7c84 HTTP/1.1" 200 1149
INFO 2025-09-02 00:04:48,697 basehttp 44279 13035925504 "GET /api/v1/quotes/quotes/by_seller/?auth_user_uid=c97f2da1-810c-4f86-98b4-18b722d5eecb HTTP/1.1" 200 11579
INFO 2025-09-02 00:04:48,713 basehttp 44279 6171897856 "GET /api/v1/product-requests/requests/by_seller/?auth_user_uid=c97f2da1-810c-4f86-98b4-18b722d5eecb&lat=-25.981315790195207&lng=28.11831513017721 HTTP/1.1" 200 12962
INFO 2025-09-02 00:05:02,827 basehttp 44279 13035925504 "GET /api/v1/quotes/quotes/by_seller/?auth_user_uid=c97f2da1-810c-4f86-98b4-18b722d5eecb HTTP/1.1" 200 11579
INFO 2025-09-02 00:05:02,846 basehttp 44279 6171897856 "GET /api/v1/product-requests/requests/by_seller/?auth_user_uid=c97f2da1-810c-4f86-98b4-18b722d5eecb&lat=-25.981315790195207&lng=28.11831513017721 HTTP/1.1" 200 12962
INFO 2025-09-02 00:05:04,847 basehttp 44279 13035925504 "GET /api/v1/quotes/quotes/by_seller/?auth_user_uid=c97f2da1-810c-4f86-98b4-18b722d5eecb HTTP/1.1" 200 11579
INFO 2025-09-02 00:05:04,858 basehttp 44279 6171897856 "GET /api/v1/product-requests/requests/by_seller/?auth_user_uid=c97f2da1-810c-4f86-98b4-18b722d5eecb&lat=-25.981315790195207&lng=28.11831513017721 HTTP/1.1" 200 12962
WARNING 2025-09-02 00:06:12,746 log 44279 13052751872 Bad Request: /api/v1/product-requests/requests/
WARNING 2025-09-02 00:06:12,746 basehttp 44279 13052751872 "POST /api/v1/product-requests/requests/ HTTP/1.1" 400 65
INFO 2025-09-02 01:18:27,412 basehttp 44279 6171897856 "GET /admin/quotes/quote/ HTTP/1.1" 302 0
INFO 2025-09-02 01:18:27,474 basehttp 44279 6171897856 "GET /admin/login/?next=/admin/quotes/quote/ HTTP/1.1" 200 4199
INFO 2025-09-02 01:18:27,494 basehttp 44279 6171897856 "GET /static/admin/css/base.css HTTP/1.1" 304 0
INFO 2025-09-02 01:18:27,495 basehttp 44279 13052751872 "GET /static/admin/css/nav_sidebar.css HTTP/1.1" 304 0
INFO 2025-09-02 01:18:27,495 basehttp 44279 13035925504 "GET /static/admin/css/login.css HTTP/1.1" 304 0
INFO 2025-09-02 01:18:27,498 basehttp 44279 13069578240 "GET /static/admin/css/dark_mode.css HTTP/1.1" 304 0
INFO 2025-09-02 01:18:27,498 basehttp 44279 13086404608 "GET /static/admin/js/theme.js HTTP/1.1" 304 0
INFO 2025-09-02 01:18:27,499 basehttp 44279 13103230976 "GET /static/admin/css/responsive.css HTTP/1.1" 304 0
INFO 2025-09-02 01:18:27,499 basehttp 44279 13103230976 "GET /static/admin/js/nav_sidebar.js HTTP/1.1" 304 0
INFO 2025-09-03 00:21:00,806 autoreload 23901 8517256640 Watching for file changes with StatReloader
INFO 2025-09-03 00:45:37,357 autoreload 31783 8517256640 Watching for file changes with StatReloader
INFO 2025-09-03 00:49:40,369 autoreload 34486 8517256640 Watching for file changes with StatReloader
INFO 2025-09-03 00:52:35,353 autoreload 35588 8517256640 Watching for file changes with StatReloader
INFO 2025-09-03 00:52:41,049 basehttp 35588 6204698624 "OPTIONS /api/v1/product-requests/requests/by_seller/?auth_user_uid=c97f2da1-810c-4f86-98b4-18b722d5eecb&lat=-26.2041&lng=28.0473 HTTP/1.1" 200 0
INFO 2025-09-03 00:52:41,049 basehttp 35588 6221524992 "OPTIONS /api/v1/quotes/quotes/by_seller/?auth_user_uid=c97f2da1-810c-4f86-98b4-18b722d5eecb HTTP/1.1" 200 0
INFO 2025-09-03 00:52:41,051 basehttp 35588 6238351360 "OPTIONS /api/v1/analytics/dashboard/seller_orders_summary/?auth_user_uid=c97f2da1-810c-4f86-98b4-18b722d5eecb&timeframe=monthly HTTP/1.1" 200 0
INFO 2025-09-03 00:52:41,147 basehttp 35588 6238351360 "GET /api/v1/analytics/dashboard/seller_orders_summary/?auth_user_uid=c97f2da1-810c-4f86-98b4-18b722d5eecb&timeframe=monthly HTTP/1.1" 200 876
INFO 2025-09-03 00:52:41,739 basehttp 35588 6238351360 "GET /api/v1/analytics/dashboard/seller_orders_summary/?auth_user_uid=c97f2da1-810c-4f86-98b4-18b722d5eecb&timeframe=monthly HTTP/1.1" 200 876
INFO 2025-09-03 00:52:41,767 basehttp 35588 6204698624 "GET /api/v1/product-requests/requests/by_seller/?auth_user_uid=c97f2da1-810c-4f86-98b4-18b722d5eecb&lat=-26.2041&lng=28.0473 HTTP/1.1" 200 12826
INFO 2025-09-03 00:52:42,371 basehttp 35588 6204698624 "GET /api/v1/product-requests/requests/by_seller/?auth_user_uid=c97f2da1-810c-4f86-98b4-18b722d5eecb&lat=-26.2041&lng=28.0473 HTTP/1.1" 200 12826
INFO 2025-09-03 00:52:42,400 basehttp 35588 6221524992 "GET /api/v1/quotes/quotes/by_seller/?auth_user_uid=c97f2da1-810c-4f86-98b4-18b722d5eecb HTTP/1.1" 200 11579
INFO 2025-09-03 00:52:42,534 basehttp 35588 6204698624 "GET /api/v1/quotes/quotes/by_seller/?auth_user_uid=c97f2da1-810c-4f86-98b4-18b722d5eecb HTTP/1.1" 200 11579
INFO 2025-09-03 00:52:51,866 basehttp 35588 6204698624 "GET / HTTP/1.1" 200 1682
INFO 2025-09-03 00:53:33,842 basehttp 35588 6204698624 "OPTIONS /api/v1/product-requests/requests/by_auth_user/?auth_user_uid=7b186537-5f40-43fc-8545-09f04dcc7c84 HTTP/1.1" 200 0
INFO 2025-09-03 00:53:33,875 basehttp 35588 6204698624 "GET /api/v1/product-requests/requests/by_auth_user/?auth_user_uid=7b186537-5f40-43fc-8545-09f04dcc7c84 HTTP/1.1" 200 1149
INFO 2025-09-03 00:53:41,393 basehttp 35588 6204698624 "OPTIONS /api/v1/product-requests/orders/ HTTP/1.1" 200 0
INFO 2025-09-03 00:53:41,415 basehttp 35588 6204698624 "GET /api/v1/product-requests/orders/ HTTP/1.1" 200 7606
INFO 2025-09-03 00:57:40,293 basehttp 35588 6204698624 "GET /api/v1/product-requests/requests/by_auth_user/?auth_user_uid=7b186537-5f40-43fc-8545-09f04dcc7c84 HTTP/1.1" 200 1149
INFO 2025-09-03 00:57:44,356 basehttp 35588 6204698624 "GET /api/v1/product-requests/orders/ HTTP/1.1" 200 7606
INFO 2025-09-03 01:04:57,850 autoreload 35588 8517256640 /Users/thulanimoyo/MEGA downloads/new downloads/BIDR_Backend/product_management_service/product_requests/views.py changed, reloading.
INFO 2025-09-03 01:04:58,426 autoreload 39711 8517256640 Watching for file changes with StatReloader
INFO 2025-09-03 01:06:14,610 basehttp 39711 6204682240 "GET /api/v1/product-requests/requests/by_auth_user/?auth_user_uid=7b186537-5f40-43fc-8545-09f04dcc7c84 HTTP/1.1" 200 1149
INFO 2025-09-03 01:06:16,637 basehttp 39711 6221508608 "GET /api/v1/product-requests/orders/ HTTP/1.1" 200 7606
INFO 2025-09-03 01:06:34,685 basehttp 39711 6204682240 "GET /api/v1/product-requests/orders/ HTTP/1.1" 200 7606
INFO 2025-09-03 01:06:50,891 basehttp 39711 6204682240 "GET /api/v1/product-requests/orders/ HTTP/1.1" 200 7606
INFO 2025-09-03 01:11:47,794 basehttp 39711 6204682240 "OPTIONS /api/v1/product-requests/requests/by_auth_user/?auth_user_uid=7b186537-5f40-43fc-8545-09f04dcc7c84 HTTP/1.1" 200 0
INFO 2025-09-03 01:11:47,882 basehttp 39711 6204682240 "GET /api/v1/product-requests/requests/by_auth_user/?auth_user_uid=7b186537-5f40-43fc-8545-09f04dcc7c84 HTTP/1.1" 200 1149
INFO 2025-09-03 01:11:57,067 basehttp 39711 6204682240 "GET /api/v1/product-requests/requests/by_auth_user/?auth_user_uid=7b186537-5f40-43fc-8545-09f04dcc7c84 HTTP/1.1" 200 1149
INFO 2025-09-03 01:11:58,762 basehttp 39711 6221508608 "OPTIONS /api/v1/product-requests/orders/ HTTP/1.1" 200 0
INFO 2025-09-03 01:11:58,832 basehttp 39711 6221508608 "GET /api/v1/product-requests/orders/ HTTP/1.1" 200 7606
INFO 2025-09-03 01:24:19,147 basehttp 39711 6204682240 "GET /api/v1/product-requests/requests/by_auth_user/?auth_user_uid=7b186537-5f40-43fc-8545-09f04dcc7c84 HTTP/1.1" 200 1149
INFO 2025-09-03 01:24:21,012 basehttp 39711 6221508608 "GET /api/v1/product-requests/orders/ HTTP/1.1" 200 7606
INFO 2025-09-03 01:26:57,876 autoreload 47384 8517256640 Watching for file changes with StatReloader
INFO 2025-09-03 01:27:11,810 basehttp 47384 6157037568 "GET / HTTP/1.1" 200 1682
INFO 2025-09-03 01:30:59,683 basehttp 47384 6157037568 "GET /api/v1/product-requests/requests/by_auth_user/?auth_user_uid=7b186537-5f40-43fc-8545-09f04dcc7c84 HTTP/1.1" 200 1149
INFO 2025-09-03 01:31:03,194 basehttp 47384 6157037568 "GET /api/v1/product-requests/orders/ HTTP/1.1" 200 7606
INFO 2025-09-03 01:52:12,132 basehttp 47384 6157037568 "GET /api/v1/product-requests/requests/by_auth_user/?auth_user_uid=7b186537-5f40-43fc-8545-09f04dcc7c84 HTTP/1.1" 200 1149
INFO 2025-09-03 01:52:13,651 basehttp 47384 6157037568 "GET /api/v1/product-requests/orders/ HTTP/1.1" 200 7606
INFO 2025-09-03 01:53:15,904 basehttp 47384 6157037568 "GET /api/v1/product-requests/requests/by_auth_user/?auth_user_uid=7b186537-5f40-43fc-8545-09f04dcc7c84 HTTP/1.1" 200 1149
INFO 2025-09-03 01:53:17,321 basehttp 47384 6173863936 "GET /api/v1/product-requests/orders/ HTTP/1.1" 200 7606
INFO 2025-09-03 01:56:03,608 basehttp 47384 6157037568 "GET /api/v1/product-requests/requests/by_auth_user/?auth_user_uid=7b186537-5f40-43fc-8545-09f04dcc7c84 HTTP/1.1" 200 1149
INFO 2025-09-03 01:56:04,929 basehttp 47384 6173863936 "GET /api/v1/product-requests/orders/ HTTP/1.1" 200 7606
INFO 2025-09-03 01:58:30,902 basehttp 47384 6157037568 "GET /api/v1/product-requests/requests/by_auth_user/?auth_user_uid=7b186537-5f40-43fc-8545-09f04dcc7c84 HTTP/1.1" 200 1149
INFO 2025-09-03 01:58:33,204 basehttp 47384 6157037568 "GET /api/v1/product-requests/orders/ HTTP/1.1" 200 7606
INFO 2025-09-03 02:04:53,932 basehttp 47384 6157037568 "GET /api/v1/product-requests/requests/by_auth_user/?auth_user_uid=7b186537-5f40-43fc-8545-09f04dcc7c84 HTTP/1.1" 200 1149
INFO 2025-09-03 02:05:09,676 basehttp 47384 6157037568 "GET /api/v1/product-requests/requests/by_auth_user/?auth_user_uid=7b186537-5f40-43fc-8545-09f04dcc7c84 HTTP/1.1" 200 1149
INFO 2025-09-03 02:06:14,182 basehttp 47384 6157037568 "GET /admin/ HTTP/1.1" 302 0
INFO 2025-09-03 02:06:14,226 basehttp 47384 6157037568 "GET /admin/login/?next=/admin/ HTTP/1.1" 200 4173
INFO 2025-09-03 02:06:14,386 basehttp 47384 13304360960 "GET /static/admin/js/theme.js HTTP/1.1" 200 1653
INFO 2025-09-03 02:06:14,386 basehttp 47384 13338013696 "GET /static/admin/css/login.css HTTP/1.1" 200 951
INFO 2025-09-03 02:06:14,386 basehttp 47384 6173863936 "GET /static/admin/css/dark_mode.css HTTP/1.1" 200 2808
INFO 2025-09-03 02:06:14,387 basehttp 47384 13321187328 "GET /static/admin/css/nav_sidebar.css HTTP/1.1" 200 2810
INFO 2025-09-03 02:06:14,387 basehttp 47384 6157037568 "GET /static/admin/css/base.css HTTP/1.1" 200 22120
INFO 2025-09-03 02:06:14,387 basehttp 47384 13354840064 "GET /static/admin/css/responsive.css HTTP/1.1" 200 16565
INFO 2025-09-03 02:06:14,393 basehttp 47384 13354840064 "GET /static/admin/js/nav_sidebar.js HTTP/1.1" 200 3063
WARNING 2025-09-03 02:06:14,419 log 47384 13354840064 Not Found: /favicon.ico
WARNING 2025-09-03 02:06:14,419 basehttp 47384 13354840064 "GET /favicon.ico HTTP/1.1" 404 4883
INFO 2025-09-03 02:06:18,841 basehttp 47384 13354840064 "POST /admin/login/?next=/admin/ HTTP/1.1" 302 0
INFO 2025-09-03 02:06:18,877 basehttp 47384 13354840064 "GET /admin/ HTTP/1.1" 200 34344
INFO 2025-09-03 02:06:18,912 basehttp 47384 13354840064 "GET /static/admin/css/dashboard.css HTTP/1.1" 200 441
INFO 2025-09-03 02:06:18,931 basehttp 47384 13354840064 "GET /static/admin/img/icon-addlink.svg HTTP/1.1" 200 331
INFO 2025-09-03 02:06:18,932 basehttp 47384 13338013696 "GET /static/admin/img/icon-deletelink.svg HTTP/1.1" 200 392
INFO 2025-09-03 02:06:18,933 basehttp 47384 6157037568 "GET /static/admin/img/icon-changelink.svg HTTP/1.1" 200 380
INFO 2025-09-03 02:06:23,723 basehttp 47384 6157037568 "GET /admin/product_requests/order/ HTTP/1.1" 200 43767
INFO 2025-09-03 02:06:23,735 basehttp 47384 13321187328 "GET /static/admin/js/jquery.init.js HTTP/1.1" 200 347
INFO 2025-09-03 02:06:23,736 basehttp 47384 13338013696 "GET /static/admin/css/changelists.css HTTP/1.1" 200 6878
INFO 2025-09-03 02:06:23,737 basehttp 47384 13304360960 "GET /static/admin/js/admin/RelatedObjectLookups.js HTTP/1.1" 200 9777
INFO 2025-09-03 02:06:23,740 basehttp 47384 6173863936 "GET /static/admin/js/core.js HTTP/1.1" 200 6208
INFO 2025-09-03 02:06:23,745 basehttp 47384 13304360960 "GET /static/admin/js/urlify.js HTTP/1.1" 200 7887
INFO 2025-09-03 02:06:23,746 basehttp 47384 13338013696 "GET /static/admin/js/prepopulate.js HTTP/1.1" 200 1531
INFO 2025-09-03 02:06:23,747 basehttp 47384 13321187328 "GET /static/admin/js/actions.js HTTP/1.1" 200 8076
INFO 2025-09-03 02:06:23,753 basehttp 47384 6157037568 "GET /admin/jsi18n/ HTTP/1.1" 200 3342
INFO 2025-09-03 02:06:23,757 basehttp 47384 13354840064 "GET /static/admin/js/vendor/jquery/jquery.js HTTP/1.1" 200 285314
INFO 2025-09-03 02:06:23,757 basehttp 47384 13338013696 "GET /static/admin/img/search.svg HTTP/1.1" 200 458
INFO 2025-09-03 02:06:23,761 basehttp 47384 6173863936 "GET /static/admin/js/vendor/xregexp/xregexp.js HTTP/1.1" 200 325171
INFO 2025-09-03 02:06:23,766 basehttp 47384 13354840064 "GET /static/admin/js/filters.js HTTP/1.1" 200 978
INFO 2025-09-03 02:06:23,775 basehttp 47384 13354840064 "GET /static/admin/img/tooltag-add.svg HTTP/1.1" 200 331
INFO 2025-09-03 02:06:23,776 basehttp 47384 6173863936 "GET /static/admin/img/icon-viewlink.svg HTTP/1.1" 200 581
INFO 2025-09-03 02:06:23,776 basehttp 47384 13338013696 "GET /static/admin/img/sorting-icons.svg HTTP/1.1" 200 1097
INFO 2025-09-03 02:06:33,757 basehttp 47384 13338013696 "GET /admin/product_requests/order/12502143-20e5-4db7-af0e-15505d67b000/change/ HTTP/1.1" 200 64030
INFO 2025-09-03 02:06:33,768 basehttp 47384 13321187328 "GET /static/admin/js/prepopulate_init.js HTTP/1.1" 200 586
INFO 2025-09-03 02:06:33,769 basehttp 47384 13354840064 "GET /static/admin/css/forms.css HTTP/1.1" 200 8525
INFO 2025-09-03 02:06:33,769 basehttp 47384 6173863936 "GET /static/admin/js/calendar.js HTTP/1.1" 200 9141
INFO 2025-09-03 02:06:33,771 basehttp 47384 6157037568 "GET /static/admin/js/admin/DateTimeShortcuts.js HTTP/1.1" 200 19319
INFO 2025-09-03 02:06:33,774 basehttp 47384 6157037568 "GET /static/admin/css/widgets.css HTTP/1.1" 200 11991
INFO 2025-09-03 02:06:33,776 basehttp 47384 13338013696 "GET /admin/jsi18n/ HTTP/1.1" 200 3342
INFO 2025-09-03 02:06:33,780 basehttp 47384 13338013696 "GET /static/admin/js/change_form.js HTTP/1.1" 200 606
INFO 2025-09-03 02:06:33,826 basehttp 47384 6157037568 "GET /static/admin/img/icon-clock.svg HTTP/1.1" 200 677
INFO 2025-09-03 02:06:33,827 basehttp 47384 13338013696 "GET /static/admin/img/icon-calendar.svg HTTP/1.1" 200 1086
INFO 2025-09-03 02:06:39,600 basehttp 47384 13338013696 "GET /admin/product_requests/order/ HTTP/1.1" 200 43767
INFO 2025-09-03 02:06:49,265 basehttp 47384 13338013696 "GET /admin/product_requests/order/793abb8a-4be7-4630-a60b-b65aebe978dc/change/ HTTP/1.1" 200 64150
INFO 2025-09-03 02:06:49,275 basehttp 47384 13338013696 "GET /admin/jsi18n/ HTTP/1.1" 200 3342
INFO 2025-09-03 02:06:53,636 basehttp 47384 13338013696 "POST /admin/product_requests/order/793abb8a-4be7-4630-a60b-b65aebe978dc/change/ HTTP/1.1" 200 64522
INFO 2025-09-03 02:06:53,649 basehttp 47384 13338013696 "GET /admin/jsi18n/ HTTP/1.1" 200 3342
INFO 2025-09-03 02:07:08,479 basehttp 47384 13338013696 "GET /admin/product_requests/order/ HTTP/1.1" 200 43767
INFO 2025-09-03 02:07:08,521 basehttp 47384 13338013696 "GET /admin/jsi18n/ HTTP/1.1" 200 3342
INFO 2025-09-03 02:07:21,318 basehttp 47384 13338013696 "POST /admin/product_requests/order/793abb8a-4be7-4630-a60b-b65aebe978dc/change/ HTTP/1.1" 302 0
INFO 2025-09-03 02:07:21,335 basehttp 47384 13338013696 "GET /admin/product_requests/order/ HTTP/1.1" 200 44166
INFO 2025-09-03 02:07:21,347 basehttp 47384 13338013696 "GET /admin/jsi18n/ HTTP/1.1" 200 3342
INFO 2025-09-03 02:07:21,357 basehttp 47384 13338013696 "GET /static/admin/img/icon-yes.svg HTTP/1.1" 200 436
INFO 2025-09-03 02:07:38,460 basehttp 47384 13371666432 "GET /api/v1/product-requests/requests/by_auth_user/?auth_user_uid=7b186537-5f40-43fc-8545-09f04dcc7c84 HTTP/1.1" 200 1149
INFO 2025-09-03 02:07:40,060 basehttp 47384 13388492800 "GET /api/v1/product-requests/orders/ HTTP/1.1" 200 7660
INFO 2025-09-03 02:08:25,460 basehttp 47384 6157037568 "GET /admin/product_requests/order/92948289-d1ee-4996-83cd-7924e56a02c3/change/ HTTP/1.1" 200 64206
INFO 2025-09-03 02:08:25,474 basehttp 47384 6157037568 "GET /admin/jsi18n/ HTTP/1.1" 200 3342
INFO 2025-09-03 02:08:49,394 basehttp 47384 6157037568 "POST /admin/product_requests/order/92948289-d1ee-4996-83cd-7924e56a02c3/change/ HTTP/1.1" 302 0
INFO 2025-09-03 02:08:49,415 basehttp 47384 6157037568 "GET /admin/product_requests/order/ HTTP/1.1" 200 44268
INFO 2025-09-03 02:08:49,429 basehttp 47384 6157037568 "GET /admin/jsi18n/ HTTP/1.1" 200 3342
INFO 2025-09-03 02:09:18,568 basehttp 47384 6157037568 "GET /admin/product_requests/order/92948289-d1ee-4996-83cd-7924e56a02c3/change/ HTTP/1.1" 200 64392
INFO 2025-09-03 02:09:18,583 basehttp 47384 6157037568 "GET /admin/jsi18n/ HTTP/1.1" 200 3342
INFO 2025-09-03 02:10:20,852 basehttp 47384 6173863936 "GET /api/v1/product-requests/requests/by_auth_user/?auth_user_uid=7b186537-5f40-43fc-8545-09f04dcc7c84 HTTP/1.1" 200 1149
INFO 2025-09-03 02:10:22,157 basehttp 47384 13304360960 "GET /api/v1/product-requests/orders/ HTTP/1.1" 200 7707
INFO 2025-09-03 02:14:10,975 autoreload 47384 8517256640 /Users/thulanimoyo/MEGA downloads/new downloads/BIDR_Backend/product_management_service/product_requests/serializers.py changed, reloading.
INFO 2025-09-03 02:14:11,634 autoreload 61963 8517256640 Watching for file changes with StatReloader
INFO 2025-09-03 02:14:28,512 autoreload 61963 8517256640 /Users/thulanimoyo/MEGA downloads/new downloads/BIDR_Backend/product_management_service/product_requests/serializers.py changed, reloading.
INFO 2025-09-03 02:14:29,029 autoreload 62094 8517256640 Watching for file changes with StatReloader
INFO 2025-09-03 02:18:09,900 autoreload 63430 8517256640 Watching for file changes with StatReloader
INFO 2025-09-03 02:18:23,411 basehttp 63430 6194032640 "GET / HTTP/1.1" 200 1682
INFO 2025-09-03 02:20:37,137 basehttp 63430 6194032640 "GET /api/v1/product-requests/requests/by_auth_user/?auth_user_uid=7b186537-5f40-43fc-8545-09f04dcc7c84 HTTP/1.1" 200 1149
INFO 2025-09-03 02:20:40,457 basehttp 63430 6194032640 "GET /api/v1/product-requests/orders/ HTTP/1.1" 200 8227
INFO 2025-09-03 02:21:48,224 basehttp 63430 6194032640 "GET /api/v1/product-requests/requests/by_auth_user/?auth_user_uid=7b186537-5f40-43fc-8545-09f04dcc7c84 HTTP/1.1" 200 1149
INFO 2025-09-03 02:21:49,495 basehttp 63430 6210859008 "GET /api/v1/product-requests/orders/ HTTP/1.1" 200 8227
INFO 2025-09-03 02:26:00,403 basehttp 63430 6194032640 "GET /api/v1/product-requests/requests/by_auth_user/?auth_user_uid=7b186537-5f40-43fc-8545-09f04dcc7c84 HTTP/1.1" 200 1149
INFO 2025-09-03 02:26:01,483 basehttp 63430 6210859008 "GET /api/v1/product-requests/orders/ HTTP/1.1" 200 8227
INFO 2025-09-03 02:29:06,106 basehttp 63430 6194032640 "OPTIONS /api/v1/product-requests/requests/by_auth_user/?auth_user_uid=7b186537-5f40-43fc-8545-09f04dcc7c84 HTTP/1.1" 200 0
INFO 2025-09-03 02:29:06,759 basehttp 63430 6194032640 "GET /api/v1/product-requests/requests/by_auth_user/?auth_user_uid=7b186537-5f40-43fc-8545-09f04dcc7c84 HTTP/1.1" 200 1149
INFO 2025-09-03 02:29:07,452 basehttp 63430 6210859008 "OPTIONS /api/v1/product-requests/orders/ HTTP/1.1" 200 0
INFO 2025-09-03 02:29:07,479 basehttp 63430 6210859008 "GET /api/v1/product-requests/orders/ HTTP/1.1" 200 8227
INFO 2025-09-03 02:33:17,409 basehttp 63430 6194032640 "GET /api/v1/product-requests/requests/by_auth_user/?auth_user_uid=7b186537-5f40-43fc-8545-09f04dcc7c84 HTTP/1.1" 200 1149
INFO 2025-09-03 02:33:18,645 basehttp 63430 6210859008 "GET /api/v1/product-requests/orders/ HTTP/1.1" 200 8227
INFO 2025-09-03 02:34:48,152 basehttp 63430 6194032640 "GET /api/v1/product-requests/requests/by_auth_user/?auth_user_uid=7b186537-5f40-43fc-8545-09f04dcc7c84 HTTP/1.1" 200 1149
INFO 2025-09-03 02:35:01,351 basehttp 63430 6194032640 "GET /api/v1/product-requests/requests/by_auth_user/?auth_user_uid=7b186537-5f40-43fc-8545-09f04dcc7c84 HTTP/1.1" 200 1149
INFO 2025-09-03 02:35:02,537 basehttp 63430 6210859008 "GET /api/v1/product-requests/orders/ HTTP/1.1" 200 8227
INFO 2025-09-03 02:36:16,035 basehttp 63430 6194032640 "GET /api/v1/product-requests/requests/by_auth_user/?auth_user_uid=7b186537-5f40-43fc-8545-09f04dcc7c84 HTTP/1.1" 200 1149
INFO 2025-09-03 02:36:28,224 basehttp 63430 6194032640 "GET /api/v1/product-requests/requests/by_auth_user/?auth_user_uid=7b186537-5f40-43fc-8545-09f04dcc7c84 HTTP/1.1" 200 1149
INFO 2025-09-03 02:36:31,379 basehttp 63430 6210859008 "GET /api/v1/product-requests/orders/ HTTP/1.1" 200 8227
INFO 2025-09-03 02:37:29,142 basehttp 63430 6194032640 "GET /api/v1/product-requests/requests/by_auth_user/?auth_user_uid=7b186537-5f40-43fc-8545-09f04dcc7c84 HTTP/1.1" 200 1149
INFO 2025-09-03 02:37:31,193 basehttp 63430 6210859008 "GET /api/v1/product-requests/orders/ HTTP/1.1" 200 8227
INFO 2025-09-03 02:37:40,407 basehttp 63430 6210859008 "GET /api/v1/product-requests/orders/ HTTP/1.1" 200 8227
INFO 2025-09-03 02:38:37,958 basehttp 63430 6194032640 "GET /api/v1/product-requests/requests/by_auth_user/?auth_user_uid=7b186537-5f40-43fc-8545-09f04dcc7c84 HTTP/1.1" 200 1149
INFO 2025-09-03 02:38:39,962 basehttp 63430 6210859008 "GET /api/v1/product-requests/orders/ HTTP/1.1" 200 8227
INFO 2025-09-03 02:39:14,491 basehttp 63430 6194032640 "OPTIONS /api/v1/product-requests/requests/by_seller/?auth_user_uid=c97f2da1-810c-4f86-98b4-18b722d5eecb&lat=-25.981407216137775&lng=28.118072195184652 HTTP/1.1" 200 0
INFO 2025-09-03 02:39:14,492 basehttp 63430 6227685376 "OPTIONS /api/v1/quotes/quotes/by_seller/?auth_user_uid=c97f2da1-810c-4f86-98b4-18b722d5eecb HTTP/1.1" 200 0
INFO 2025-09-03 02:39:14,493 basehttp 63430 6244511744 "OPTIONS /api/v1/analytics/dashboard/seller_orders_summary/?auth_user_uid=c97f2da1-810c-4f86-98b4-18b722d5eecb&timeframe=monthly HTTP/1.1" 200 0
INFO 2025-09-03 02:39:14,585 basehttp 63430 6244511744 "GET /api/v1/analytics/dashboard/seller_orders_summary/?auth_user_uid=c97f2da1-810c-4f86-98b4-18b722d5eecb&timeframe=monthly HTTP/1.1" 200 976
INFO 2025-09-03 02:39:14,792 basehttp 63430 6194032640 "GET /api/v1/product-requests/requests/by_seller/?auth_user_uid=c97f2da1-810c-4f86-98b4-18b722d5eecb&lat=-25.981407216137775&lng=28.118072195184652 HTTP/1.1" 200 12848
INFO 2025-09-03 02:39:14,813 basehttp 63430 6227685376 "GET /api/v1/quotes/quotes/by_seller/?auth_user_uid=c97f2da1-810c-4f86-98b4-18b722d5eecb HTTP/1.1" 200 11579
INFO 2025-09-03 02:46:27,396 basehttp 63430 6194032640 "OPTIONS /api/v1/product-requests/requests/by_seller/?auth_user_uid=c97f2da1-810c-4f86-98b4-18b722d5eecb&lat=-25.981502085721065&lng=28.11813728661076 HTTP/1.1" 200 0
INFO 2025-09-03 02:46:27,927 basehttp 63430 6227685376 "GET /api/v1/analytics/dashboard/seller_orders_summary/?auth_user_uid=c97f2da1-810c-4f86-98b4-18b722d5eecb&timeframe=monthly HTTP/1.1" 200 976
INFO 2025-09-03 02:46:28,009 basehttp 63430 6194032640 "GET /api/v1/product-requests/requests/by_seller/?auth_user_uid=c97f2da1-810c-4f86-98b4-18b722d5eecb&lat=-25.981502085721065&lng=28.11813728661076 HTTP/1.1" 200 12847
INFO 2025-09-03 02:46:28,015 basehttp 63430 6210859008 "GET /api/v1/quotes/quotes/by_seller/?auth_user_uid=c97f2da1-810c-4f86-98b4-18b722d5eecb HTTP/1.1" 200 11579
INFO 2025-09-03 02:46:29,213 basehttp 63430 6227685376 "GET /api/v1/analytics/dashboard/seller_orders_summary/?auth_user_uid=c97f2da1-810c-4f86-98b4-18b722d5eecb&timeframe=monthly HTTP/1.1" 200 976
INFO 2025-09-03 02:46:29,298 basehttp 63430 6210859008 "GET /api/v1/product-requests/requests/by_seller/?auth_user_uid=c97f2da1-810c-4f86-98b4-18b722d5eecb&lat=-25.981502085721065&lng=28.11813728661076 HTTP/1.1" 200 12847
INFO 2025-09-03 02:46:29,303 basehttp 63430 6194032640 "GET /api/v1/quotes/quotes/by_seller/?auth_user_uid=c97f2da1-810c-4f86-98b4-18b722d5eecb HTTP/1.1" 200 11579
INFO 2025-09-03 02:46:30,493 basehttp 63430 6194032640 "OPTIONS /api/v1/product-requests/requests/by_seller/?auth_user_uid=c97f2da1-810c-4f86-98b4-18b722d5eecb&lat=-25.981502585380824&lng=28.11813732613963 HTTP/1.1" 200 0
INFO 2025-09-03 02:46:30,663 basehttp 63430 6227685376 "GET /api/v1/analytics/dashboard/seller_orders_summary/?auth_user_uid=c97f2da1-810c-4f86-98b4-18b722d5eecb&timeframe=monthly HTTP/1.1" 200 976
INFO 2025-09-03 02:46:30,735 basehttp 63430 6210859008 "GET /api/v1/quotes/quotes/by_seller/?auth_user_uid=c97f2da1-810c-4f86-98b4-18b722d5eecb HTTP/1.1" 200 11579
INFO 2025-09-03 02:46:30,738 basehttp 63430 6194032640 "GET /api/v1/product-requests/requests/by_seller/?auth_user_uid=c97f2da1-810c-4f86-98b4-18b722d5eecb&lat=-25.981502585380824&lng=28.11813732613963 HTTP/1.1" 200 12847
INFO 2025-09-03 02:46:31,588 basehttp 63430 6227685376 "GET /api/v1/analytics/dashboard/seller_orders_summary/?auth_user_uid=c97f2da1-810c-4f86-98b4-18b722d5eecb&timeframe=monthly HTTP/1.1" 200 976
INFO 2025-09-03 02:46:31,642 basehttp 63430 6210859008 "GET /api/v1/quotes/quotes/by_seller/?auth_user_uid=c97f2da1-810c-4f86-98b4-18b722d5eecb HTTP/1.1" 200 11579
INFO 2025-09-03 02:46:31,646 basehttp 63430 6194032640 "GET /api/v1/product-requests/requests/by_seller/?auth_user_uid=c97f2da1-810c-4f86-98b4-18b722d5eecb&lat=-25.981502585380824&lng=28.11813732613963 HTTP/1.1" 200 12847
INFO 2025-09-03 02:48:12,230 basehttp 63430 6194032640 "OPTIONS /api/v1/product-requests/requests/by_seller/?auth_user_uid=c97f2da1-810c-4f86-98b4-18b722d5eecb&lat=-25.981131773005195&lng=28.118168185038634 HTTP/1.1" 200 0
INFO 2025-09-03 02:48:12,304 basehttp 63430 6227685376 "GET /api/v1/analytics/dashboard/seller_orders_summary/?auth_user_uid=c97f2da1-810c-4f86-98b4-18b722d5eecb&timeframe=monthly HTTP/1.1" 200 976
INFO 2025-09-03 02:48:12,456 basehttp 63430 6210859008 "GET /api/v1/quotes/quotes/by_seller/?auth_user_uid=c97f2da1-810c-4f86-98b4-18b722d5eecb HTTP/1.1" 200 11579
INFO 2025-09-03 02:48:12,460 basehttp 63430 6194032640 "GET /api/v1/product-requests/requests/by_seller/?auth_user_uid=c97f2da1-810c-4f86-98b4-18b722d5eecb&lat=-25.981131773005195&lng=28.118168185038634 HTTP/1.1" 200 12848
INFO 2025-09-03 02:48:13,683 basehttp 63430 6227685376 "GET /api/v1/analytics/dashboard/seller_orders_summary/?auth_user_uid=c97f2da1-810c-4f86-98b4-18b722d5eecb&timeframe=monthly HTTP/1.1" 200 976
INFO 2025-09-03 02:48:13,793 basehttp 63430 6194032640 "GET /api/v1/product-requests/requests/by_seller/?auth_user_uid=c97f2da1-810c-4f86-98b4-18b722d5eecb&lat=-25.981131773005195&lng=28.118168185038634 HTTP/1.1" 200 12848
INFO 2025-09-03 02:48:13,806 basehttp 63430 6210859008 "GET /api/v1/quotes/quotes/by_seller/?auth_user_uid=c97f2da1-810c-4f86-98b4-18b722d5eecb HTTP/1.1" 200 11579
INFO 2025-09-03 02:57:35,814 basehttp 63430 6194032640 "OPTIONS /api/v1/product-requests/requests/by_seller/?auth_user_uid=c97f2da1-810c-4f86-98b4-18b722d5eecb&lat=-25.98108874639568&lng=28.11817908327662 HTTP/1.1" 200 0
INFO 2025-09-03 02:57:36,020 basehttp 63430 6227685376 "GET /api/v1/analytics/dashboard/seller_orders_summary/?auth_user_uid=c97f2da1-810c-4f86-98b4-18b722d5eecb&timeframe=monthly HTTP/1.1" 200 976
INFO 2025-09-03 02:57:36,286 basehttp 63430 6194032640 "GET /api/v1/product-requests/requests/by_seller/?auth_user_uid=c97f2da1-810c-4f86-98b4-18b722d5eecb&lat=-25.98108874639568&lng=28.11817908327662 HTTP/1.1" 200 12846
INFO 2025-09-03 02:57:36,446 basehttp 63430 6210859008 "GET /api/v1/quotes/quotes/by_seller/?auth_user_uid=c97f2da1-810c-4f86-98b4-18b722d5eecb HTTP/1.1" 200 11579
INFO 2025-09-03 02:57:36,955 basehttp 63430 6227685376 "GET /api/v1/analytics/dashboard/seller_orders_summary/?auth_user_uid=c97f2da1-810c-4f86-98b4-18b722d5eecb&timeframe=monthly HTTP/1.1" 200 976
INFO 2025-09-03 02:57:36,977 basehttp 63430 6194032640 "GET /api/v1/quotes/quotes/by_seller/?auth_user_uid=c97f2da1-810c-4f86-98b4-18b722d5eecb HTTP/1.1" 200 11579
INFO 2025-09-03 02:57:38,942 basehttp 63430 6227685376 "GET /api/v1/analytics/dashboard/seller_orders_summary/?auth_user_uid=c97f2da1-810c-4f86-98b4-18b722d5eecb&timeframe=monthly HTTP/1.1" 200 976
INFO 2025-09-03 02:57:38,966 basehttp 63430 6210859008 "GET /api/v1/product-requests/requests/by_seller/?auth_user_uid=c97f2da1-810c-4f86-98b4-18b722d5eecb&lat=-25.98108874639568&lng=28.11817908327662 HTTP/1.1" 200 12846
INFO 2025-09-03 02:57:39,022 basehttp 63430 6194032640 "GET /api/v1/quotes/quotes/by_seller/?auth_user_uid=c97f2da1-810c-4f86-98b4-18b722d5eecb HTTP/1.1" 200 11579
INFO 2025-09-03 02:57:39,094 basehttp 63430 6210859008 "GET /api/v1/product-requests/requests/by_seller/?auth_user_uid=c97f2da1-810c-4f86-98b4-18b722d5eecb&lat=-25.98108874639568&lng=28.11817908327662 HTTP/1.1" 200 12846
INFO 2025-09-03 03:00:12,160 basehttp 63430 6227685376 "GET /api/v1/analytics/dashboard/seller_orders_summary/?auth_user_uid=c97f2da1-810c-4f86-98b4-18b722d5eecb&timeframe=monthly HTTP/1.1" 200 976
INFO 2025-09-03 03:00:12,222 basehttp 63430 6210859008 "GET /api/v1/quotes/quotes/by_seller/?auth_user_uid=c97f2da1-810c-4f86-98b4-18b722d5eecb HTTP/1.1" 200 11579
INFO 2025-09-03 03:00:12,357 basehttp 63430 6194032640 "GET /api/v1/product-requests/requests/by_seller/?auth_user_uid=c97f2da1-810c-4f86-98b4-18b722d5eecb&lat=-25.98108874639568&lng=28.11817908327662 HTTP/1.1" 200 12846
INFO 2025-09-03 03:05:23,382 basehttp 63430 6194032640 "OPTIONS /api/v1/product-requests/requests/by_seller/?auth_user_uid=c97f2da1-810c-4f86-98b4-18b722d5eecb&lat=-26.2041&lng=28.0473 HTTP/1.1" 200 0
INFO 2025-09-03 03:05:23,451 basehttp 63430 6227685376 "GET /api/v1/analytics/dashboard/seller_orders_summary/?auth_user_uid=c97f2da1-810c-4f86-98b4-18b722d5eecb&timeframe=monthly HTTP/1.1" 200 976
INFO 2025-09-03 03:05:23,636 basehttp 63430 6194032640 "GET /api/v1/product-requests/requests/by_seller/?auth_user_uid=c97f2da1-810c-4f86-98b4-18b722d5eecb&lat=-26.2041&lng=28.0473 HTTP/1.1" 200 12826
INFO 2025-09-03 03:05:23,662 basehttp 63430 6210859008 "GET /api/v1/quotes/quotes/by_seller/?auth_user_uid=c97f2da1-810c-4f86-98b4-18b722d5eecb HTTP/1.1" 200 11579
INFO 2025-09-03 03:05:25,649 basehttp 63430 6227685376 "GET /api/v1/analytics/dashboard/seller_orders_summary/?auth_user_uid=c97f2da1-810c-4f86-98b4-18b722d5eecb&timeframe=monthly HTTP/1.1" 200 976
INFO 2025-09-03 03:05:25,721 basehttp 63430 6194032640 "GET /api/v1/quotes/quotes/by_seller/?auth_user_uid=c97f2da1-810c-4f86-98b4-18b722d5eecb HTTP/1.1" 200 11579
INFO 2025-09-03 03:05:25,743 basehttp 63430 6210859008 "GET /api/v1/product-requests/requests/by_seller/?auth_user_uid=c97f2da1-810c-4f86-98b4-18b722d5eecb&lat=-26.2041&lng=28.0473 HTTP/1.1" 200 12826
INFO 2025-09-03 03:05:54,202 basehttp 63430 6227685376 "GET /api/v1/analytics/dashboard/seller_orders_summary/?auth_user_uid=c97f2da1-810c-4f86-98b4-18b722d5eecb&timeframe=monthly HTTP/1.1" 200 976
INFO 2025-09-03 03:05:54,301 basehttp 63430 6210859008 "GET /api/v1/quotes/quotes/by_seller/?auth_user_uid=c97f2da1-810c-4f86-98b4-18b722d5eecb HTTP/1.1" 200 11579
INFO 2025-09-03 03:05:54,306 basehttp 63430 6194032640 "GET /api/v1/product-requests/requests/by_seller/?auth_user_uid=c97f2da1-810c-4f86-98b4-18b722d5eecb&lat=-26.2041&lng=28.0473 HTTP/1.1" 200 12826
INFO 2025-09-03 03:05:55,796 basehttp 63430 6227685376 "GET /api/v1/analytics/dashboard/seller_orders_summary/?auth_user_uid=c97f2da1-810c-4f86-98b4-18b722d5eecb&timeframe=monthly HTTP/1.1" 200 976
INFO 2025-09-03 03:05:55,856 basehttp 63430 6210859008 "GET /api/v1/quotes/quotes/by_seller/?auth_user_uid=c97f2da1-810c-4f86-98b4-18b722d5eecb HTTP/1.1" 200 11579
INFO 2025-09-03 03:05:55,858 basehttp 63430 6194032640 "GET /api/v1/product-requests/requests/by_seller/?auth_user_uid=c97f2da1-810c-4f86-98b4-18b722d5eecb&lat=-26.2041&lng=28.0473 HTTP/1.1" 200 12826
INFO 2025-09-03 03:06:47,471 basehttp 63430 6227685376 "GET /api/v1/analytics/dashboard/seller_orders_summary/?auth_user_uid=c97f2da1-810c-4f86-98b4-18b722d5eecb&timeframe=monthly HTTP/1.1" 200 976
INFO 2025-09-03 03:06:47,689 basehttp 63430 6210859008 "GET /api/v1/quotes/quotes/by_seller/?auth_user_uid=c97f2da1-810c-4f86-98b4-18b722d5eecb HTTP/1.1" 200 11579
INFO 2025-09-03 03:06:47,712 basehttp 63430 6194032640 "GET /api/v1/product-requests/requests/by_seller/?auth_user_uid=c97f2da1-810c-4f86-98b4-18b722d5eecb&lat=-26.2041&lng=28.0473 HTTP/1.1" 200 12826
INFO 2025-09-03 03:06:49,208 basehttp 63430 6227685376 "GET /api/v1/analytics/dashboard/seller_orders_summary/?auth_user_uid=c97f2da1-810c-4f86-98b4-18b722d5eecb&timeframe=monthly HTTP/1.1" 200 976
INFO 2025-09-03 03:06:49,454 basehttp 63430 6194032640 "GET /api/v1/product-requests/requests/by_seller/?auth_user_uid=c97f2da1-810c-4f86-98b4-18b722d5eecb&lat=-26.2041&lng=28.0473 HTTP/1.1" 200 12826
INFO 2025-09-03 03:06:49,458 basehttp 63430 6210859008 "GET /api/v1/quotes/quotes/by_seller/?auth_user_uid=c97f2da1-810c-4f86-98b4-18b722d5eecb HTTP/1.1" 200 11579
INFO 2025-09-03 03:07:53,217 basehttp 63430 6227685376 "GET /api/v1/analytics/dashboard/seller_orders_summary/?auth_user_uid=c97f2da1-810c-4f86-98b4-18b722d5eecb&timeframe=monthly HTTP/1.1" 200 976
INFO 2025-09-03 03:07:53,240 basehttp 63430 6210859008 "GET /api/v1/quotes/quotes/by_seller/?auth_user_uid=c97f2da1-810c-4f86-98b4-18b722d5eecb HTTP/1.1" 200 11579
INFO 2025-09-03 03:07:53,269 basehttp 63430 6194032640 "GET /api/v1/product-requests/requests/by_seller/?auth_user_uid=c97f2da1-810c-4f86-98b4-18b722d5eecb&lat=-26.2041&lng=28.0473 HTTP/1.1" 200 12826
INFO 2025-09-03 03:07:55,274 basehttp 63430 6227685376 "GET /api/v1/analytics/dashboard/seller_orders_summary/?auth_user_uid=c97f2da1-810c-4f86-98b4-18b722d5eecb&timeframe=monthly HTTP/1.1" 200 976
INFO 2025-09-03 03:07:55,336 basehttp 63430 6210859008 "GET /api/v1/quotes/quotes/by_seller/?auth_user_uid=c97f2da1-810c-4f86-98b4-18b722d5eecb HTTP/1.1" 200 11579
INFO 2025-09-03 03:07:55,340 basehttp 63430 6194032640 "GET /api/v1/product-requests/requests/by_seller/?auth_user_uid=c97f2da1-810c-4f86-98b4-18b722d5eecb&lat=-26.2041&lng=28.0473 HTTP/1.1" 200 12826
INFO 2025-09-03 03:10:25,785 basehttp 63430 6227685376 "GET /api/v1/analytics/dashboard/seller_orders_summary/?auth_user_uid=c97f2da1-810c-4f86-98b4-18b722d5eecb&timeframe=monthly HTTP/1.1" 200 976
INFO 2025-09-03 03:10:25,917 basehttp 63430 6194032640 "GET /api/v1/product-requests/requests/by_seller/?auth_user_uid=c97f2da1-810c-4f86-98b4-18b722d5eecb&lat=-26.2041&lng=28.0473 HTTP/1.1" 200 12826
INFO 2025-09-03 03:10:25,936 basehttp 63430 6210859008 "GET /api/v1/quotes/quotes/by_seller/?auth_user_uid=c97f2da1-810c-4f86-98b4-18b722d5eecb HTTP/1.1" 200 11579
INFO 2025-09-03 03:10:27,457 basehttp 63430 6227685376 "GET /api/v1/analytics/dashboard/seller_orders_summary/?auth_user_uid=c97f2da1-810c-4f86-98b4-18b722d5eecb&timeframe=monthly HTTP/1.1" 200 976
INFO 2025-09-03 03:10:27,564 basehttp 63430 6194032640 "GET /api/v1/quotes/quotes/by_seller/?auth_user_uid=c97f2da1-810c-4f86-98b4-18b722d5eecb HTTP/1.1" 200 11579
INFO 2025-09-03 03:10:27,569 basehttp 63430 6210859008 "GET /api/v1/product-requests/requests/by_seller/?auth_user_uid=c97f2da1-810c-4f86-98b4-18b722d5eecb&lat=-26.2041&lng=28.0473 HTTP/1.1" 200 12826
INFO 2025-09-03 03:14:12,362 basehttp 63430 6194032640 "GET /api/v1/product-requests/requests/by_auth_user/?auth_user_uid=7b186537-5f40-43fc-8545-09f04dcc7c84 HTTP/1.1" 200 1149
INFO 2025-09-03 03:14:16,718 basehttp 63430 6194032640 "GET /api/v1/product-requests/orders/ HTTP/1.1" 200 8227
INFO 2025-09-03 03:14:32,290 basehttp 63430 6194032640 "GET /admin/product_requests/order/ HTTP/1.1" 200 43971
INFO 2025-09-03 03:14:32,330 basehttp 63430 6194032640 "GET /static/admin/css/base.css HTTP/1.1" 304 0
INFO 2025-09-03 03:14:32,337 basehttp 63430 6244511744 "GET /static/admin/css/changelists.css HTTP/1.1" 304 0
INFO 2025-09-03 03:14:32,338 basehttp 63430 6194032640 "GET /static/admin/css/dark_mode.css HTTP/1.1" 304 0
INFO 2025-09-03 03:14:32,339 basehttp 63430 6227685376 "GET /static/admin/css/nav_sidebar.css HTTP/1.1" 304 0
INFO 2025-09-03 03:14:32,340 basehttp 63430 6194032640 "GET /static/admin/js/jquery.init.js HTTP/1.1" 304 0
INFO 2025-09-03 03:14:32,340 basehttp 63430 6261911552 "GET /static/admin/js/theme.js HTTP/1.1" 304 0
INFO 2025-09-03 03:14:32,340 basehttp 63430 6278737920 "GET /static/admin/js/vendor/jquery/jquery.js HTTP/1.1" 304 0
INFO 2025-09-03 03:14:32,340 basehttp 63430 6244511744 "GET /static/admin/css/responsive.css HTTP/1.1" 304 0
INFO 2025-09-03 03:14:32,342 basehttp 63430 6227685376 "GET /static/admin/js/core.js HTTP/1.1" 304 0
INFO 2025-09-03 03:14:32,343 basehttp 63430 6194032640 "GET /static/admin/js/urlify.js HTTP/1.1" 304 0
INFO 2025-09-03 03:14:32,344 basehttp 63430 6261911552 "GET /static/admin/js/actions.js HTTP/1.1" 304 0
INFO 2025-09-03 03:14:32,345 basehttp 63430 6244511744 "GET /static/admin/js/admin/RelatedObjectLookups.js HTTP/1.1" 304 0
INFO 2025-09-03 03:14:32,345 basehttp 63430 6278737920 "GET /static/admin/js/prepopulate.js HTTP/1.1" 304 0
INFO 2025-09-03 03:14:32,346 basehttp 63430 6227685376 "GET /static/admin/js/vendor/xregexp/xregexp.js HTTP/1.1" 304 0
INFO 2025-09-03 03:14:32,347 basehttp 63430 6261911552 "GET /static/admin/img/search.svg HTTP/1.1" 304 0
INFO 2025-09-03 03:14:32,349 basehttp 63430 6210859008 "GET /admin/jsi18n/ HTTP/1.1" 200 3342
INFO 2025-09-03 03:14:32,349 basehttp 63430 6261911552 "GET /static/admin/js/nav_sidebar.js HTTP/1.1" 304 0
INFO 2025-09-03 03:14:32,351 basehttp 63430 6210859008 "GET /static/admin/js/filters.js HTTP/1.1" 304 0
INFO 2025-09-03 03:14:32,384 basehttp 63430 6227685376 "GET /static/admin/img/sorting-icons.svg HTTP/1.1" 304 0
INFO 2025-09-03 03:14:32,384 basehttp 63430 6261911552 "GET /static/admin/img/tooltag-add.svg HTTP/1.1" 304 0
INFO 2025-09-03 03:14:32,385 basehttp 63430 6244511744 "GET /static/admin/img/icon-viewlink.svg HTTP/1.1" 304 0
INFO 2025-09-03 03:14:32,385 basehttp 63430 6210859008 "GET /static/admin/img/icon-addlink.svg HTTP/1.1" 304 0
INFO 2025-09-03 03:14:50,257 basehttp 63430 6210859008 "GET /admin/quotes/quote/ HTTP/1.1" 200 78501
INFO 2025-09-03 03:14:50,295 basehttp 63430 6210859008 "GET /admin/jsi18n/ HTTP/1.1" 200 3342
INFO 2025-09-03 03:14:58,319 basehttp 63430 6210859008 "POST /admin/quotes/quote/ HTTP/1.1" 200 41744
INFO 2025-09-03 03:14:58,340 basehttp 63430 6210859008 "GET /static/admin/js/cancel.js HTTP/1.1" 200 884
INFO 2025-09-03 03:15:00,440 basehttp 63430 6210859008 "POST /admin/quotes/quote/ HTTP/1.1" 302 0
INFO 2025-09-03 03:15:00,457 basehttp 63430 6210859008 "GET /admin/quotes/quote/ HTTP/1.1" 200 29387
INFO 2025-09-03 03:15:00,473 basehttp 63430 6210859008 "GET /admin/jsi18n/ HTTP/1.1" 200 3342
INFO 2025-09-03 03:15:00,486 basehttp 63430 6210859008 "GET /static/admin/img/icon-yes.svg HTTP/1.1" 304 0
INFO 2025-09-03 03:15:30,379 basehttp 63430 6295564288 "GET /api/v1/product-requests/requests/by_auth_user/?auth_user_uid=7b186537-5f40-43fc-8545-09f04dcc7c84 HTTP/1.1" 200 4046
INFO 2025-09-03 03:28:40,293 basehttp 63430 6194032640 "GET /api/v1/product-requests/orders/ HTTP/1.1" 200 52
INFO 2025-09-03 03:31:45,395 basehttp 63430 6194032640 "GET /api/v1/product-requests/requests/by_auth_user/?auth_user_uid=7b186537-5f40-43fc-8545-09f04dcc7c84 HTTP/1.1" 200 4046
INFO 2025-09-03 03:33:19,704 basehttp 63430 6194032640 "OPTIONS /api/v1/product-requests/requests/by_seller/?auth_user_uid=c97f2da1-810c-4f86-98b4-18b722d5eecb&lat=-26.2041&lng=28.0473 HTTP/1.1" 200 0
INFO 2025-09-03 03:33:19,704 basehttp 63430 6210859008 "OPTIONS /api/v1/quotes/quotes/by_seller/?auth_user_uid=c97f2da1-810c-4f86-98b4-18b722d5eecb HTTP/1.1" 200 0
INFO 2025-09-03 03:33:19,705 basehttp 63430 6227685376 "OPTIONS /api/v1/analytics/dashboard/seller_orders_summary/?auth_user_uid=c97f2da1-810c-4f86-98b4-18b722d5eecb&timeframe=monthly HTTP/1.1" 200 0
INFO 2025-09-03 03:33:19,789 basehttp 63430 6210859008 "GET /api/v1/quotes/quotes/by_seller/?auth_user_uid=c97f2da1-810c-4f86-98b4-18b722d5eecb HTTP/1.1" 200 52
INFO 2025-09-03 03:33:19,836 basehttp 63430 6227685376 "GET /api/v1/analytics/dashboard/seller_orders_summary/?auth_user_uid=c97f2da1-810c-4f86-98b4-18b722d5eecb&timeframe=monthly HTTP/1.1" 200 814
INFO 2025-09-03 03:33:19,883 basehttp 63430 6194032640 "GET /api/v1/product-requests/requests/by_seller/?auth_user_uid=c97f2da1-810c-4f86-98b4-18b722d5eecb&lat=-26.2041&lng=28.0473 HTTP/1.1" 200 8690
INFO 2025-09-03 03:36:39,299 basehttp 63430 6194032640 "OPTIONS /api/v1/quotes/quotes/ HTTP/1.1" 200 0
INFO 2025-09-03 03:36:39,449 basehttp 63430 6194032640 "POST /api/v1/quotes/quotes/ HTTP/1.1" 201 532
INFO 2025-09-03 03:36:39,558 basehttp 63430 6194032640 "GET /api/v1/product-requests/requests/by_seller/?auth_user_uid=c97f2da1-810c-4f86-98b4-18b722d5eecb&lat=-26.2041&lng=28.0473 HTTP/1.1" 200 9234
INFO 2025-09-03 03:36:39,598 basehttp 63430 6194032640 "GET /api/v1/quotes/quotes/by_seller/?auth_user_uid=c97f2da1-810c-4f86-98b4-18b722d5eecb HTTP/1.1" 200 867
INFO 2025-09-03 03:50:10,536 basehttp 63430 6194032640 "OPTIONS /api/v1/product-requests/requests/by_auth_user/?auth_user_uid=7b186537-5f40-43fc-8545-09f04dcc7c84 HTTP/1.1" 200 0
INFO 2025-09-03 03:50:10,724 basehttp 63430 6194032640 "GET /api/v1/product-requests/requests/by_auth_user/?auth_user_uid=7b186537-5f40-43fc-8545-09f04dcc7c84 HTTP/1.1" 200 4046
INFO 2025-09-03 03:50:54,642 basehttp 63430 6194032640 "GET /api/v1/product-requests/requests/by_auth_user/?auth_user_uid=7b186537-5f40-43fc-8545-09f04dcc7c84 HTTP/1.1" 200 4046
INFO 2025-09-03 03:51:15,224 basehttp 63430 6194032640 "GET /admin/product_requests/productrequest/ HTTP/1.1" 200 69670
INFO 2025-09-03 03:51:15,272 basehttp 63430 6210859008 "GET /static/admin/css/base.css HTTP/1.1" 304 0
INFO 2025-09-03 03:51:15,273 basehttp 63430 6227685376 "GET /static/admin/css/dark_mode.css HTTP/1.1" 304 0
INFO 2025-09-03 03:51:15,277 basehttp 63430 6244511744 "GET /static/admin/css/nav_sidebar.css HTTP/1.1" 304 0
INFO 2025-09-03 03:51:15,279 basehttp 63430 6210859008 "GET /static/admin/css/responsive.css HTTP/1.1" 304 0
INFO 2025-09-03 03:51:15,281 basehttp 63430 6210859008 "GET /static/admin/js/admin/RelatedObjectLookups.js HTTP/1.1" 304 0
INFO 2025-09-03 03:51:15,281 basehttp 63430 6261911552 "GET /static/admin/css/changelists.css HTTP/1.1" 304 0
INFO 2025-09-03 03:51:15,284 basehttp 63430 6244511744 "GET /static/admin/js/jquery.init.js HTTP/1.1" 304 0
INFO 2025-09-03 03:51:15,284 basehttp 63430 6227685376 "GET /static/admin/js/vendor/jquery/jquery.js HTTP/1.1" 304 0
INFO 2025-09-03 03:51:15,284 basehttp 63430 6194032640 "GET /admin/jsi18n/ HTTP/1.1" 200 3342
INFO 2025-09-03 03:51:15,285 basehttp 63430 6261911552 "GET /static/admin/js/core.js HTTP/1.1" 304 0
INFO 2025-09-03 03:51:15,285 basehttp 63430 6278737920 "GET /static/admin/js/theme.js HTTP/1.1" 304 0
INFO 2025-09-03 03:51:15,286 basehttp 63430 6227685376 "GET /static/admin/js/prepopulate.js HTTP/1.1" 304 0
INFO 2025-09-03 03:51:15,286 basehttp 63430 6210859008 "GET /static/admin/js/actions.js HTTP/1.1" 304 0
INFO 2025-09-03 03:51:15,286 basehttp 63430 6244511744 "GET /static/admin/js/urlify.js HTTP/1.1" 304 0
INFO 2025-09-03 03:51:15,288 basehttp 63430 6194032640 "GET /static/admin/js/vendor/xregexp/xregexp.js HTTP/1.1" 304 0
INFO 2025-09-03 03:51:15,288 basehttp 63430 6227685376 "GET /static/admin/img/search.svg HTTP/1.1" 304 0
INFO 2025-09-03 03:51:15,302 basehttp 63430 6227685376 "GET /static/admin/js/nav_sidebar.js HTTP/1.1" 304 0
INFO 2025-09-03 03:51:15,303 basehttp 63430 6194032640 "GET /static/admin/js/filters.js HTTP/1.1" 304 0
INFO 2025-09-03 03:51:15,318 basehttp 63430 6194032640 "GET /static/admin/img/icon-addlink.svg HTTP/1.1" 304 0
INFO 2025-09-03 03:51:15,318 basehttp 63430 6227685376 "GET /static/admin/img/tooltag-add.svg HTTP/1.1" 304 0
INFO 2025-09-03 03:51:15,319 basehttp 63430 6244511744 "GET /static/admin/img/sorting-icons.svg HTTP/1.1" 304 0
INFO 2025-09-03 03:51:15,319 basehttp 63430 6210859008 "GET /static/admin/img/icon-viewlink.svg HTTP/1.1" 304 0
INFO 2025-09-03 03:51:23,774 basehttp 63430 6210859008 "GET /admin/quotes/quote/ HTTP/1.1" 200 32669
INFO 2025-09-03 03:51:23,807 basehttp 63430 6210859008 "GET /admin/jsi18n/ HTTP/1.1" 200 3342
INFO 2025-09-03 03:51:28,428 basehttp 63430 6210859008 "GET /admin/quotes/quote/c1ee3428-6227-40db-9906-693c9eaf9684/change/ HTTP/1.1" 200 56797
INFO 2025-09-03 03:51:28,435 basehttp 63430 6210859008 "GET /static/admin/css/forms.css HTTP/1.1" 304 0
INFO 2025-09-03 03:51:28,441 basehttp 63430 6244511744 "GET /static/admin/js/prepopulate_init.js HTTP/1.1" 304 0
INFO 2025-09-03 03:51:28,442 basehttp 63430 6227685376 "GET /static/admin/js/calendar.js HTTP/1.1" 304 0
INFO 2025-09-03 03:51:28,442 basehttp 63430 6194032640 "GET /static/admin/js/admin/DateTimeShortcuts.js HTTP/1.1" 304 0
INFO 2025-09-03 03:51:28,443 basehttp 63430 6278737920 "GET /static/admin/js/inlines.js HTTP/1.1" 200 15628
INFO 2025-09-03 03:51:28,444 basehttp 63430 6278737920 "GET /static/admin/css/widgets.css HTTP/1.1" 304 0
INFO 2025-09-03 03:51:28,445 basehttp 63430 6210859008 "GET /admin/jsi18n/ HTTP/1.1" 200 3342
INFO 2025-09-03 03:51:28,447 basehttp 63430 6210859008 "GET /static/admin/img/icon-changelink.svg HTTP/1.1" 304 0
INFO 2025-09-03 03:51:28,447 basehttp 63430 6278737920 "GET /static/admin/js/change_form.js HTTP/1.1" 304 0
INFO 2025-09-03 03:51:28,494 basehttp 63430 6278737920 "GET /static/admin/img/icon-calendar.svg HTTP/1.1" 304 0
INFO 2025-09-03 03:51:28,494 basehttp 63430 6210859008 "GET /static/admin/img/icon-clock.svg HTTP/1.1" 304 0
INFO 2025-09-03 03:51:43,629 basehttp 63430 6295564288 "GET /api/v1/product-requests/requests/by_auth_user/?auth_user_uid=7b186537-5f40-43fc-8545-09f04dcc7c84 HTTP/1.1" 200 4046
INFO 2025-09-03 03:52:15,702 basehttp 63430 6278737920 "POST /admin/quotes/quote/c1ee3428-6227-40db-9906-693c9eaf9684/change/ HTTP/1.1" 302 0
INFO 2025-09-03 03:52:15,717 basehttp 63430 6278737920 "GET /admin/quotes/quote/ HTTP/1.1" 200 32992
INFO 2025-09-03 03:52:15,731 basehttp 63430 6278737920 "GET /admin/jsi18n/ HTTP/1.1" 200 3342
INFO 2025-09-03 03:52:15,740 basehttp 63430 6278737920 "GET /static/admin/img/icon-yes.svg HTTP/1.1" 304 0
INFO 2025-09-03 03:52:29,196 basehttp 63430 6295564288 "GET /api/v1/product-requests/requests/by_auth_user/?auth_user_uid=7b186537-5f40-43fc-8545-09f04dcc7c84 HTTP/1.1" 200 4046
INFO 2025-09-03 03:52:40,544 basehttp 63430 6295564288 "GET /api/v1/product-requests/requests/by_auth_user/?auth_user_uid=7b186537-5f40-43fc-8545-09f04dcc7c84 HTTP/1.1" 200 4046
INFO 2025-09-03 03:53:24,522 basehttp 63430 6278737920 "GET /admin/quotes/quote/c1ee3428-6227-40db-9906-693c9eaf9684/change/ HTTP/1.1" 200 56797
INFO 2025-09-03 03:53:24,535 basehttp 63430 6278737920 "GET /admin/jsi18n/ HTTP/1.1" 200 3342
INFO 2025-09-03 03:53:36,166 basehttp 63430 6278737920 "POST /admin/quotes/quote/c1ee3428-6227-40db-9906-693c9eaf9684/change/ HTTP/1.1" 302 0
INFO 2025-09-03 03:53:36,186 basehttp 63430 6278737920 "GET /admin/quotes/quote/ HTTP/1.1" 200 32984
INFO 2025-09-03 03:53:36,203 basehttp 63430 6278737920 "GET /admin/jsi18n/ HTTP/1.1" 200 3342
INFO 2025-09-03 03:53:43,244 basehttp 63430 6295564288 "GET /api/v1/product-requests/requests/by_auth_user/?auth_user_uid=7b186537-5f40-43fc-8545-09f04dcc7c84 HTTP/1.1" 200 4046
INFO 2025-09-03 03:54:01,674 basehttp 63430 6295564288 "GET /api/v1/product-requests/requests/by_auth_user/?auth_user_uid=7b186537-5f40-43fc-8545-09f04dcc7c84 HTTP/1.1" 200 4046
INFO 2025-09-03 04:02:39,174 basehttp 63430 6194032640 "GET /api/v1/product-requests/requests/by_auth_user/?auth_user_uid=7b186537-5f40-43fc-8545-09f04dcc7c84 HTTP/1.1" 200 4046
INFO 2025-09-03 04:09:17,404 autoreload 63430 8517256640 /Users/thulanimoyo/MEGA downloads/new downloads/BIDR_Backend/product_management_service/product_requests/serializers.py changed, reloading.
INFO 2025-09-03 04:09:18,159 autoreload 1523 8517256640 Watching for file changes with StatReloader
INFO 2025-09-03 04:11:19,016 basehttp 1523 6325039104 "GET /api/v1/product-requests/requests/by_auth_user/?auth_user_uid=7b186537-5f40-43fc-8545-09f04dcc7c84 HTTP/1.1" 200 4583
INFO 2025-09-03 04:12:23,693 basehttp 1523 6325039104 "OPTIONS /api/v1/product-requests/orders/ HTTP/1.1" 200 0
WARNING 2025-09-03 04:12:23,738 log 1523 6325039104 Bad Request: /api/v1/product-requests/orders/
WARNING 2025-09-03 04:12:23,739 basehttp 1523 6325039104 "POST /api/v1/product-requests/orders/ HTTP/1.1" 400 154
WARNING 2025-09-03 04:12:44,958 log 1523 6325039104 Bad Request: /api/v1/product-requests/orders/
WARNING 2025-09-03 04:12:44,958 basehttp 1523 6325039104 "POST /api/v1/product-requests/orders/ HTTP/1.1" 400 154
INFO 2025-09-03 04:18:55,894 basehttp 1523 6325039104 "GET /api/v1/product-requests/requests/by_auth_user/?auth_user_uid=7b186537-5f40-43fc-8545-09f04dcc7c84 HTTP/1.1" 200 4583
WARNING 2025-09-03 04:19:01,134 log 1523 6325039104 Bad Request: /api/v1/product-requests/orders/
WARNING 2025-09-03 04:19:01,134 basehttp 1523 6325039104 "POST /api/v1/product-requests/orders/ HTTP/1.1" 400 154
WARNING 2025-09-03 04:20:15,218 log 1523 6325039104 Bad Request: /api/v1/product-requests/requests/
WARNING 2025-09-03 04:20:15,219 basehttp 1523 6325039104 "POST /api/v1/product-requests/requests/ HTTP/1.1" 400 65
INFO 2025-09-03 04:26:24,038 autoreload 1523 8517256640 /Users/thulanimoyo/MEGA downloads/new downloads/BIDR_Backend/product_management_service/product_requests/views.py changed, reloading.
INFO 2025-09-03 04:26:24,784 autoreload 7165 8517256640 Watching for file changes with StatReloader
INFO 2025-09-03 04:26:51,110 autoreload 7165 8517256640 /Users/thulanimoyo/MEGA downloads/new downloads/BIDR_Backend/product_management_service/product_requests/serializers.py changed, reloading.
INFO 2025-09-03 04:26:51,688 autoreload 7357 8517256640 Watching for file changes with StatReloader
INFO 2025-09-03 04:27:09,743 autoreload 7357 8517256640 /Users/thulanimoyo/MEGA downloads/new downloads/BIDR_Backend/product_management_service/product_requests/serializers.py changed, reloading.
INFO 2025-09-03 04:27:10,695 autoreload 7484 8517256640 Watching for file changes with StatReloader
INFO 2025-09-03 04:34:32,819 basehttp 7484 6129659904 "POST /api/v1/product-requests/requests/ HTTP/1.1" 201 1116
INFO 2025-09-03 04:34:34,938 basehttp 7484 6129659904 "GET /api/v1/product-requests/requests/by_auth_user/?auth_user_uid=7b186537-5f40-43fc-8545-09f04dcc7c84 HTTP/1.1" 200 5169
INFO 2025-09-03 04:35:01,889 basehttp 7484 6129659904 "GET /admin/quotes/quote/c1ee3428-6227-40db-9906-693c9eaf9684/change/ HTTP/1.1" 200 56905
INFO 2025-09-03 04:35:01,911 basehttp 7484 6146486272 "GET /static/admin/css/dark_mode.css HTTP/1.1" 304 0
INFO 2025-09-03 04:35:01,913 basehttp 7484 6163312640 "GET /static/admin/js/theme.js HTTP/1.1" 304 0
INFO 2025-09-03 04:35:01,913 basehttp 7484 13170143232 "GET /static/admin/css/base.css HTTP/1.1" 304 0
INFO 2025-09-03 04:35:01,915 basehttp 7484 13186969600 "GET /static/admin/css/nav_sidebar.css HTTP/1.1" 304 0
INFO 2025-09-03 04:35:01,915 basehttp 7484 6146486272 "GET /static/admin/css/responsive.css HTTP/1.1" 304 0
INFO 2025-09-03 04:35:01,916 basehttp 7484 6163312640 "GET /static/admin/js/vendor/jquery/jquery.js HTTP/1.1" 304 0
INFO 2025-09-03 04:35:01,918 basehttp 7484 13203795968 "GET /static/admin/css/forms.css HTTP/1.1" 304 0
INFO 2025-09-03 04:35:01,919 basehttp 7484 13170143232 "GET /static/admin/js/calendar.js HTTP/1.1" 304 0
INFO 2025-09-03 04:35:01,919 basehttp 7484 6163312640 "GET /static/admin/js/core.js HTTP/1.1" 304 0
INFO 2025-09-03 04:35:01,921 basehttp 7484 13186969600 "GET /static/admin/js/jquery.init.js HTTP/1.1" 304 0
INFO 2025-09-03 04:35:01,921 basehttp 7484 13203795968 "GET /static/admin/js/admin/RelatedObjectLookups.js HTTP/1.1" 304 0
INFO 2025-09-03 04:35:01,951 basehttp 7484 6146486272 "GET /static/admin/js/admin/DateTimeShortcuts.js HTTP/1.1" 304 0
INFO 2025-09-03 04:35:01,952 basehttp 7484 13186969600 "GET /static/admin/js/prepopulate.js HTTP/1.1" 304 0
INFO 2025-09-03 04:35:01,953 basehttp 7484 6146486272 "GET /static/admin/js/vendor/xregexp/xregexp.js HTTP/1.1" 304 0
INFO 2025-09-03 04:35:01,954 basehttp 7484 13203795968 "GET /static/admin/css/widgets.css HTTP/1.1" 304 0
INFO 2025-09-03 04:35:01,954 basehttp 7484 13170143232 "GET /static/admin/js/inlines.js HTTP/1.1" 304 0
INFO 2025-09-03 04:35:01,954 basehttp 7484 6163312640 "GET /static/admin/js/urlify.js HTTP/1.1" 304 0
INFO 2025-09-03 04:35:01,955 basehttp 7484 6129659904 "GET /admin/jsi18n/ HTTP/1.1" 200 3342
INFO 2025-09-03 04:35:01,955 basehttp 7484 13186969600 "GET /static/admin/js/actions.js HTTP/1.1" 304 0
INFO 2025-09-03 04:35:01,956 basehttp 7484 13170143232 "GET /static/admin/js/prepopulate_init.js HTTP/1.1" 304 0
INFO 2025-09-03 04:35:01,957 basehttp 7484 13186969600 "GET /static/admin/js/nav_sidebar.js HTTP/1.1" 304 0
INFO 2025-09-03 04:35:01,986 basehttp 7484 13186969600 "GET /static/admin/img/icon-changelink.svg HTTP/1.1" 304 0
INFO 2025-09-03 04:35:01,986 basehttp 7484 13170143232 "GET /static/admin/js/change_form.js HTTP/1.1" 304 0
INFO 2025-09-03 04:35:01,987 basehttp 7484 6129659904 "GET /static/admin/img/icon-addlink.svg HTTP/1.1" 304 0
INFO 2025-09-03 04:35:01,987 basehttp 7484 13203795968 "GET /static/admin/img/icon-viewlink.svg HTTP/1.1" 304 0
INFO 2025-09-03 04:35:02,031 basehttp 7484 13203795968 "GET /static/admin/img/icon-clock.svg HTTP/1.1" 304 0
INFO 2025-09-03 04:35:02,031 basehttp 7484 6129659904 "GET /static/admin/img/icon-calendar.svg HTTP/1.1" 304 0
INFO 2025-09-03 04:35:41,218 basehttp 7484 6129659904 "POST /admin/quotes/quote/c1ee3428-6227-40db-9906-693c9eaf9684/change/ HTTP/1.1" 302 0
INFO 2025-09-03 04:35:41,238 basehttp 7484 6129659904 "GET /admin/quotes/quote/ HTTP/1.1" 200 32984
INFO 2025-09-03 04:35:41,261 basehttp 7484 13203795968 "GET /static/admin/img/search.svg HTTP/1.1" 304 0
INFO 2025-09-03 04:35:41,261 basehttp 7484 13170143232 "GET /static/admin/css/changelists.css HTTP/1.1" 304 0
INFO 2025-09-03 04:35:41,264 basehttp 7484 13170143232 "GET /static/admin/js/filters.js HTTP/1.1" 304 0
INFO 2025-09-03 04:35:41,265 basehttp 7484 6129659904 "GET /admin/jsi18n/ HTTP/1.1" 200 3342
INFO 2025-09-03 04:35:41,273 basehttp 7484 13203795968 "GET /static/admin/img/icon-yes.svg HTTP/1.1" 304 0
INFO 2025-09-03 04:35:41,273 basehttp 7484 13170143232 "GET /static/admin/img/sorting-icons.svg HTTP/1.1" 304 0
INFO 2025-09-03 04:35:41,274 basehttp 7484 6129659904 "GET /static/admin/img/tooltag-add.svg HTTP/1.1" 304 0
INFO 2025-09-03 04:36:03,091 basehttp 7484 13220622336 "GET /api/v1/product-requests/requests/by_auth_user/?auth_user_uid=7b186537-5f40-43fc-8545-09f04dcc7c84 HTTP/1.1" 200 5169
INFO 2025-09-03 04:36:07,162 basehttp 7484 13220622336 "POST /api/v1/product-requests/orders/ HTTP/1.1" 201 155
INFO 2025-09-03 04:36:07,315 basehttp 7484 13237448704 "OPTIONS /api/v1/product-requests/orders/ HTTP/1.1" 200 0
INFO 2025-09-03 04:36:07,327 basehttp 7484 13237448704 "GET /api/v1/product-requests/orders/ HTTP/1.1" 200 862
INFO 2025-09-03 04:48:38,689 autoreload 7484 8517256640 /Users/thulanimoyo/MEGA downloads/new downloads/BIDR_Backend/product_management_service/product_requests/serializers.py changed, reloading.
INFO 2025-09-03 04:48:39,471 autoreload 13931 8517256640 Watching for file changes with StatReloader
INFO 2025-09-03 04:49:18,519 basehttp 13931 13052751872 "GET /api/v1/product-requests/requests/by_auth_user/?auth_user_uid=7b186537-5f40-43fc-8545-09f04dcc7c84 HTTP/1.1" 200 4046
INFO 2025-09-03 04:49:37,726 basehttp 13931 13052751872 "GET /admin/product_requests/order/ HTTP/1.1" 200 35596
INFO 2025-09-03 04:49:37,758 basehttp 13931 13069578240 "GET /static/admin/js/theme.js HTTP/1.1" 304 0
INFO 2025-09-03 04:49:37,760 basehttp 13931 13103230976 "GET /static/admin/js/jquery.init.js HTTP/1.1" 304 0
INFO 2025-09-03 04:49:37,761 basehttp 13931 13086404608 "GET /static/admin/js/vendor/jquery/jquery.js HTTP/1.1" 304 0
INFO 2025-09-03 04:49:37,761 basehttp 13931 13069578240 "GET /static/admin/js/actions.js HTTP/1.1" 304 0
INFO 2025-09-03 04:49:37,762 basehttp 13931 13120057344 "GET /static/admin/js/core.js HTTP/1.1" 304 0
INFO 2025-09-03 04:49:37,763 basehttp 13931 13136883712 "GET /static/admin/js/admin/RelatedObjectLookups.js HTTP/1.1" 304 0
INFO 2025-09-03 04:49:37,764 basehttp 13931 13103230976 "GET /static/admin/js/urlify.js HTTP/1.1" 304 0
INFO 2025-09-03 04:49:37,764 basehttp 13931 13086404608 "GET /static/admin/js/vendor/xregexp/xregexp.js HTTP/1.1" 304 0
INFO 2025-09-03 04:49:37,764 basehttp 13931 13069578240 "GET /static/admin/js/prepopulate.js HTTP/1.1" 304 0
INFO 2025-09-03 04:49:37,765 basehttp 13931 13120057344 "GET /static/admin/img/search.svg HTTP/1.1" 304 0
INFO 2025-09-03 04:49:37,766 basehttp 13931 13052751872 "GET /admin/jsi18n/ HTTP/1.1" 200 3342
INFO 2025-09-03 04:49:37,766 basehttp 13931 13120057344 "GET /static/admin/js/nav_sidebar.js HTTP/1.1" 304 0
INFO 2025-09-03 04:49:37,768 basehttp 13931 13120057344 "GET /static/admin/js/filters.js HTTP/1.1" 304 0
INFO 2025-09-03 04:49:37,799 basehttp 13931 13052751872 "GET /static/admin/img/tooltag-add.svg HTTP/1.1" 304 0
INFO 2025-09-03 04:49:37,799 basehttp 13931 13069578240 "GET /static/admin/img/sorting-icons.svg HTTP/1.1" 304 0
INFO 2025-09-03 04:49:37,799 basehttp 13931 13086404608 "GET /static/admin/img/icon-viewlink.svg HTTP/1.1" 304 0
INFO 2025-09-03 04:49:37,800 basehttp 13931 13120057344 "GET /static/admin/img/icon-addlink.svg HTTP/1.1" 304 0
INFO 2025-09-03 04:49:45,789 basehttp 13931 13120057344 "GET /admin/quotes/quote/ HTTP/1.1" 200 32670
INFO 2025-09-03 04:49:45,802 basehttp 13931 13120057344 "GET /admin/jsi18n/ HTTP/1.1" 200 3342
INFO 2025-09-03 04:49:48,767 basehttp 13931 13120057344 "GET /admin/quotes/quote/c1ee3428-6227-40db-9906-693c9eaf9684/change/ HTTP/1.1" 200 56906
INFO 2025-09-03 04:49:48,781 basehttp 13931 13120057344 "GET /admin/jsi18n/ HTTP/1.1" 200 3342
INFO 2025-09-03 04:50:46,221 basehttp 13931 13120057344 "POST /admin/quotes/quote/c1ee3428-6227-40db-9906-693c9eaf9684/change/ HTTP/1.1" 302 0
INFO 2025-09-03 04:50:46,233 basehttp 13931 13120057344 "GET /admin/quotes/quote/ HTTP/1.1" 200 32985
INFO 2025-09-03 04:50:46,245 basehttp 13931 13120057344 "GET /admin/jsi18n/ HTTP/1.1" 200 3342
INFO 2025-09-03 04:50:57,920 basehttp 13931 13304360960 "GET /api/v1/product-requests/requests/by_auth_user/?auth_user_uid=7b186537-5f40-43fc-8545-09f04dcc7c84 HTTP/1.1" 200 4583
WARNING 2025-09-03 04:51:04,989 log 13931 13304360960 Bad Request: /api/v1/product-requests/orders/
WARNING 2025-09-03 04:51:04,989 basehttp 13931 13304360960 "POST /api/v1/product-requests/orders/ HTTP/1.1" 400 154
INFO 2025-09-03 04:51:19,807 basehttp 13931 13120057344 "GET /admin/quotes/quote/add/ HTTP/1.1" 200 56176
INFO 2025-09-03 04:51:19,825 basehttp 13931 13120057344 "GET /admin/jsi18n/ HTTP/1.1" 200 3342
INFO 2025-09-03 04:51:53,282 basehttp 13931 13120057344 "POST /admin/quotes/quote/add/ HTTP/1.1" 200 56539
INFO 2025-09-03 04:51:53,294 basehttp 13931 13120057344 "GET /admin/jsi18n/ HTTP/1.1" 200 3342
INFO 2025-09-03 04:52:00,612 basehttp 13931 13120057344 "POST /admin/quotes/quote/add/ HTTP/1.1" 302 0
INFO 2025-09-03 04:52:00,625 basehttp 13931 13120057344 "GET /admin/quotes/quote/ HTTP/1.1" 200 33790
INFO 2025-09-03 04:52:00,641 basehttp 13931 13120057344 "GET /admin/jsi18n/ HTTP/1.1" 200 3342
INFO 2025-09-03 04:52:38,372 basehttp 13931 13304360960 "GET /api/v1/product-requests/requests/by_auth_user/?auth_user_uid=7b186537-5f40-43fc-8545-09f04dcc7c84 HTTP/1.1" 200 5024
WARNING 2025-09-03 04:52:45,971 log 13931 13304360960 Bad Request: /api/v1/product-requests/orders/
WARNING 2025-09-03 04:52:45,971 basehttp 13931 13304360960 "POST /api/v1/product-requests/orders/ HTTP/1.1" 400 154
WARNING 2025-09-03 04:52:51,199 log 13931 13304360960 Bad Request: /api/v1/product-requests/orders/
WARNING 2025-09-03 04:52:51,199 basehttp 13931 13304360960 "POST /api/v1/product-requests/orders/ HTTP/1.1" 400 154
INFO 2025-09-03 04:53:19,809 basehttp 13931 13120057344 "GET /admin/product_requests/productrequest/ HTTP/1.1" 200 70273
INFO 2025-09-03 04:53:19,824 basehttp 13931 13120057344 "GET /admin/jsi18n/ HTTP/1.1" 200 3342
INFO 2025-09-03 04:53:24,936 basehttp 13931 13120057344 "GET /admin/product_requests/productrequest/3f734d70-7f5a-46b8-ab70-aeb4f6157dd5/change/ HTTP/1.1" 200 71220
INFO 2025-09-03 04:53:24,954 basehttp 13931 13120057344 "GET /admin/jsi18n/ HTTP/1.1" 200 3342
INFO 2025-09-03 04:53:24,960 basehttp 13931 13086404608 "GET /static/admin/img/icon-unknown.svg HTTP/1.1" 200 655
INFO 2025-09-03 04:53:25,003 basehttp 13931 13086404608 "GET /static/admin/img/inline-delete.svg HTTP/1.1" 200 537
INFO 2025-09-03 04:53:35,367 basehttp 13931 13086404608 "POST /admin/product_requests/productrequest/3f734d70-7f5a-46b8-ab70-aeb4f6157dd5/change/ HTTP/1.1" 302 0
INFO 2025-09-03 04:53:35,390 basehttp 13931 13086404608 "GET /admin/product_requests/productrequest/ HTTP/1.1" 200 70570
INFO 2025-09-03 04:53:35,399 basehttp 13931 13086404608 "GET /admin/jsi18n/ HTTP/1.1" 200 3342
WARNING 2025-09-03 04:53:53,256 log 13931 13304360960 Bad Request: /api/v1/product-requests/orders/
WARNING 2025-09-03 04:53:53,257 basehttp 13931 13304360960 "POST /api/v1/product-requests/orders/ HTTP/1.1" 400 154
WARNING 2025-09-03 04:53:57,939 log 13931 13304360960 Bad Request: /api/v1/product-requests/orders/
WARNING 2025-09-03 04:53:57,939 basehttp 13931 13304360960 "POST /api/v1/product-requests/orders/ HTTP/1.1" 400 154
INFO 2025-09-03 04:54:10,119 basehttp 13931 13086404608 "GET /admin/product_requests/productrequest/3f734d70-7f5a-46b8-ab70-aeb4f6157dd5/change/ HTTP/1.1" 200 71202
INFO 2025-09-03 04:54:10,138 basehttp 13931 13086404608 "GET /admin/jsi18n/ HTTP/1.1" 200 3342
INFO 2025-09-03 04:54:19,872 basehttp 13931 13086404608 "POST /admin/product_requests/productrequest/3f734d70-7f5a-46b8-ab70-aeb4f6157dd5/change/ HTTP/1.1" 302 0
INFO 2025-09-03 04:54:19,895 basehttp 13931 13086404608 "GET /admin/product_requests/productrequest/ HTTP/1.1" 200 70569
INFO 2025-09-03 04:54:19,907 basehttp 13931 13086404608 "GET /admin/jsi18n/ HTTP/1.1" 200 3342
INFO 2025-09-03 04:54:28,414 basehttp 13931 13304360960 "POST /api/v1/product-requests/orders/ HTTP/1.1" 201 205
INFO 2025-09-03 04:54:28,422 basehttp 13931 13304360960 "OPTIONS /api/v1/product-requests/orders/85062e4d-5d1f-4e42-9b44-f1e27e402257/update_status/ HTTP/1.1" 200 0
WARNING 2025-09-03 04:54:28,439 log 13931 13304360960 Forbidden: /api/v1/product-requests/orders/85062e4d-5d1f-4e42-9b44-f1e27e402257/update_status/
WARNING 2025-09-03 04:54:28,439 basehttp 13931 13304360960 "POST /api/v1/product-requests/orders/85062e4d-5d1f-4e42-9b44-f1e27e402257/update_status/ HTTP/1.1" 403 52
INFO 2025-09-03 04:54:28,529 basehttp 13931 13321187328 "GET /api/v1/product-requests/orders/ HTTP/1.1" 200 1674
INFO 2025-09-03 04:58:37,344 autoreload 13931 8517256640 /Users/thulanimoyo/MEGA downloads/new downloads/BIDR_Backend/product_management_service/product_requests/views.py changed, reloading.
INFO 2025-09-03 04:58:37,922 autoreload 17039 8517256640 Watching for file changes with StatReloader
INFO 2025-09-03 04:59:28,713 autoreload 17039 8517256640 /Users/thulanimoyo/MEGA downloads/new downloads/BIDR_Backend/product_management_service/product_requests/views.py changed, reloading.
INFO 2025-09-03 04:59:29,173 autoreload 17408 8517256640 Watching for file changes with StatReloader
INFO 2025-09-03 04:59:52,139 autoreload 17408 8517256640 /Users/thulanimoyo/MEGA downloads/new downloads/BIDR_Backend/product_management_service/product_requests/views.py changed, reloading.
INFO 2025-09-03 04:59:52,575 autoreload 17584 8517256640 Watching for file changes with StatReloader
WARNING 2025-09-03 05:06:48,639 log 17584 6192705536 Bad Request: /api/v1/product-requests/requests/
WARNING 2025-09-03 05:06:48,640 basehttp 17584 6192705536 "POST /api/v1/product-requests/requests/ HTTP/1.1" 400 38
INFO 2025-09-03 05:08:02,443 basehttp 17584 6192705536 "POST /api/v1/product-requests/requests/ HTTP/1.1" 201 1118
INFO 2025-09-03 05:08:04,162 basehttp 17584 6192705536 "GET /api/v1/product-requests/requests/by_auth_user/?auth_user_uid=7b186537-5f40-43fc-8545-09f04dcc7c84 HTTP/1.1" 200 4047
INFO 2025-09-03 05:08:15,937 basehttp 17584 6192705536 "GET /admin/product_requests/productrequest/ HTTP/1.1" 200 71306
INFO 2025-09-03 05:08:15,967 basehttp 17584 6192705536 "GET /static/admin/css/base.css HTTP/1.1" 304 0
INFO 2025-09-03 05:08:15,971 basehttp 17584 6192705536 "GET /static/admin/css/dark_mode.css HTTP/1.1" 304 0
INFO 2025-09-03 05:08:15,971 basehttp 17584 6243184640 "GET /static/admin/js/theme.js HTTP/1.1" 304 0
INFO 2025-09-03 05:08:15,973 basehttp 17584 6260011008 "GET /static/admin/css/responsive.css HTTP/1.1" 304 0
INFO 2025-09-03 05:08:15,975 basehttp 17584 6276837376 "GET /static/admin/js/vendor/jquery/jquery.js HTTP/1.1" 304 0
INFO 2025-09-03 05:08:15,975 basehttp 17584 6226358272 "GET /static/admin/css/nav_sidebar.css HTTP/1.1" 304 0
INFO 2025-09-03 05:08:15,976 basehttp 17584 6243184640 "GET /static/admin/css/changelists.css HTTP/1.1" 304 0
INFO 2025-09-03 05:08:16,006 basehttp 17584 6192705536 "GET /static/admin/js/jquery.init.js HTTP/1.1" 304 0
INFO 2025-09-03 05:08:15,976 basehttp 17584 6260011008 "GET /static/admin/js/core.js HTTP/1.1" 304 0
INFO 2025-09-03 05:08:16,006 basehttp 17584 6276837376 "GET /static/admin/js/actions.js HTTP/1.1" 304 0
INFO 2025-09-03 05:08:16,007 basehttp 17584 6226358272 "GET /static/admin/js/admin/RelatedObjectLookups.js HTTP/1.1" 304 0
INFO 2025-09-03 05:08:16,008 basehttp 17584 6243184640 "GET /static/admin/js/urlify.js HTTP/1.1" 304 0
INFO 2025-09-03 05:08:16,009 basehttp 17584 6260011008 "GET /static/admin/js/prepopulate.js HTTP/1.1" 304 0
INFO 2025-09-03 05:08:16,009 basehttp 17584 6192705536 "GET /static/admin/js/vendor/xregexp/xregexp.js HTTP/1.1" 304 0
INFO 2025-09-03 05:08:16,009 basehttp 17584 6209531904 "GET /admin/jsi18n/ HTTP/1.1" 200 3342
INFO 2025-09-03 05:08:16,009 basehttp 17584 6226358272 "GET /static/admin/img/search.svg HTTP/1.1" 304 0
INFO 2025-09-03 05:08:16,011 basehttp 17584 6192705536 "GET /static/admin/js/filters.js HTTP/1.1" 304 0
INFO 2025-09-03 05:08:16,011 basehttp 17584 6209531904 "GET /static/admin/js/nav_sidebar.js HTTP/1.1" 304 0
INFO 2025-09-03 05:08:16,030 basehttp 17584 6209531904 "GET /static/admin/img/icon-addlink.svg HTTP/1.1" 304 0
INFO 2025-09-03 05:08:16,030 basehttp 17584 6192705536 "GET /static/admin/img/tooltag-add.svg HTTP/1.1" 304 0
INFO 2025-09-03 05:08:16,031 basehttp 17584 6226358272 "GET /static/admin/img/sorting-icons.svg HTTP/1.1" 304 0
INFO 2025-09-03 05:08:16,031 basehttp 17584 6209531904 "GET /static/admin/img/icon-viewlink.svg HTTP/1.1" 304 0
INFO 2025-09-03 05:08:19,194 basehttp 17584 6209531904 "GET /admin/product_requests/productrequest/f5431d66-47f4-4556-85d6-3db4878ccb6f/change/ HTTP/1.1" 200 71262
INFO 2025-09-03 05:08:19,219 basehttp 17584 6226358272 "GET /static/admin/css/forms.css HTTP/1.1" 304 0
INFO 2025-09-03 05:08:19,224 basehttp 17584 6192705536 "GET /static/admin/js/prepopulate_init.js HTTP/1.1" 304 0
INFO 2025-09-03 05:08:19,228 basehttp 17584 6226358272 "GET /static/admin/css/widgets.css HTTP/1.1" 304 0
INFO 2025-09-03 05:08:19,232 basehttp 17584 6260011008 "GET /static/admin/js/inlines.js HTTP/1.1" 304 0
INFO 2025-09-03 05:08:19,232 basehttp 17584 6209531904 "GET /admin/jsi18n/ HTTP/1.1" 200 3342
INFO 2025-09-03 05:08:19,235 basehttp 17584 6209531904 "GET /static/admin/img/icon-changelink.svg HTTP/1.1" 304 0
INFO 2025-09-03 05:08:19,240 basehttp 17584 6209531904 "GET /static/admin/js/change_form.js HTTP/1.1" 304 0
INFO 2025-09-03 05:08:25,301 basehttp 17584 6209531904 "GET /admin/quotes/quote/ HTTP/1.1" 200 33516
INFO 2025-09-03 05:08:25,312 basehttp 17584 6209531904 "GET /admin/jsi18n/ HTTP/1.1" 200 3342
INFO 2025-09-03 05:08:27,236 basehttp 17584 6209531904 "GET /admin/quotes/quote/add/ HTTP/1.1" 200 56284
INFO 2025-09-03 05:08:27,248 basehttp 17584 6260011008 "GET /static/admin/js/admin/DateTimeShortcuts.js HTTP/1.1" 304 0
INFO 2025-09-03 05:08:27,248 basehttp 17584 6226358272 "GET /static/admin/js/calendar.js HTTP/1.1" 304 0
INFO 2025-09-03 05:08:27,249 basehttp 17584 6209531904 "GET /admin/jsi18n/ HTTP/1.1" 200 3342
INFO 2025-09-03 05:08:27,277 basehttp 17584 6226358272 "GET /static/admin/img/icon-calendar.svg HTTP/1.1" 304 0
INFO 2025-09-03 05:08:27,280 basehttp 17584 6209531904 "GET /static/admin/img/icon-clock.svg HTTP/1.1" 304 0
INFO 2025-09-03 05:09:20,073 basehttp 17584 6209531904 "POST /admin/quotes/quote/add/ HTTP/1.1" 302 0
INFO 2025-09-03 05:09:20,088 basehttp 17584 6209531904 "GET /admin/quotes/quote/ HTTP/1.1" 200 34687
INFO 2025-09-03 05:09:20,101 basehttp 17584 6209531904 "GET /admin/jsi18n/ HTTP/1.1" 200 3342
INFO 2025-09-03 05:09:20,109 basehttp 17584 6209531904 "GET /static/admin/img/icon-yes.svg HTTP/1.1" 304 0
INFO 2025-09-03 05:09:33,512 basehttp 17584 6293663744 "GET /api/v1/product-requests/requests/by_auth_user/?auth_user_uid=7b186537-5f40-43fc-8545-09f04dcc7c84 HTTP/1.1" 200 4495
INFO 2025-09-03 05:09:41,855 basehttp 17584 6293663744 "POST /api/v1/product-requests/orders/ HTTP/1.1" 201 205
INFO 2025-09-03 05:09:41,889 basehttp 17584 6293663744 "OPTIONS /api/v1/product-requests/orders/b6a13bdf-a874-47a1-baf6-3581a1177f10/update_status/ HTTP/1.1" 200 0
INFO 2025-09-03 05:09:41,903 basehttp 17584 6293663744 "POST /api/v1/product-requests/orders/b6a13bdf-a874-47a1-baf6-3581a1177f10/update_status/ HTTP/1.1" 200 1500
INFO 2025-09-03 05:09:42,024 basehttp 17584 13438578688 "GET /api/v1/product-requests/orders/ HTTP/1.1" 200 2518
INFO 2025-09-03 05:12:03,392 basehttp 17584 6293663744 "GET /api/v1/product-requests/requests/by_auth_user/?auth_user_uid=7b186537-5f40-43fc-8545-09f04dcc7c84 HTTP/1.1" 200 3460
INFO 2025-09-03 05:12:05,491 basehttp 17584 13438578688 "GET /api/v1/product-requests/orders/ HTTP/1.1" 200 2518
INFO 2025-09-03 05:12:54,580 basehttp 17584 6209531904 "GET /admin/quotes/quote/ HTTP/1.1" 200 34413
INFO 2025-09-03 05:12:54,593 basehttp 17584 6209531904 "GET /admin/jsi18n/ HTTP/1.1" 200 3342
INFO 2025-09-03 05:13:03,352 basehttp 17584 6209531904 "GET /admin/product_requests/order/ HTTP/1.1" 200 37510
INFO 2025-09-03 05:13:03,393 basehttp 17584 6209531904 "GET /admin/jsi18n/ HTTP/1.1" 200 3342
INFO 2025-09-03 05:14:22,009 basehttp 17584 6192705536 "GET /api/v1/product-requests/requests/by_auth_user/?auth_user_uid=7b186537-5f40-43fc-8545-09f04dcc7c84 HTTP/1.1" 200 3460
INFO 2025-09-03 05:14:29,833 basehttp 17584 6192705536 "GET /api/v1/product-requests/orders/ HTTP/1.1" 200 2518
INFO 2025-09-03 05:17:29,610 autoreload 17584 8517256640 /Users/thulanimoyo/MEGA downloads/new downloads/BIDR_Backend/product_management_service/product_requests/views.py changed, reloading.
INFO 2025-09-03 05:17:30,127 autoreload 23028 8517256640 Watching for file changes with StatReloader
INFO 2025-09-03 05:19:04,331 autoreload 23028 8517256640 /Users/thulanimoyo/MEGA downloads/new downloads/BIDR_Backend/product_management_service/product_requests/models.py changed, reloading.
INFO 2025-09-03 05:19:04,835 autoreload 23722 8517256640 Watching for file changes with StatReloader
INFO 2025-09-03 05:24:09,550 basehttp 23722 6129774592 "GET /api/v1/product-requests/requests/by_auth_user/?auth_user_uid=7b186537-5f40-43fc-8545-09f04dcc7c84 HTTP/1.1" 200 3460
INFO 2025-09-03 05:35:36,419 basehttp 23722 6129774592 "GET /api/v1/product-requests/requests/by_auth_user/?auth_user_uid=7b186537-5f40-43fc-8545-09f04dcc7c84 HTTP/1.1" 200 3460
INFO 2025-09-03 05:35:42,813 basehttp 23722 6129774592 "GET /api/v1/product-requests/orders/ HTTP/1.1" 200 2517
INFO 2025-09-03 05:35:45,907 basehttp 23722 6129774592 "GET /api/v1/product-requests/orders/ HTTP/1.1" 200 2517
INFO 2025-09-03 05:35:47,905 basehttp 23722 6129774592 "GET /api/v1/product-requests/orders/ HTTP/1.1" 200 2517
INFO 2025-09-03 05:35:52,067 basehttp 23722 6129774592 "GET /api/v1/product-requests/orders/ HTTP/1.1" 200 2517
INFO 2025-09-03 05:35:55,594 basehttp 23722 6129774592 "GET /api/v1/product-requests/orders/ HTTP/1.1" 200 2517
INFO 2025-09-03 05:35:56,309 basehttp 23722 6129774592 "GET /api/v1/product-requests/orders/ HTTP/1.1" 200 2517
INFO 2025-09-03 05:35:57,951 basehttp 23722 6146600960 "GET /api/v1/product-requests/requests/by_auth_user/?auth_user_uid=7b186537-5f40-43fc-8545-09f04dcc7c84 HTTP/1.1" 200 3460
INFO 2025-09-03 05:36:04,217 basehttp 23722 6129774592 "GET /api/v1/product-requests/orders/ HTTP/1.1" 200 2517
INFO 2025-09-03 05:36:09,536 basehttp 23722 6129774592 "GET /api/v1/product-requests/orders/ HTTP/1.1" 200 2517
INFO 2025-09-03 05:36:12,047 basehttp 23722 6129774592 "GET /api/v1/product-requests/orders/ HTTP/1.1" 200 2517
INFO 2025-09-03 05:36:16,305 basehttp 23722 6129774592 "GET /api/v1/product-requests/orders/ HTTP/1.1" 200 2517
INFO 2025-09-03 05:36:18,126 basehttp 23722 6129774592 "GET /api/v1/product-requests/orders/ HTTP/1.1" 200 2517
INFO 2025-09-03 05:36:36,365 basehttp 23722 6129774592 "GET /api/v1/product-requests/orders/ HTTP/1.1" 200 2517
INFO 2025-09-03 05:36:56,315 basehttp 23722 6129774592 "GET /api/v1/product-requests/orders/ HTTP/1.1" 200 2517
INFO 2025-09-03 05:37:16,296 basehttp 23722 6129774592 "GET /api/v1/product-requests/orders/ HTTP/1.1" 200 2517
INFO 2025-09-03 05:37:36,318 basehttp 23722 6129774592 "GET /api/v1/product-requests/orders/ HTTP/1.1" 200 2517
INFO 2025-09-03 05:37:56,312 basehttp 23722 6129774592 "GET /api/v1/product-requests/orders/ HTTP/1.1" 200 2517
INFO 2025-09-03 05:38:16,298 basehttp 23722 6129774592 "GET /api/v1/product-requests/orders/ HTTP/1.1" 200 2517
INFO 2025-09-03 05:38:36,315 basehttp 23722 6129774592 "GET /api/v1/product-requests/orders/ HTTP/1.1" 200 2517
INFO 2025-09-03 05:38:56,334 basehttp 23722 6129774592 "GET /api/v1/product-requests/orders/ HTTP/1.1" 200 2517
INFO 2025-09-03 05:39:16,318 basehttp 23722 6129774592 "GET /api/v1/product-requests/orders/ HTTP/1.1" 200 2517
INFO 2025-09-03 05:39:36,306 basehttp 23722 6129774592 "GET /api/v1/product-requests/orders/ HTTP/1.1" 200 2517
INFO 2025-09-03 05:39:56,309 basehttp 23722 6129774592 "GET /api/v1/product-requests/orders/ HTTP/1.1" 200 2517
INFO 2025-09-03 05:40:16,315 basehttp 23722 6129774592 "GET /api/v1/product-requests/orders/ HTTP/1.1" 200 2517
INFO 2025-09-03 05:40:36,316 basehttp 23722 6129774592 "GET /api/v1/product-requests/orders/ HTTP/1.1" 200 2517
INFO 2025-09-03 05:40:56,315 basehttp 23722 6129774592 "GET /api/v1/product-requests/orders/ HTTP/1.1" 200 2517
INFO 2025-09-03 05:41:16,341 basehttp 23722 6129774592 "GET /api/v1/product-requests/orders/ HTTP/1.1" 200 2517
INFO 2025-09-03 05:41:36,316 basehttp 23722 6129774592 "GET /api/v1/product-requests/orders/ HTTP/1.1" 200 2517
INFO 2025-09-03 05:41:56,316 basehttp 23722 6129774592 "GET /api/v1/product-requests/orders/ HTTP/1.1" 200 2517
INFO 2025-09-03 05:42:16,313 basehttp 23722 6129774592 "GET /api/v1/product-requests/orders/ HTTP/1.1" 200 2517
INFO 2025-09-03 05:42:36,320 basehttp 23722 6129774592 "GET /api/v1/product-requests/orders/ HTTP/1.1" 200 2517
INFO 2025-09-03 05:42:56,309 basehttp 23722 6129774592 "GET /api/v1/product-requests/orders/ HTTP/1.1" 200 2517
INFO 2025-09-03 05:43:16,316 basehttp 23722 6129774592 "GET /api/v1/product-requests/orders/ HTTP/1.1" 200 2517
INFO 2025-09-03 05:43:36,323 basehttp 23722 6129774592 "GET /api/v1/product-requests/orders/ HTTP/1.1" 200 2517
INFO 2025-09-03 05:43:56,316 basehttp 23722 6129774592 "GET /api/v1/product-requests/orders/ HTTP/1.1" 200 2517
INFO 2025-09-03 05:44:16,321 basehttp 23722 6129774592 "GET /api/v1/product-requests/orders/ HTTP/1.1" 200 2517
INFO 2025-09-03 05:44:36,330 basehttp 23722 6129774592 "GET /api/v1/product-requests/orders/ HTTP/1.1" 200 2517
INFO 2025-09-03 05:44:56,311 basehttp 23722 6129774592 "GET /api/v1/product-requests/orders/ HTTP/1.1" 200 2517
INFO 2025-09-03 05:45:16,319 basehttp 23722 6129774592 "GET /api/v1/product-requests/orders/ HTTP/1.1" 200 2517
INFO 2025-09-03 05:45:36,322 basehttp 23722 6129774592 "GET /api/v1/product-requests/orders/ HTTP/1.1" 200 2517
INFO 2025-09-03 05:45:56,318 basehttp 23722 6129774592 "GET /api/v1/product-requests/orders/ HTTP/1.1" 200 2517
INFO 2025-09-03 05:46:16,312 basehttp 23722 6129774592 "GET /api/v1/product-requests/orders/ HTTP/1.1" 200 2517
INFO 2025-09-03 05:46:36,319 basehttp 23722 6129774592 "GET /api/v1/product-requests/orders/ HTTP/1.1" 200 2517
INFO 2025-09-03 05:46:56,318 basehttp 23722 6129774592 "GET /api/v1/product-requests/orders/ HTTP/1.1" 200 2517
INFO 2025-09-03 05:47:16,318 basehttp 23722 6129774592 "GET /api/v1/product-requests/orders/ HTTP/1.1" 200 2517
INFO 2025-09-03 05:47:36,312 basehttp 23722 6129774592 "GET /api/v1/product-requests/orders/ HTTP/1.1" 200 2517
INFO 2025-09-03 05:47:56,346 basehttp 23722 6129774592 "GET /api/v1/product-requests/orders/ HTTP/1.1" 200 2517
INFO 2025-09-03 05:48:16,320 basehttp 23722 6129774592 "GET /api/v1/product-requests/orders/ HTTP/1.1" 200 2517
INFO 2025-09-03 05:48:36,330 basehttp 23722 6129774592 "GET /api/v1/product-requests/orders/ HTTP/1.1" 200 2517
INFO 2025-09-03 05:48:56,328 basehttp 23722 6129774592 "GET /api/v1/product-requests/orders/ HTTP/1.1" 200 2517
INFO 2025-09-03 05:49:05,896 basehttp 23722 6129774592 "GET /api/v1/product-requests/orders/ HTTP/1.1" 200 2517
INFO 2025-09-03 05:49:16,318 basehttp 23722 6129774592 "GET /api/v1/product-requests/orders/ HTTP/1.1" 200 2517
INFO 2025-09-03 05:49:36,335 basehttp 23722 6129774592 "GET /api/v1/product-requests/orders/ HTTP/1.1" 200 2517
INFO 2025-09-03 05:49:56,319 basehttp 23722 6129774592 "GET /api/v1/product-requests/orders/ HTTP/1.1" 200 2517
INFO 2025-09-03 05:50:16,312 basehttp 23722 6129774592 "GET /api/v1/product-requests/orders/ HTTP/1.1" 200 2517
INFO 2025-09-03 05:50:36,325 basehttp 23722 6129774592 "GET /api/v1/product-requests/orders/ HTTP/1.1" 200 2517
INFO 2025-09-03 05:50:56,302 basehttp 23722 6129774592 "GET /api/v1/product-requests/orders/ HTTP/1.1" 200 2517
INFO 2025-09-03 05:51:16,298 basehttp 23722 6129774592 "GET /api/v1/product-requests/orders/ HTTP/1.1" 200 2517
INFO 2025-09-03 05:51:36,316 basehttp 23722 6129774592 "GET /api/v1/product-requests/orders/ HTTP/1.1" 200 2517
INFO 2025-09-03 05:51:56,296 basehttp 23722 6129774592 "GET /api/v1/product-requests/orders/ HTTP/1.1" 200 2517
INFO 2025-09-03 05:52:16,293 basehttp 23722 6129774592 "GET /api/v1/product-requests/orders/ HTTP/1.1" 200 2517
INFO 2025-09-03 05:52:36,301 basehttp 23722 6129774592 "GET /api/v1/product-requests/orders/ HTTP/1.1" 200 2517
INFO 2025-09-03 05:52:56,303 basehttp 23722 6129774592 "GET /api/v1/product-requests/orders/ HTTP/1.1" 200 2517
INFO 2025-09-03 05:53:16,293 basehttp 23722 6129774592 "GET /api/v1/product-requests/orders/ HTTP/1.1" 200 2517
INFO 2025-09-03 05:53:36,298 basehttp 23722 6129774592 "GET /api/v1/product-requests/orders/ HTTP/1.1" 200 2517
INFO 2025-09-03 05:53:56,302 basehttp 23722 6129774592 "GET /api/v1/product-requests/orders/ HTTP/1.1" 200 2517
INFO 2025-09-03 05:54:16,312 basehttp 23722 6129774592 "GET /api/v1/product-requests/orders/ HTTP/1.1" 200 2517
INFO 2025-09-03 05:54:36,310 basehttp 23722 6129774592 "GET /api/v1/product-requests/orders/ HTTP/1.1" 200 2517
INFO 2025-09-03 05:54:56,317 basehttp 23722 6129774592 "GET /api/v1/product-requests/orders/ HTTP/1.1" 200 2517
INFO 2025-09-03 05:55:16,326 basehttp 23722 6129774592 "GET /api/v1/product-requests/orders/ HTTP/1.1" 200 2517
INFO 2025-09-03 05:55:36,305 basehttp 23722 6129774592 "GET /api/v1/product-requests/orders/ HTTP/1.1" 200 2517
INFO 2025-09-03 05:55:56,317 basehttp 23722 6129774592 "GET /api/v1/product-requests/orders/ HTTP/1.1" 200 2517
INFO 2025-09-03 05:56:16,316 basehttp 23722 6129774592 "GET /api/v1/product-requests/orders/ HTTP/1.1" 200 2517
INFO 2025-09-03 05:56:36,307 basehttp 23722 6129774592 "GET /api/v1/product-requests/orders/ HTTP/1.1" 200 2517
INFO 2025-09-03 05:56:56,310 basehttp 23722 6129774592 "GET /api/v1/product-requests/orders/ HTTP/1.1" 200 2517
INFO 2025-09-03 05:57:16,331 basehttp 23722 6129774592 "GET /api/v1/product-requests/orders/ HTTP/1.1" 200 2517
INFO 2025-09-03 05:57:36,295 basehttp 23722 6129774592 "GET /api/v1/product-requests/orders/ HTTP/1.1" 200 2517
INFO 2025-09-03 05:57:56,315 basehttp 23722 6129774592 "GET /api/v1/product-requests/orders/ HTTP/1.1" 200 2517
INFO 2025-09-03 05:58:16,304 basehttp 23722 6129774592 "GET /api/v1/product-requests/orders/ HTTP/1.1" 200 2517
INFO 2025-09-03 05:58:36,317 basehttp 23722 6129774592 "GET /api/v1/product-requests/orders/ HTTP/1.1" 200 2517
INFO 2025-09-03 05:58:56,304 basehttp 23722 6129774592 "GET /api/v1/product-requests/orders/ HTTP/1.1" 200 2517
INFO 2025-09-03 05:59:16,311 basehttp 23722 6129774592 "GET /api/v1/product-requests/orders/ HTTP/1.1" 200 2517
INFO 2025-09-03 05:59:36,302 basehttp 23722 6129774592 "GET /api/v1/product-requests/orders/ HTTP/1.1" 200 2517
INFO 2025-09-03 05:59:56,293 basehttp 23722 6129774592 "GET /api/v1/product-requests/orders/ HTTP/1.1" 200 2517
INFO 2025-09-03 06:00:16,317 basehttp 23722 6129774592 "GET /api/v1/product-requests/orders/ HTTP/1.1" 200 2517
INFO 2025-09-03 06:00:36,309 basehttp 23722 6129774592 "GET /api/v1/product-requests/orders/ HTTP/1.1" 200 2517
INFO 2025-09-03 06:00:56,299 basehttp 23722 6129774592 "GET /api/v1/product-requests/orders/ HTTP/1.1" 200 2517
INFO 2025-09-03 06:01:16,309 basehttp 23722 6129774592 "GET /api/v1/product-requests/orders/ HTTP/1.1" 200 2517
INFO 2025-09-03 06:01:36,306 basehttp 23722 6129774592 "GET /api/v1/product-requests/orders/ HTTP/1.1" 200 2517
INFO 2025-09-03 06:01:56,300 basehttp 23722 6129774592 "GET /api/v1/product-requests/orders/ HTTP/1.1" 200 2517
INFO 2025-09-03 06:02:16,327 basehttp 23722 6129774592 "GET /api/v1/product-requests/orders/ HTTP/1.1" 200 2517
INFO 2025-09-03 06:02:36,304 basehttp 23722 6129774592 "GET /api/v1/product-requests/orders/ HTTP/1.1" 200 2517
INFO 2025-09-03 06:02:57,680 basehttp 23722 6129774592 "GET /api/v1/product-requests/orders/ HTTP/1.1" 200 2517
INFO 2025-09-03 06:03:16,302 basehttp 23722 6129774592 "GET /api/v1/product-requests/orders/ HTTP/1.1" 200 2517
INFO 2025-09-03 06:03:36,310 basehttp 23722 6129774592 "GET /api/v1/product-requests/orders/ HTTP/1.1" 200 2517
INFO 2025-09-03 06:03:56,316 basehttp 23722 6129774592 "GET /api/v1/product-requests/orders/ HTTP/1.1" 200 2517
INFO 2025-09-03 06:04:16,313 basehttp 23722 6129774592 "GET /api/v1/product-requests/orders/ HTTP/1.1" 200 2517
INFO 2025-09-03 06:04:36,313 basehttp 23722 6129774592 "GET /api/v1/product-requests/orders/ HTTP/1.1" 200 2517
WARNING 2025-09-03 06:04:56,292 log 23722 6129774592 Too Many Requests: /api/v1/product-requests/orders/
WARNING 2025-09-03 06:04:56,293 basehttp 23722 6129774592 "GET /api/v1/product-requests/orders/ HTTP/1.1" 429 143
WARNING 2025-09-03 06:05:16,320 log 23722 6129774592 Too Many Requests: /api/v1/product-requests/orders/
WARNING 2025-09-03 06:05:16,320 basehttp 23722 6129774592 "GET /api/v1/product-requests/orders/ HTTP/1.1" 429 143
WARNING 2025-09-03 06:05:36,289 log 23722 6129774592 Too Many Requests: /api/v1/product-requests/orders/
WARNING 2025-09-03 06:05:36,290 basehttp 23722 6129774592 "GET /api/v1/product-requests/orders/ HTTP/1.1" 429 143
WARNING 2025-09-03 06:05:56,297 log 23722 6129774592 Too Many Requests: /api/v1/product-requests/orders/
WARNING 2025-09-03 06:05:56,300 basehttp 23722 6129774592 "GET /api/v1/product-requests/orders/ HTTP/1.1" 429 143
WARNING 2025-09-03 06:06:16,342 log 23722 6129774592 Too Many Requests: /api/v1/product-requests/orders/
WARNING 2025-09-03 06:06:16,343 basehttp 23722 6129774592 "GET /api/v1/product-requests/orders/ HTTP/1.1" 429 143
WARNING 2025-09-03 06:06:36,332 log 23722 6129774592 Too Many Requests: /api/v1/product-requests/orders/
WARNING 2025-09-03 06:06:36,333 basehttp 23722 6129774592 "GET /api/v1/product-requests/orders/ HTTP/1.1" 429 143
WARNING 2025-09-03 06:06:56,315 log 23722 6129774592 Too Many Requests: /api/v1/product-requests/orders/
WARNING 2025-09-03 06:06:56,316 basehttp 23722 6129774592 "GET /api/v1/product-requests/orders/ HTTP/1.1" 429 143
WARNING 2025-09-03 06:07:16,326 log 23722 6129774592 Too Many Requests: /api/v1/product-requests/orders/
WARNING 2025-09-03 06:07:16,327 basehttp 23722 6129774592 "GET /api/v1/product-requests/orders/ HTTP/1.1" 429 143
WARNING 2025-09-03 06:07:36,313 log 23722 6129774592 Too Many Requests: /api/v1/product-requests/orders/
WARNING 2025-09-03 06:07:36,314 basehttp 23722 6129774592 "GET /api/v1/product-requests/orders/ HTTP/1.1" 429 141
WARNING 2025-09-03 06:07:56,306 log 23722 6129774592 Too Many Requests: /api/v1/product-requests/orders/
WARNING 2025-09-03 06:07:56,309 basehttp 23722 6129774592 "GET /api/v1/product-requests/orders/ HTTP/1.1" 429 141
WARNING 2025-09-03 06:08:16,330 log 23722 6129774592 Too Many Requests: /api/v1/product-requests/orders/
WARNING 2025-09-03 06:08:16,331 basehttp 23722 6129774592 "GET /api/v1/product-requests/orders/ HTTP/1.1" 429 141
WARNING 2025-09-03 06:08:36,317 log 23722 6129774592 Too Many Requests: /api/v1/product-requests/orders/
WARNING 2025-09-03 06:08:36,318 basehttp 23722 6129774592 "GET /api/v1/product-requests/orders/ HTTP/1.1" 429 141
WARNING 2025-09-03 06:08:56,319 log 23722 6129774592 Too Many Requests: /api/v1/product-requests/orders/
WARNING 2025-09-03 06:08:56,319 basehttp 23722 6129774592 "GET /api/v1/product-requests/orders/ HTTP/1.1" 429 141
WARNING 2025-09-03 06:09:16,342 log 23722 6129774592 Too Many Requests: /api/v1/product-requests/orders/
WARNING 2025-09-03 06:09:16,343 basehttp 23722 6129774592 "GET /api/v1/product-requests/orders/ HTTP/1.1" 429 141
WARNING 2025-09-03 06:09:36,319 log 23722 6129774592 Too Many Requests: /api/v1/product-requests/orders/
WARNING 2025-09-03 06:09:36,319 basehttp 23722 6129774592 "GET /api/v1/product-requests/orders/ HTTP/1.1" 429 141
WARNING 2025-09-03 06:09:56,321 log 23722 6129774592 Too Many Requests: /api/v1/product-requests/orders/
WARNING 2025-09-03 06:09:56,322 basehttp 23722 6129774592 "GET /api/v1/product-requests/orders/ HTTP/1.1" 429 141
WARNING 2025-09-03 06:10:16,312 log 23722 6129774592 Too Many Requests: /api/v1/product-requests/orders/
WARNING 2025-09-03 06:10:16,313 basehttp 23722 6129774592 "GET /api/v1/product-requests/orders/ HTTP/1.1" 429 141
WARNING 2025-09-03 06:10:36,310 log 23722 6129774592 Too Many Requests: /api/v1/product-requests/orders/
WARNING 2025-09-03 06:10:36,311 basehttp 23722 6129774592 "GET /api/v1/product-requests/orders/ HTTP/1.1" 429 141
WARNING 2025-09-03 06:10:56,311 log 23722 6129774592 Too Many Requests: /api/v1/product-requests/orders/
WARNING 2025-09-03 06:10:56,312 basehttp 23722 6129774592 "GET /api/v1/product-requests/orders/ HTTP/1.1" 429 141
WARNING 2025-09-03 06:11:16,300 log 23722 6129774592 Too Many Requests: /api/v1/product-requests/orders/
WARNING 2025-09-03 06:11:16,301 basehttp 23722 6129774592 "GET /api/v1/product-requests/orders/ HTTP/1.1" 429 141
WARNING 2025-09-03 06:11:36,336 log 23722 6129774592 Too Many Requests: /api/v1/product-requests/orders/
WARNING 2025-09-03 06:11:36,337 basehttp 23722 6129774592 "GET /api/v1/product-requests/orders/ HTTP/1.1" 429 141
WARNING 2025-09-03 06:11:56,332 log 23722 6129774592 Too Many Requests: /api/v1/product-requests/orders/
WARNING 2025-09-03 06:11:56,333 basehttp 23722 6129774592 "GET /api/v1/product-requests/orders/ HTTP/1.1" 429 141
WARNING 2025-09-03 06:12:16,345 log 23722 6129774592 Too Many Requests: /api/v1/product-requests/orders/
WARNING 2025-09-03 06:12:16,346 basehttp 23722 6129774592 "GET /api/v1/product-requests/orders/ HTTP/1.1" 429 141
WARNING 2025-09-03 06:12:36,329 log 23722 6129774592 Too Many Requests: /api/v1/product-requests/orders/
WARNING 2025-09-03 06:12:36,332 basehttp 23722 6129774592 "GET /api/v1/product-requests/orders/ HTTP/1.1" 429 141
WARNING 2025-09-03 06:12:56,305 log 23722 6129774592 Too Many Requests: /api/v1/product-requests/orders/
WARNING 2025-09-03 06:12:56,306 basehttp 23722 6129774592 "GET /api/v1/product-requests/orders/ HTTP/1.1" 429 141
WARNING 2025-09-03 06:13:16,340 log 23722 6129774592 Too Many Requests: /api/v1/product-requests/orders/
WARNING 2025-09-03 06:13:16,340 basehttp 23722 6129774592 "GET /api/v1/product-requests/orders/ HTTP/1.1" 429 141
WARNING 2025-09-03 06:13:36,335 log 23722 6129774592 Too Many Requests: /api/v1/product-requests/orders/
WARNING 2025-09-03 06:13:36,336 basehttp 23722 6129774592 "GET /api/v1/product-requests/orders/ HTTP/1.1" 429 141
WARNING 2025-09-03 06:13:56,322 log 23722 6129774592 Too Many Requests: /api/v1/product-requests/orders/
WARNING 2025-09-03 06:13:56,323 basehttp 23722 6129774592 "GET /api/v1/product-requests/orders/ HTTP/1.1" 429 141
WARNING 2025-09-03 06:14:16,339 log 23722 6129774592 Too Many Requests: /api/v1/product-requests/orders/
WARNING 2025-09-03 06:14:16,340 basehttp 23722 6129774592 "GET /api/v1/product-requests/orders/ HTTP/1.1" 429 141
WARNING 2025-09-03 06:14:36,318 log 23722 6129774592 Too Many Requests: /api/v1/product-requests/orders/
WARNING 2025-09-03 06:14:36,319 basehttp 23722 6129774592 "GET /api/v1/product-requests/orders/ HTTP/1.1" 429 141
WARNING 2025-09-03 06:14:56,319 log 23722 6129774592 Too Many Requests: /api/v1/product-requests/orders/
WARNING 2025-09-03 06:14:56,320 basehttp 23722 6129774592 "GET /api/v1/product-requests/orders/ HTTP/1.1" 429 141
WARNING 2025-09-03 06:15:16,310 log 23722 6129774592 Too Many Requests: /api/v1/product-requests/orders/
WARNING 2025-09-03 06:15:16,311 basehttp 23722 6129774592 "GET /api/v1/product-requests/orders/ HTTP/1.1" 429 141
WARNING 2025-09-03 06:15:36,300 log 23722 6129774592 Too Many Requests: /api/v1/product-requests/orders/
WARNING 2025-09-03 06:15:36,303 basehttp 23722 6129774592 "GET /api/v1/product-requests/orders/ HTTP/1.1" 429 141
WARNING 2025-09-03 06:15:56,327 log 23722 6129774592 Too Many Requests: /api/v1/product-requests/orders/
WARNING 2025-09-03 06:15:56,327 basehttp 23722 6129774592 "GET /api/v1/product-requests/orders/ HTTP/1.1" 429 141
WARNING 2025-09-03 06:16:16,309 log 23722 6129774592 Too Many Requests: /api/v1/product-requests/orders/
WARNING 2025-09-03 06:16:16,310 basehttp 23722 6129774592 "GET /api/v1/product-requests/orders/ HTTP/1.1" 429 141
WARNING 2025-09-03 06:16:36,311 log 23722 6129774592 Too Many Requests: /api/v1/product-requests/orders/
WARNING 2025-09-03 06:16:36,312 basehttp 23722 6129774592 "GET /api/v1/product-requests/orders/ HTTP/1.1" 429 141
WARNING 2025-09-03 06:16:56,309 log 23722 6129774592 Too Many Requests: /api/v1/product-requests/orders/
WARNING 2025-09-03 06:16:56,310 basehttp 23722 6129774592 "GET /api/v1/product-requests/orders/ HTTP/1.1" 429 141
WARNING 2025-09-03 06:17:16,313 log 23722 6129774592 Too Many Requests: /api/v1/product-requests/orders/
WARNING 2025-09-03 06:17:16,314 basehttp 23722 6129774592 "GET /api/v1/product-requests/orders/ HTTP/1.1" 429 141
WARNING 2025-09-03 06:17:36,314 log 23722 6129774592 Too Many Requests: /api/v1/product-requests/orders/
WARNING 2025-09-03 06:17:36,315 basehttp 23722 6129774592 "GET /api/v1/product-requests/orders/ HTTP/1.1" 429 141
WARNING 2025-09-03 06:17:56,314 log 23722 6129774592 Too Many Requests: /api/v1/product-requests/orders/
WARNING 2025-09-03 06:17:56,315 basehttp 23722 6129774592 "GET /api/v1/product-requests/orders/ HTTP/1.1" 429 141
WARNING 2025-09-03 06:18:16,334 log 23722 6129774592 Too Many Requests: /api/v1/product-requests/orders/
WARNING 2025-09-03 06:18:16,334 basehttp 23722 6129774592 "GET /api/v1/product-requests/orders/ HTTP/1.1" 429 141
WARNING 2025-09-03 06:18:36,324 log 23722 6129774592 Too Many Requests: /api/v1/product-requests/orders/
WARNING 2025-09-03 06:18:36,325 basehttp 23722 6129774592 "GET /api/v1/product-requests/orders/ HTTP/1.1" 429 141
WARNING 2025-09-03 06:18:56,315 log 23722 6129774592 Too Many Requests: /api/v1/product-requests/orders/
WARNING 2025-09-03 06:18:56,317 basehttp 23722 6129774592 "GET /api/v1/product-requests/orders/ HTTP/1.1" 429 141
WARNING 2025-09-03 06:19:16,312 log 23722 6129774592 Too Many Requests: /api/v1/product-requests/orders/
WARNING 2025-09-03 06:19:16,312 basehttp 23722 6129774592 "GET /api/v1/product-requests/orders/ HTTP/1.1" 429 141
WARNING 2025-09-03 06:19:36,340 log 23722 6129774592 Too Many Requests: /api/v1/product-requests/orders/
WARNING 2025-09-03 06:19:36,341 basehttp 23722 6129774592 "GET /api/v1/product-requests/orders/ HTTP/1.1" 429 141
WARNING 2025-09-03 06:19:56,342 log 23722 6129774592 Too Many Requests: /api/v1/product-requests/orders/
WARNING 2025-09-03 06:19:56,343 basehttp 23722 6129774592 "GET /api/v1/product-requests/orders/ HTTP/1.1" 429 141
WARNING 2025-09-03 06:20:16,310 log 23722 6129774592 Too Many Requests: /api/v1/product-requests/orders/
WARNING 2025-09-03 06:20:16,311 basehttp 23722 6129774592 "GET /api/v1/product-requests/orders/ HTTP/1.1" 429 141
WARNING 2025-09-03 06:20:36,309 log 23722 6129774592 Too Many Requests: /api/v1/product-requests/orders/
WARNING 2025-09-03 06:20:36,310 basehttp 23722 6129774592 "GET /api/v1/product-requests/orders/ HTTP/1.1" 429 141
WARNING 2025-09-03 06:20:56,325 log 23722 6129774592 Too Many Requests: /api/v1/product-requests/orders/
WARNING 2025-09-03 06:20:56,326 basehttp 23722 6129774592 "GET /api/v1/product-requests/orders/ HTTP/1.1" 429 141
WARNING 2025-09-03 06:21:16,311 log 23722 6129774592 Too Many Requests: /api/v1/product-requests/orders/
WARNING 2025-09-03 06:21:16,312 basehttp 23722 6129774592 "GET /api/v1/product-requests/orders/ HTTP/1.1" 429 141
WARNING 2025-09-03 06:21:36,337 log 23722 6129774592 Too Many Requests: /api/v1/product-requests/orders/
WARNING 2025-09-03 06:21:36,338 basehttp 23722 6129774592 "GET /api/v1/product-requests/orders/ HTTP/1.1" 429 141
WARNING 2025-09-03 06:21:56,396 log 23722 6129774592 Too Many Requests: /api/v1/product-requests/orders/
WARNING 2025-09-03 06:21:56,397 basehttp 23722 6129774592 "GET /api/v1/product-requests/orders/ HTTP/1.1" 429 141
WARNING 2025-09-03 06:22:16,387 log 23722 6129774592 Too Many Requests: /api/v1/product-requests/orders/
WARNING 2025-09-03 06:22:16,388 basehttp 23722 6129774592 "GET /api/v1/product-requests/orders/ HTTP/1.1" 429 141
WARNING 2025-09-03 06:22:36,394 log 23722 6129774592 Too Many Requests: /api/v1/product-requests/orders/
WARNING 2025-09-03 06:22:36,395 basehttp 23722 6129774592 "GET /api/v1/product-requests/orders/ HTTP/1.1" 429 139
WARNING 2025-09-03 06:22:56,392 log 23722 6129774592 Too Many Requests: /api/v1/product-requests/orders/
WARNING 2025-09-03 06:22:56,393 basehttp 23722 6129774592 "GET /api/v1/product-requests/orders/ HTTP/1.1" 429 139
WARNING 2025-09-03 06:23:16,390 log 23722 6129774592 Too Many Requests: /api/v1/product-requests/orders/
WARNING 2025-09-03 06:23:16,390 basehttp 23722 6129774592 "GET /api/v1/product-requests/orders/ HTTP/1.1" 429 139
WARNING 2025-09-03 06:23:36,394 log 23722 6129774592 Too Many Requests: /api/v1/product-requests/orders/
WARNING 2025-09-03 06:23:36,395 basehttp 23722 6129774592 "GET /api/v1/product-requests/orders/ HTTP/1.1" 429 139
WARNING 2025-09-03 06:23:56,388 log 23722 6129774592 Too Many Requests: /api/v1/product-requests/orders/
WARNING 2025-09-03 06:23:56,388 basehttp 23722 6129774592 "GET /api/v1/product-requests/orders/ HTTP/1.1" 429 139
INFO 2025-09-03 06:24:16,377 basehttp 23722 6129774592 "GET /api/v1/product-requests/orders/ HTTP/1.1" 200 2517
WARNING 2025-09-03 06:24:36,366 log 23722 6129774592 Too Many Requests: /api/v1/product-requests/orders/
WARNING 2025-09-03 06:24:36,367 basehttp 23722 6129774592 "GET /api/v1/product-requests/orders/ HTTP/1.1" 429 141
WARNING 2025-09-03 06:24:56,393 log 23722 6129774592 Too Many Requests: /api/v1/product-requests/orders/
WARNING 2025-09-03 06:24:56,395 basehttp 23722 6129774592 "GET /api/v1/product-requests/orders/ HTTP/1.1" 429 141
WARNING 2025-09-03 06:25:16,364 log 23722 6129774592 Too Many Requests: /api/v1/product-requests/orders/
WARNING 2025-09-03 06:25:16,364 basehttp 23722 6129774592 "GET /api/v1/product-requests/orders/ HTTP/1.1" 429 141
WARNING 2025-09-03 06:25:36,376 log 23722 6129774592 Too Many Requests: /api/v1/product-requests/orders/
WARNING 2025-09-03 06:25:36,376 basehttp 23722 6129774592 "GET /api/v1/product-requests/orders/ HTTP/1.1" 429 141
WARNING 2025-09-03 06:25:56,377 log 23722 6129774592 Too Many Requests: /api/v1/product-requests/orders/
WARNING 2025-09-03 06:25:56,380 basehttp 23722 6129774592 "GET /api/v1/product-requests/orders/ HTTP/1.1" 429 141
INFO 2025-09-03 12:33:31,778 basehttp 23722 6129774592 "GET /admin/ HTTP/1.1" 200 35922
INFO 2025-09-03 12:33:31,805 basehttp 23722 6129774592 "GET /static/admin/css/base.css HTTP/1.1" 304 0
INFO 2025-09-03 12:33:31,806 basehttp 23722 6146600960 "GET /static/admin/css/dark_mode.css HTTP/1.1" 304 0
INFO 2025-09-03 12:33:31,807 basehttp 23722 13035925504 "GET /static/admin/css/responsive.css HTTP/1.1" 304 0
INFO 2025-09-03 12:33:31,807 basehttp 23722 6163427328 "GET /static/admin/js/theme.js HTTP/1.1" 304 0
INFO 2025-09-03 12:33:31,808 basehttp 23722 13052751872 "GET /static/admin/css/nav_sidebar.css HTTP/1.1" 304 0
INFO 2025-09-03 12:33:31,808 basehttp 23722 13069578240 "GET /static/admin/css/dashboard.css HTTP/1.1" 304 0
INFO 2025-09-03 12:33:31,812 basehttp 23722 13069578240 "GET /static/admin/js/nav_sidebar.js HTTP/1.1" 304 0
INFO 2025-09-03 12:33:31,814 basehttp 23722 13052751872 "GET /static/admin/img/icon-addlink.svg HTTP/1.1" 304 0
INFO 2025-09-03 12:33:31,814 basehttp 23722 13069578240 "GET /static/admin/img/icon-changelink.svg HTTP/1.1" 304 0
INFO 2025-09-03 12:33:31,815 basehttp 23722 13069578240 "GET /static/admin/img/icon-deletelink.svg HTTP/1.1" 304 0
INFO 2025-09-03 12:41:18,194 basehttp 23722 6129774592 "GET /admin/product_requests/order/ HTTP/1.1" 200 37510
INFO 2025-09-03 14:37:51,339 autoreload 23722 8517256640 /Users/thulanimoyo/MEGA downloads/new downloads/BIDR_Backend/product_management_service/product_requests/views.py changed, reloading.
INFO 2025-09-03 14:37:52,572 autoreload 45239 8517256640 Watching for file changes with StatReloader
INFO 2025-09-03 14:38:19,014 autoreload 45239 8517256640 /Users/thulanimoyo/MEGA downloads/new downloads/BIDR_Backend/product_management_service/product_requests/views.py changed, reloading.
INFO 2025-09-03 14:38:19,768 autoreload 45380 8517256640 Watching for file changes with StatReloader
INFO 2025-09-03 18:22:56,810 autoreload 45380 8517256640 /Users/thulanimoyo/MEGA downloads/new downloads/BIDR_Backend/product_management_service/product_management_service/settings.py changed, reloading.
INFO 2025-09-03 18:22:57,375 autoreload 31783 8517256640 /Users/thulanimoyo/MEGA downloads/new downloads/BIDR_Backend/product_management_service/product_management_service/settings.py changed, reloading.
INFO 2025-09-03 18:22:57,408 autoreload 23901 8517256640 /Users/thulanimoyo/MEGA downloads/new downloads/BIDR_Backend/product_management_service/product_management_service/settings.py changed, reloading.
INFO 2025-09-03 18:22:57,679 autoreload 20939 8517256640 Watching for file changes with StatReloader
INFO 2025-09-03 18:22:58,066 autoreload 20957 8517256640 Watching for file changes with StatReloader
INFO 2025-09-03 18:22:58,268 autoreload 20958 8517256640 Watching for file changes with StatReloader
INFO 2025-09-03 19:31:32,664 autoreload 20939 8517256640 /Users/thulanimoyo/MEGA downloads/new downloads/BIDR_Backend/product_management_service/product_management_service/settings.py changed, reloading.
INFO 2025-09-03 19:31:33,300 autoreload 48322 8517256640 Watching for file changes with StatReloader
INFO 2025-09-03 21:38:53,463 autoreload 48322 8517256640 /Users/thulanimoyo/MEGA downloads/new downloads/BIDR_Backend/product_management_service/product_management_service/settings.py changed, reloading.
INFO 2025-09-03 21:38:54,305 autoreload 75974 8517256640 Watching for file changes with StatReloader
INFO 2025-09-03 21:42:40,755 autoreload 75974 8517256640 /Users/thulanimoyo/MEGA downloads/new downloads/BIDR_Backend/product_management_service/product_management_service/settings.py changed, reloading.
INFO 2025-09-03 21:42:41,288 autoreload 77505 8517256640 Watching for file changes with StatReloader
INFO 2025-09-03 21:42:46,740 autoreload 77505 8517256640 /Users/thulanimoyo/MEGA downloads/new downloads/BIDR_Backend/product_management_service/product_management_service/settings.py changed, reloading.
INFO 2025-09-03 21:42:47,016 autoreload 77553 8517256640 Watching for file changes with StatReloader
INFO 2025-09-03 21:42:52,455 autoreload 77553 8517256640 /Users/thulanimoyo/MEGA downloads/new downloads/BIDR_Backend/product_management_service/product_management_service/settings.py changed, reloading.
INFO 2025-09-03 21:42:52,764 autoreload 77611 8517256640 Watching for file changes with StatReloader
INFO 2025-09-03 21:46:47,639 basehttp 77611 6192115712 "OPTIONS /api/v1/product-requests/requests/by_auth_user/?auth_user_uid=7b186537-5f40-43fc-8545-09f04dcc7c84 HTTP/1.1" 200 0
INFO 2025-09-03 21:46:47,765 basehttp 77611 6192115712 "GET /api/v1/product-requests/requests/by_auth_user/?auth_user_uid=7b186537-5f40-43fc-8545-09f04dcc7c84 HTTP/1.1" 200 3460
INFO 2025-09-03 21:46:50,569 basehttp 77611 6208942080 "OPTIONS /api/v1/product-requests/orders/ HTTP/1.1" 200 0
INFO 2025-09-03 21:46:50,599 basehttp 77611 6208942080 "GET /api/v1/product-requests/orders/ HTTP/1.1" 200 2517
INFO 2025-09-03 21:46:52,158 basehttp 77611 6208942080 "GET /api/v1/product-requests/orders/ HTTP/1.1" 200 2517
INFO 2025-09-03 21:46:52,864 basehttp 77611 6208942080 "GET /api/v1/product-requests/orders/ HTTP/1.1" 200 2517
INFO 2025-09-03 21:46:53,541 basehttp 77611 6208942080 "GET /api/v1/product-requests/orders/ HTTP/1.1" 200 2517
INFO 2025-09-03 21:47:05,178 basehttp 77611 6208942080 "GET /api/v1/product-requests/orders/ HTTP/1.1" 200 2517
INFO 2025-09-03 21:47:07,499 basehttp 77611 6208942080 "GET /api/v1/product-requests/orders/ HTTP/1.1" 200 2517
INFO 2025-09-03 21:47:27,547 basehttp 77611 6208942080 "GET /api/v1/product-requests/orders/ HTTP/1.1" 200 2517
INFO 2025-09-03 21:47:47,535 basehttp 77611 6208942080 "GET /api/v1/product-requests/orders/ HTTP/1.1" 200 2517
INFO 2025-09-03 21:48:07,524 basehttp 77611 6208942080 "GET /api/v1/product-requests/orders/ HTTP/1.1" 200 2517
INFO 2025-09-03 21:48:27,535 basehttp 77611 6208942080 "GET /api/v1/product-requests/orders/ HTTP/1.1" 200 2517
INFO 2025-09-03 21:48:47,548 basehttp 77611 6208942080 "GET /api/v1/product-requests/orders/ HTTP/1.1" 200 2517
INFO 2025-09-03 21:49:07,509 basehttp 77611 6208942080 "GET /api/v1/product-requests/orders/ HTTP/1.1" 200 2517
INFO 2025-09-03 21:49:27,567 basehttp 77611 6208942080 "GET /api/v1/product-requests/orders/ HTTP/1.1" 200 2517
INFO 2025-09-03 21:49:47,560 basehttp 77611 6208942080 "GET /api/v1/product-requests/orders/ HTTP/1.1" 200 2517
INFO 2025-09-03 21:50:07,545 basehttp 77611 6208942080 "GET /api/v1/product-requests/orders/ HTTP/1.1" 200 2517
INFO 2025-09-03 21:50:27,557 basehttp 77611 6208942080 "GET /api/v1/product-requests/orders/ HTTP/1.1" 200 2517
INFO 2025-09-03 21:50:47,569 basehttp 77611 6208942080 "GET /api/v1/product-requests/orders/ HTTP/1.1" 200 2517
INFO 2025-09-03 21:51:07,559 basehttp 77611 6208942080 "GET /api/v1/product-requests/orders/ HTTP/1.1" 200 2517
INFO 2025-09-03 21:51:27,566 basehttp 77611 6208942080 "GET /api/v1/product-requests/orders/ HTTP/1.1" 200 2517
INFO 2025-09-03 21:51:47,539 basehttp 77611 6208942080 "GET /api/v1/product-requests/orders/ HTTP/1.1" 200 2517
INFO 2025-09-03 21:52:07,440 basehttp 77611 6208942080 "GET /api/v1/product-requests/orders/ HTTP/1.1" 200 2517
INFO 2025-09-03 21:52:27,431 basehttp 77611 6208942080 "GET /api/v1/product-requests/orders/ HTTP/1.1" 200 2517
INFO 2025-09-03 21:52:47,524 basehttp 77611 6208942080 "GET /api/v1/product-requests/orders/ HTTP/1.1" 200 2517
INFO 2025-09-03 21:53:07,457 basehttp 77611 6192115712 "GET /api/v1/product-requests/orders/ HTTP/1.1" 200 2517
INFO 2025-09-03 21:53:27,459 basehttp 77611 6192115712 "GET /api/v1/product-requests/orders/ HTTP/1.1" 200 2517
INFO 2025-09-03 21:53:47,466 basehttp 77611 6192115712 "GET /api/v1/product-requests/orders/ HTTP/1.1" 200 2517
INFO 2025-09-03 21:53:48,137 autoreload 77611 8517256640 /Users/thulanimoyo/MEGA downloads/new downloads/BIDR_Backend/product_management_service/product_management_service/settings.py changed, reloading.
INFO 2025-09-03 21:53:48,788 autoreload 82387 8517256640 Watching for file changes with StatReloader
INFO 2025-09-03 21:54:07,443 basehttp 82387 6202355712 "GET /api/v1/product-requests/orders/ HTTP/1.1" 200 2517
INFO 2025-09-03 21:54:27,430 basehttp 82387 6202355712 "GET /api/v1/product-requests/orders/ HTTP/1.1" 200 2517
INFO 2025-09-03 21:54:47,453 basehttp 82387 6202355712 "GET /api/v1/product-requests/orders/ HTTP/1.1" 200 2517
INFO 2025-09-03 21:55:07,456 basehttp 82387 6202355712 "GET /api/v1/product-requests/orders/ HTTP/1.1" 200 2517
INFO 2025-09-03 21:55:27,441 basehttp 82387 6202355712 "GET /api/v1/product-requests/orders/ HTTP/1.1" 200 2517
INFO 2025-09-03 21:55:47,440 basehttp 82387 6202355712 "GET /api/v1/product-requests/orders/ HTTP/1.1" 200 2517
INFO 2025-09-03 21:56:07,471 basehttp 82387 6202355712 "GET /api/v1/product-requests/orders/ HTTP/1.1" 200 2517
INFO 2025-09-03 21:56:27,457 basehttp 82387 6202355712 "GET /api/v1/product-requests/orders/ HTTP/1.1" 200 2517
INFO 2025-09-03 21:56:47,183 autoreload 82387 8517256640 /Users/thulanimoyo/MEGA downloads/new downloads/BIDR_Backend/product_management_service/product_management_service/settings.py changed, reloading.
INFO 2025-09-03 21:56:47,682 autoreload 84003 8517256640 Watching for file changes with StatReloader
INFO 2025-09-03 21:57:07,488 basehttp 84003 6198161408 "GET /api/v1/product-requests/orders/ HTTP/1.1" 200 2517
INFO 2025-09-03 21:57:27,444 basehttp 84003 6198161408 "GET /api/v1/product-requests/orders/ HTTP/1.1" 200 2517
INFO 2025-09-03 21:57:27,650 autoreload 84003 8517256640 /Users/thulanimoyo/MEGA downloads/new downloads/BIDR_Backend/product_management_service/product_management_service/settings.py changed, reloading.
INFO 2025-09-03 21:57:28,156 autoreload 84380 8517256640 Watching for file changes with StatReloader
INFO 2025-09-03 21:57:47,448 basehttp 84380 6162411520 "GET /api/v1/product-requests/orders/ HTTP/1.1" 200 2517
INFO 2025-09-03 21:58:07,456 basehttp 84380 6162411520 "GET /api/v1/product-requests/orders/ HTTP/1.1" 200 2517
INFO 2025-09-03 21:58:27,446 basehttp 84380 6162411520 "GET /api/v1/product-requests/orders/ HTTP/1.1" 200 2517
INFO 2025-09-03 21:58:47,456 basehttp 84380 6162411520 "GET /api/v1/product-requests/orders/ HTTP/1.1" 200 2517
INFO 2025-09-03 21:59:07,431 basehttp 84380 6162411520 "GET /api/v1/product-requests/orders/ HTTP/1.1" 200 2517
INFO 2025-09-03 21:59:27,447 basehttp 84380 6162411520 "GET /api/v1/product-requests/orders/ HTTP/1.1" 200 2517
INFO 2025-09-03 21:59:47,452 basehttp 84380 6162411520 "GET /api/v1/product-requests/orders/ HTTP/1.1" 200 2517
INFO 2025-09-03 22:00:07,441 basehttp 84380 6162411520 "GET /api/v1/product-requests/orders/ HTTP/1.1" 200 2517
INFO 2025-09-03 22:00:27,444 basehttp 84380 6162411520 "GET /api/v1/product-requests/orders/ HTTP/1.1" 200 2517
INFO 2025-09-03 22:00:47,457 basehttp 84380 6162411520 "GET /api/v1/product-requests/orders/ HTTP/1.1" 200 2517
INFO 2025-09-03 22:01:07,447 basehttp 84380 6162411520 "GET /api/v1/product-requests/orders/ HTTP/1.1" 200 2517
INFO 2025-09-03 22:01:27,442 basehttp 84380 6162411520 "GET /api/v1/product-requests/orders/ HTTP/1.1" 200 2517
INFO 2025-09-03 22:01:47,422 basehttp 84380 6162411520 "GET /api/v1/product-requests/orders/ HTTP/1.1" 200 2517
INFO 2025-09-03 22:02:07,446 basehttp 84380 6162411520 "GET /api/v1/product-requests/orders/ HTTP/1.1" 200 2517
INFO 2025-09-03 22:02:27,445 basehttp 84380 6162411520 "GET /api/v1/product-requests/orders/ HTTP/1.1" 200 2517
INFO 2025-09-03 22:02:47,453 basehttp 84380 6162411520 "GET /api/v1/product-requests/orders/ HTTP/1.1" 200 2517
INFO 2025-09-03 22:03:07,452 basehttp 84380 6162411520 "GET /api/v1/product-requests/orders/ HTTP/1.1" 200 2517
INFO 2025-09-03 22:03:27,448 basehttp 84380 6162411520 "GET /api/v1/product-requests/orders/ HTTP/1.1" 200 2517
INFO 2025-09-03 22:03:47,438 basehttp 84380 6162411520 "GET /api/v1/product-requests/orders/ HTTP/1.1" 200 2517
INFO 2025-09-03 22:04:07,458 basehttp 84380 6162411520 "GET /api/v1/product-requests/orders/ HTTP/1.1" 200 2517
INFO 2025-09-03 22:04:27,442 basehttp 84380 6162411520 "GET /api/v1/product-requests/orders/ HTTP/1.1" 200 2517
INFO 2025-09-03 22:04:47,439 basehttp 84380 6162411520 "GET /api/v1/product-requests/orders/ HTTP/1.1" 200 2517
INFO 2025-09-03 22:05:07,448 basehttp 84380 6162411520 "GET /api/v1/product-requests/orders/ HTTP/1.1" 200 2517
INFO 2025-09-03 22:05:27,437 basehttp 84380 6162411520 "GET /api/v1/product-requests/orders/ HTTP/1.1" 200 2517
INFO 2025-09-03 22:05:47,511 basehttp 84380 6162411520 "GET /api/v1/product-requests/orders/ HTTP/1.1" 200 2517
INFO 2025-09-03 22:06:07,472 basehttp 84380 6162411520 "GET /api/v1/product-requests/orders/ HTTP/1.1" 200 2517
INFO 2025-09-03 22:06:27,434 basehttp 84380 6162411520 "GET /api/v1/product-requests/orders/ HTTP/1.1" 200 2517
INFO 2025-09-03 22:06:34,088 autoreload 84380 8517256640 /Users/thulanimoyo/MEGA downloads/new downloads/BIDR_Backend/product_management_service/product_management_service/settings.py changed, reloading.
INFO 2025-09-03 22:06:34,634 autoreload 87923 8517256640 Watching for file changes with StatReloader
INFO 2025-09-03 22:06:47,455 basehttp 87923 6171389952 "GET /api/v1/product-requests/orders/ HTTP/1.1" 200 2517
INFO 2025-09-03 22:07:07,437 basehttp 87923 6171389952 "GET /api/v1/product-requests/orders/ HTTP/1.1" 200 2517
INFO 2025-09-03 22:07:27,426 basehttp 87923 6171389952 "GET /api/v1/product-requests/orders/ HTTP/1.1" 200 2517
INFO 2025-09-03 22:07:47,454 basehttp 87923 6171389952 "GET /api/v1/product-requests/orders/ HTTP/1.1" 200 2517
INFO 2025-09-03 22:08:07,440 basehttp 87923 6171389952 "GET /api/v1/product-requests/orders/ HTTP/1.1" 200 2517
INFO 2025-09-03 22:08:27,471 basehttp 87923 6171389952 "GET /api/v1/product-requests/orders/ HTTP/1.1" 200 2517
INFO 2025-09-03 22:08:47,482 basehttp 87923 6171389952 "GET /api/v1/product-requests/orders/ HTTP/1.1" 200 2517
INFO 2025-09-03 22:09:07,509 basehttp 87923 6171389952 "GET /api/v1/product-requests/orders/ HTTP/1.1" 200 2517
INFO 2025-09-03 22:09:27,479 basehttp 87923 6171389952 "GET /api/v1/product-requests/orders/ HTTP/1.1" 200 2517
INFO 2025-09-03 22:09:47,476 basehttp 87923 6171389952 "GET /api/v1/product-requests/orders/ HTTP/1.1" 200 2517
INFO 2025-09-03 22:10:07,491 basehttp 87923 6171389952 "GET /api/v1/product-requests/orders/ HTTP/1.1" 200 2517
INFO 2025-09-03 22:10:27,493 basehttp 87923 6171389952 "GET /api/v1/product-requests/orders/ HTTP/1.1" 200 2517
INFO 2025-09-03 22:10:47,478 basehttp 87923 6171389952 "GET /api/v1/product-requests/orders/ HTTP/1.1" 200 2517
INFO 2025-09-03 22:11:07,493 basehttp 87923 6171389952 "GET /api/v1/product-requests/orders/ HTTP/1.1" 200 2517
INFO 2025-09-03 22:11:27,470 basehttp 87923 6171389952 "GET /api/v1/product-requests/orders/ HTTP/1.1" 200 2517
INFO 2025-09-03 22:11:47,486 basehttp 87923 6171389952 "GET /api/v1/product-requests/orders/ HTTP/1.1" 200 2517
INFO 2025-09-03 22:12:07,496 basehttp 87923 6171389952 "GET /api/v1/product-requests/orders/ HTTP/1.1" 200 2517
INFO 2025-09-03 22:12:27,488 basehttp 87923 6171389952 "GET /api/v1/product-requests/orders/ HTTP/1.1" 200 2517
INFO 2025-09-03 22:12:47,502 basehttp 87923 6171389952 "GET /api/v1/product-requests/orders/ HTTP/1.1" 200 2517
INFO 2025-09-03 22:13:07,472 basehttp 87923 6171389952 "GET /api/v1/product-requests/orders/ HTTP/1.1" 200 2517
INFO 2025-09-03 22:13:27,476 basehttp 87923 6171389952 "GET /api/v1/product-requests/orders/ HTTP/1.1" 200 2517
INFO 2025-09-03 22:13:47,494 basehttp 87923 6171389952 "GET /api/v1/product-requests/orders/ HTTP/1.1" 200 2517
INFO 2025-09-03 22:14:07,477 basehttp 87923 6171389952 "GET /api/v1/product-requests/orders/ HTTP/1.1" 200 2517
INFO 2025-09-03 22:14:27,486 basehttp 87923 6171389952 "GET /api/v1/product-requests/orders/ HTTP/1.1" 200 2517
INFO 2025-09-03 22:14:47,475 basehttp 87923 6171389952 "GET /api/v1/product-requests/orders/ HTTP/1.1" 200 2517
INFO 2025-09-03 22:15:07,464 basehttp 87923 6171389952 "GET /api/v1/product-requests/orders/ HTTP/1.1" 200 2517
INFO 2025-09-03 22:15:27,493 basehttp 87923 6171389952 "GET /api/v1/product-requests/orders/ HTTP/1.1" 200 2517
INFO 2025-09-03 22:15:39,452 autoreload 87923 8517256640 /Users/thulanimoyo/MEGA downloads/new downloads/BIDR_Backend/product_management_service/product_management_service/settings.py changed, reloading.
INFO 2025-09-03 22:15:39,931 autoreload 91588 8517256640 Watching for file changes with StatReloader
INFO 2025-09-03 22:15:47,494 basehttp 91588 6134689792 "GET /api/v1/product-requests/orders/ HTTP/1.1" 200 2517
INFO 2025-09-03 22:16:07,476 basehttp 91588 6134689792 "GET /api/v1/product-requests/orders/ HTTP/1.1" 200 2517
INFO 2025-09-03 22:16:27,450 basehttp 91588 6134689792 "GET /api/v1/product-requests/orders/ HTTP/1.1" 200 2517
INFO 2025-09-03 22:16:47,463 basehttp 91588 6134689792 "GET /api/v1/product-requests/orders/ HTTP/1.1" 200 2517
INFO 2025-09-03 22:17:07,469 basehttp 91588 6134689792 "GET /api/v1/product-requests/orders/ HTTP/1.1" 200 2517
INFO 2025-09-03 22:17:27,487 basehttp 91588 6134689792 "GET /api/v1/product-requests/orders/ HTTP/1.1" 200 2517
INFO 2025-09-03 22:17:47,478 basehttp 91588 6134689792 "GET /api/v1/product-requests/orders/ HTTP/1.1" 200 2517
INFO 2025-09-03 22:18:07,481 basehttp 91588 6134689792 "GET /api/v1/product-requests/orders/ HTTP/1.1" 200 2517
INFO 2025-09-03 22:18:23,669 autoreload 91588 8517256640 /Users/thulanimoyo/MEGA downloads/new downloads/BIDR_Backend/product_management_service/product_management_service/settings.py changed, reloading.
INFO 2025-09-03 22:18:24,123 autoreload 92684 8517256640 Watching for file changes with StatReloader
INFO 2025-09-03 22:18:27,489 basehttp 92684 6165852160 "GET /api/v1/product-requests/orders/ HTTP/1.1" 200 2517
INFO 2025-09-03 22:18:30,662 autoreload 92684 8517256640 /Users/thulanimoyo/MEGA downloads/new downloads/BIDR_Backend/product_management_service/product_management_service/settings.py changed, reloading.
INFO 2025-09-03 22:18:31,027 autoreload 92733 8517256640 Watching for file changes with StatReloader
INFO 2025-09-03 22:18:47,469 basehttp 92733 6124482560 "GET /api/v1/product-requests/orders/ HTTP/1.1" 200 2517
INFO 2025-09-03 22:19:07,478 basehttp 92733 6124482560 "GET /api/v1/product-requests/orders/ HTTP/1.1" 200 2517
INFO 2025-09-03 22:19:27,493 basehttp 92733 6124482560 "GET /api/v1/product-requests/orders/ HTTP/1.1" 200 2517
INFO 2025-09-03 22:19:47,496 basehttp 92733 6124482560 "GET /api/v1/product-requests/orders/ HTTP/1.1" 200 2517
INFO 2025-09-03 22:20:07,484 basehttp 92733 6124482560 "GET /api/v1/product-requests/orders/ HTTP/1.1" 200 2517
INFO 2025-09-03 22:20:27,470 basehttp 92733 6124482560 "GET /api/v1/product-requests/orders/ HTTP/1.1" 200 2517
INFO 2025-09-03 22:20:47,478 basehttp 92733 6124482560 "GET /api/v1/product-requests/orders/ HTTP/1.1" 200 2517
INFO 2025-09-03 22:21:07,491 basehttp 92733 6124482560 "GET /api/v1/product-requests/orders/ HTTP/1.1" 200 2517
INFO 2025-09-03 22:21:27,477 basehttp 92733 6124482560 "GET /api/v1/product-requests/orders/ HTTP/1.1" 200 2517
INFO 2025-09-03 22:21:35,821 basehttp 92733 6124482560 "GET /api/v1/product-requests/orders/ HTTP/1.1" 200 2517
INFO 2025-09-03 22:21:37,154 basehttp 92733 6124482560 "GET /api/v1/product-requests/orders/ HTTP/1.1" 200 2517
INFO 2025-09-03 22:21:38,235 basehttp 92733 6124482560 "GET /api/v1/product-requests/orders/ HTTP/1.1" 200 2517
INFO 2025-09-03 22:21:39,197 basehttp 92733 6124482560 "GET /api/v1/product-requests/orders/ HTTP/1.1" 200 2517
INFO 2025-09-03 22:21:47,513 basehttp 92733 6124482560 "GET /api/v1/product-requests/orders/ HTTP/1.1" 200 2517
INFO 2025-09-03 22:22:07,445 basehttp 92733 6124482560 "GET /api/v1/product-requests/orders/ HTTP/1.1" 200 2517
INFO 2025-09-03 22:22:27,475 basehttp 92733 6124482560 "GET /api/v1/product-requests/orders/ HTTP/1.1" 200 2517
INFO 2025-09-03 22:22:47,462 basehttp 92733 6124482560 "GET /api/v1/product-requests/orders/ HTTP/1.1" 200 2517
INFO 2025-09-03 22:23:07,478 basehttp 92733 6124482560 "GET /api/v1/product-requests/orders/ HTTP/1.1" 200 2517
INFO 2025-09-03 22:23:27,477 basehttp 92733 6124482560 "GET /api/v1/product-requests/orders/ HTTP/1.1" 200 2517
INFO 2025-09-03 22:23:47,464 basehttp 92733 6124482560 "GET /api/v1/product-requests/orders/ HTTP/1.1" 200 2517
INFO 2025-09-03 22:24:07,463 basehttp 92733 6124482560 "GET /api/v1/product-requests/orders/ HTTP/1.1" 200 2517
INFO 2025-09-03 22:24:27,476 basehttp 92733 6124482560 "GET /api/v1/product-requests/orders/ HTTP/1.1" 200 2517
INFO 2025-09-03 22:24:47,488 basehttp 92733 6124482560 "GET /api/v1/product-requests/orders/ HTTP/1.1" 200 2517
INFO 2025-09-03 22:25:07,495 basehttp 92733 6124482560 "GET /api/v1/product-requests/orders/ HTTP/1.1" 200 2517
INFO 2025-09-03 22:25:27,488 basehttp 92733 6124482560 "GET /api/v1/product-requests/orders/ HTTP/1.1" 200 2517
INFO 2025-09-03 22:25:47,483 basehttp 92733 6124482560 "GET /api/v1/product-requests/orders/ HTTP/1.1" 200 2517
INFO 2025-09-03 22:26:07,494 basehttp 92733 6124482560 "GET /api/v1/product-requests/orders/ HTTP/1.1" 200 2517
INFO 2025-09-03 22:26:27,485 basehttp 92733 6124482560 "GET /api/v1/product-requests/orders/ HTTP/1.1" 200 2517
INFO 2025-09-03 22:26:47,496 basehttp 92733 6124482560 "GET /api/v1/product-requests/orders/ HTTP/1.1" 200 2517
INFO 2025-09-03 22:27:07,500 basehttp 92733 6124482560 "GET /api/v1/product-requests/orders/ HTTP/1.1" 200 2517
INFO 2025-09-03 22:27:27,496 basehttp 92733 6124482560 "GET /api/v1/product-requests/orders/ HTTP/1.1" 200 2517
INFO 2025-09-03 22:27:47,480 basehttp 92733 6124482560 "GET /api/v1/product-requests/orders/ HTTP/1.1" 200 2517
INFO 2025-09-03 22:28:07,502 basehttp 92733 6124482560 "GET /api/v1/product-requests/orders/ HTTP/1.1" 200 2517
INFO 2025-09-03 22:28:27,517 basehttp 92733 6124482560 "GET /api/v1/product-requests/orders/ HTTP/1.1" 200 2517
INFO 2025-09-03 22:28:47,503 basehttp 92733 6124482560 "GET /api/v1/product-requests/orders/ HTTP/1.1" 200 2517
INFO 2025-09-03 22:29:07,491 basehttp 92733 6124482560 "GET /api/v1/product-requests/orders/ HTTP/1.1" 200 2517
INFO 2025-09-03 22:29:27,504 basehttp 92733 6124482560 "GET /api/v1/product-requests/orders/ HTTP/1.1" 200 2517
INFO 2025-09-03 22:29:47,506 basehttp 92733 6124482560 "GET /api/v1/product-requests/orders/ HTTP/1.1" 200 2517
INFO 2025-09-03 22:30:07,488 basehttp 92733 6124482560 "GET /api/v1/product-requests/orders/ HTTP/1.1" 200 2517
INFO 2025-09-03 22:30:27,498 basehttp 92733 6124482560 "GET /api/v1/product-requests/orders/ HTTP/1.1" 200 2517
INFO 2025-09-03 22:30:47,511 basehttp 92733 6124482560 "GET /api/v1/product-requests/orders/ HTTP/1.1" 200 2517
INFO 2025-09-03 22:31:07,515 basehttp 92733 6124482560 "GET /api/v1/product-requests/orders/ HTTP/1.1" 200 2517
INFO 2025-09-03 22:31:27,503 basehttp 92733 6124482560 "GET /api/v1/product-requests/orders/ HTTP/1.1" 200 2517
INFO 2025-09-03 22:31:47,496 basehttp 92733 6124482560 "GET /api/v1/product-requests/orders/ HTTP/1.1" 200 2517
INFO 2025-09-03 22:32:07,510 basehttp 92733 6124482560 "GET /api/v1/product-requests/orders/ HTTP/1.1" 200 2517
INFO 2025-09-03 22:32:27,508 basehttp 92733 6124482560 "GET /api/v1/product-requests/orders/ HTTP/1.1" 200 2517
INFO 2025-09-03 22:32:47,505 basehttp 92733 6124482560 "GET /api/v1/product-requests/orders/ HTTP/1.1" 200 2517
INFO 2025-09-03 22:33:07,543 basehttp 92733 6124482560 "GET /api/v1/product-requests/orders/ HTTP/1.1" 200 2517
INFO 2025-09-03 22:33:27,510 basehttp 92733 6124482560 "GET /api/v1/product-requests/orders/ HTTP/1.1" 200 2517
INFO 2025-09-03 22:33:47,510 basehttp 92733 6124482560 "GET /api/v1/product-requests/orders/ HTTP/1.1" 200 2517
INFO 2025-09-03 22:34:07,502 basehttp 92733 6124482560 "GET /api/v1/product-requests/orders/ HTTP/1.1" 200 2517
INFO 2025-09-03 22:34:27,509 basehttp 92733 6124482560 "GET /api/v1/product-requests/orders/ HTTP/1.1" 200 2517
INFO 2025-09-03 22:34:47,501 basehttp 92733 6124482560 "GET /api/v1/product-requests/orders/ HTTP/1.1" 200 2517
INFO 2025-09-03 22:35:07,514 basehttp 92733 6124482560 "GET /api/v1/product-requests/orders/ HTTP/1.1" 200 2517
INFO 2025-09-03 22:35:27,515 basehttp 92733 6124482560 "GET /api/v1/product-requests/orders/ HTTP/1.1" 200 2517
INFO 2025-09-03 22:35:47,482 basehttp 92733 6124482560 "GET /api/v1/product-requests/orders/ HTTP/1.1" 200 2517
INFO 2025-09-03 22:36:07,492 basehttp 92733 6124482560 "GET /api/v1/product-requests/orders/ HTTP/1.1" 200 2517
INFO 2025-09-03 22:36:27,504 basehttp 92733 6124482560 "GET /api/v1/product-requests/orders/ HTTP/1.1" 200 2517
INFO 2025-09-03 22:36:47,501 basehttp 92733 6124482560 "GET /api/v1/product-requests/orders/ HTTP/1.1" 200 2517
INFO 2025-09-03 22:37:07,510 basehttp 92733 6124482560 "GET /api/v1/product-requests/orders/ HTTP/1.1" 200 2517
INFO 2025-09-03 22:37:27,508 basehttp 92733 6124482560 "GET /api/v1/product-requests/orders/ HTTP/1.1" 200 2517
INFO 2025-09-03 22:37:47,482 basehttp 92733 6124482560 "GET /api/v1/product-requests/orders/ HTTP/1.1" 200 2517
INFO 2025-09-03 22:38:07,511 basehttp 92733 6124482560 "GET /api/v1/product-requests/orders/ HTTP/1.1" 200 2517
INFO 2025-09-03 22:38:27,502 basehttp 92733 6124482560 "GET /api/v1/product-requests/orders/ HTTP/1.1" 200 2517
INFO 2025-09-03 22:38:47,505 basehttp 92733 6124482560 "GET /api/v1/product-requests/orders/ HTTP/1.1" 200 2517
INFO 2025-09-03 22:39:07,521 basehttp 92733 6124482560 "GET /api/v1/product-requests/orders/ HTTP/1.1" 200 2517
INFO 2025-09-03 22:39:27,508 basehttp 92733 6124482560 "GET /api/v1/product-requests/orders/ HTTP/1.1" 200 2517
INFO 2025-09-03 22:39:47,492 basehttp 92733 6124482560 "GET /api/v1/product-requests/orders/ HTTP/1.1" 200 2517
INFO 2025-09-03 22:40:07,500 basehttp 92733 6124482560 "GET /api/v1/product-requests/orders/ HTTP/1.1" 200 2517
INFO 2025-09-03 22:40:27,532 basehttp 92733 6124482560 "GET /api/v1/product-requests/orders/ HTTP/1.1" 200 2517
INFO 2025-09-03 22:40:47,522 basehttp 92733 6124482560 "GET /api/v1/product-requests/orders/ HTTP/1.1" 200 2517
INFO 2025-09-03 22:41:07,534 basehttp 92733 6124482560 "GET /api/v1/product-requests/orders/ HTTP/1.1" 200 2517
INFO 2025-09-03 22:41:27,534 basehttp 92733 6124482560 "GET /api/v1/product-requests/orders/ HTTP/1.1" 200 2517
INFO 2025-09-03 22:41:47,526 basehttp 92733 6124482560 "GET /api/v1/product-requests/orders/ HTTP/1.1" 200 2517
INFO 2025-09-03 22:42:07,524 basehttp 92733 6124482560 "GET /api/v1/product-requests/orders/ HTTP/1.1" 200 2517
INFO 2025-09-03 22:42:27,564 basehttp 92733 6124482560 "GET /api/v1/product-requests/orders/ HTTP/1.1" 200 2517
INFO 2025-09-03 22:42:47,523 basehttp 92733 6124482560 "GET /api/v1/product-requests/orders/ HTTP/1.1" 200 2517
INFO 2025-09-03 22:43:07,528 basehttp 92733 6124482560 "GET /api/v1/product-requests/orders/ HTTP/1.1" 200 2517
INFO 2025-09-03 22:43:27,531 basehttp 92733 6124482560 "GET /api/v1/product-requests/orders/ HTTP/1.1" 200 2517
INFO 2025-09-03 22:43:47,526 basehttp 92733 6124482560 "GET /api/v1/product-requests/orders/ HTTP/1.1" 200 2517
INFO 2025-09-03 22:44:07,541 basehttp 92733 6124482560 "GET /api/v1/product-requests/orders/ HTTP/1.1" 200 2517
INFO 2025-09-03 22:44:27,537 basehttp 92733 6124482560 "GET /api/v1/product-requests/orders/ HTTP/1.1" 200 2517
INFO 2025-09-03 22:44:47,525 basehttp 92733 6124482560 "GET /api/v1/product-requests/orders/ HTTP/1.1" 200 2517
INFO 2025-09-03 22:45:07,539 basehttp 92733 6124482560 "GET /api/v1/product-requests/orders/ HTTP/1.1" 200 2517
INFO 2025-09-03 22:45:27,534 basehttp 92733 6124482560 "GET /api/v1/product-requests/orders/ HTTP/1.1" 200 2517
INFO 2025-09-03 22:45:47,518 basehttp 92733 6124482560 "GET /api/v1/product-requests/orders/ HTTP/1.1" 200 2517
INFO 2025-09-03 22:46:07,524 basehttp 92733 6124482560 "GET /api/v1/product-requests/orders/ HTTP/1.1" 200 2517
INFO 2025-09-03 22:46:27,544 basehttp 92733 6124482560 "GET /api/v1/product-requests/orders/ HTTP/1.1" 200 2517
INFO 2025-09-03 22:46:47,525 basehttp 92733 6124482560 "GET /api/v1/product-requests/orders/ HTTP/1.1" 200 2517
INFO 2025-09-03 22:47:07,537 basehttp 92733 6124482560 "GET /api/v1/product-requests/orders/ HTTP/1.1" 200 2517
INFO 2025-09-03 22:47:27,556 basehttp 92733 6124482560 "GET /api/v1/product-requests/orders/ HTTP/1.1" 200 2517
INFO 2025-09-03 22:47:47,529 basehttp 92733 6124482560 "GET /api/v1/product-requests/orders/ HTTP/1.1" 200 2517
INFO 2025-09-03 22:48:07,540 basehttp 92733 6124482560 "GET /api/v1/product-requests/orders/ HTTP/1.1" 200 2517
INFO 2025-09-03 22:48:27,516 basehttp 92733 6124482560 "GET /api/v1/product-requests/orders/ HTTP/1.1" 200 2517
INFO 2025-09-03 22:48:47,528 basehttp 92733 6124482560 "GET /api/v1/product-requests/orders/ HTTP/1.1" 200 2517
INFO 2025-09-03 22:49:07,529 basehttp 92733 6124482560 "GET /api/v1/product-requests/orders/ HTTP/1.1" 200 2517
INFO 2025-09-03 22:49:27,521 basehttp 92733 6124482560 "GET /api/v1/product-requests/orders/ HTTP/1.1" 200 2517
INFO 2025-09-03 22:49:47,530 basehttp 92733 6124482560 "GET /api/v1/product-requests/orders/ HTTP/1.1" 200 2517
INFO 2025-09-03 22:50:07,531 basehttp 92733 6124482560 "GET /api/v1/product-requests/orders/ HTTP/1.1" 200 2517
INFO 2025-09-03 22:50:27,526 basehttp 92733 6124482560 "GET /api/v1/product-requests/orders/ HTTP/1.1" 200 2517
WARNING 2025-09-03 22:50:47,499 log 92733 6124482560 Too Many Requests: /products/api/v1/product-requests/orders/
WARNING 2025-09-03 22:50:47,500 basehttp 92733 6124482560 "GET /api/v1/product-requests/orders/ HTTP/1.1" 429 143
WARNING 2025-09-03 22:51:07,529 log 92733 6124482560 Too Many Requests: /products/api/v1/product-requests/orders/
WARNING 2025-09-03 22:51:07,529 basehttp 92733 6124482560 "GET /api/v1/product-requests/orders/ HTTP/1.1" 429 143
WARNING 2025-09-03 22:51:27,539 log 92733 6124482560 Too Many Requests: /products/api/v1/product-requests/orders/
WARNING 2025-09-03 22:51:27,539 basehttp 92733 6124482560 "GET /api/v1/product-requests/orders/ HTTP/1.1" 429 143
WARNING 2025-09-03 22:51:47,559 log 92733 6124482560 Too Many Requests: /products/api/v1/product-requests/orders/
WARNING 2025-09-03 22:51:47,559 basehttp 92733 6124482560 "GET /api/v1/product-requests/orders/ HTTP/1.1" 429 143
WARNING 2025-09-03 22:52:07,532 log 92733 6124482560 Too Many Requests: /products/api/v1/product-requests/orders/
WARNING 2025-09-03 22:52:07,533 basehttp 92733 6124482560 "GET /api/v1/product-requests/orders/ HTTP/1.1" 429 143
WARNING 2025-09-03 22:52:27,553 log 92733 6124482560 Too Many Requests: /products/api/v1/product-requests/orders/
WARNING 2025-09-03 22:52:27,554 basehttp 92733 6124482560 "GET /api/v1/product-requests/orders/ HTTP/1.1" 429 143
WARNING 2025-09-03 22:52:47,520 log 92733 6124482560 Too Many Requests: /products/api/v1/product-requests/orders/
WARNING 2025-09-03 22:52:47,520 basehttp 92733 6124482560 "GET /api/v1/product-requests/orders/ HTTP/1.1" 429 143
WARNING 2025-09-03 22:53:07,522 log 92733 6124482560 Too Many Requests: /products/api/v1/product-requests/orders/
WARNING 2025-09-03 22:53:07,522 basehttp 92733 6124482560 "GET /api/v1/product-requests/orders/ HTTP/1.1" 429 143
WARNING 2025-09-03 22:53:27,524 log 92733 6124482560 Too Many Requests: /products/api/v1/product-requests/orders/
WARNING 2025-09-03 22:53:27,525 basehttp 92733 6124482560 "GET /api/v1/product-requests/orders/ HTTP/1.1" 429 143
WARNING 2025-09-03 22:53:47,536 log 92733 6124482560 Too Many Requests: /products/api/v1/product-requests/orders/
WARNING 2025-09-03 22:53:47,537 basehttp 92733 6124482560 "GET /api/v1/product-requests/orders/ HTTP/1.1" 429 143
WARNING 2025-09-03 22:54:07,503 log 92733 6124482560 Too Many Requests: /products/api/v1/product-requests/orders/
WARNING 2025-09-03 22:54:07,504 basehttp 92733 6124482560 "GET /api/v1/product-requests/orders/ HTTP/1.1" 429 143
WARNING 2025-09-03 22:54:27,535 log 92733 6124482560 Too Many Requests: /products/api/v1/product-requests/orders/
WARNING 2025-09-03 22:54:27,536 basehttp 92733 6124482560 "GET /api/v1/product-requests/orders/ HTTP/1.1" 429 143
WARNING 2025-09-03 22:54:47,545 log 92733 6124482560 Too Many Requests: /products/api/v1/product-requests/orders/
WARNING 2025-09-03 22:54:47,546 basehttp 92733 6124482560 "GET /api/v1/product-requests/orders/ HTTP/1.1" 429 143
WARNING 2025-09-03 22:55:07,526 log 92733 6124482560 Too Many Requests: /products/api/v1/product-requests/orders/
WARNING 2025-09-03 22:55:07,527 basehttp 92733 6124482560 "GET /api/v1/product-requests/orders/ HTTP/1.1" 429 143
WARNING 2025-09-03 22:55:27,545 log 92733 6124482560 Too Many Requests: /products/api/v1/product-requests/orders/
WARNING 2025-09-03 22:55:27,546 basehttp 92733 6124482560 "GET /api/v1/product-requests/orders/ HTTP/1.1" 429 143
WARNING 2025-09-03 22:55:47,537 log 92733 6124482560 Too Many Requests: /products/api/v1/product-requests/orders/
WARNING 2025-09-03 22:55:47,537 basehttp 92733 6124482560 "GET /api/v1/product-requests/orders/ HTTP/1.1" 429 143
WARNING 2025-09-03 22:56:07,515 log 92733 6124482560 Too Many Requests: /products/api/v1/product-requests/orders/
WARNING 2025-09-03 22:56:07,516 basehttp 92733 6124482560 "GET /api/v1/product-requests/orders/ HTTP/1.1" 429 143
WARNING 2025-09-03 22:56:27,541 log 92733 6124482560 Too Many Requests: /products/api/v1/product-requests/orders/
WARNING 2025-09-03 22:56:27,542 basehttp 92733 6124482560 "GET /api/v1/product-requests/orders/ HTTP/1.1" 429 143
WARNING 2025-09-03 22:56:47,538 log 92733 6124482560 Too Many Requests: /products/api/v1/product-requests/orders/
WARNING 2025-09-03 22:56:47,539 basehttp 92733 6124482560 "GET /api/v1/product-requests/orders/ HTTP/1.1" 429 143
WARNING 2025-09-03 22:57:07,535 log 92733 6124482560 Too Many Requests: /products/api/v1/product-requests/orders/
WARNING 2025-09-03 22:57:07,536 basehttp 92733 6124482560 "GET /api/v1/product-requests/orders/ HTTP/1.1" 429 143
WARNING 2025-09-03 22:57:27,544 log 92733 6124482560 Too Many Requests: /products/api/v1/product-requests/orders/
WARNING 2025-09-03 22:57:27,545 basehttp 92733 6124482560 "GET /api/v1/product-requests/orders/ HTTP/1.1" 429 143
WARNING 2025-09-03 22:57:47,532 log 92733 6124482560 Too Many Requests: /products/api/v1/product-requests/orders/
WARNING 2025-09-03 22:57:47,533 basehttp 92733 6124482560 "GET /api/v1/product-requests/orders/ HTTP/1.1" 429 143
WARNING 2025-09-03 22:58:07,537 log 92733 6124482560 Too Many Requests: /products/api/v1/product-requests/orders/
WARNING 2025-09-03 22:58:07,538 basehttp 92733 6124482560 "GET /api/v1/product-requests/orders/ HTTP/1.1" 429 143
WARNING 2025-09-03 22:58:27,544 log 92733 6124482560 Too Many Requests: /products/api/v1/product-requests/orders/
WARNING 2025-09-03 22:58:27,545 basehttp 92733 6124482560 "GET /api/v1/product-requests/orders/ HTTP/1.1" 429 143
WARNING 2025-09-03 22:58:47,521 log 92733 6124482560 Too Many Requests: /products/api/v1/product-requests/orders/
WARNING 2025-09-03 22:58:47,521 basehttp 92733 6124482560 "GET /api/v1/product-requests/orders/ HTTP/1.1" 429 143
WARNING 2025-09-03 22:59:07,522 log 92733 6124482560 Too Many Requests: /products/api/v1/product-requests/orders/
WARNING 2025-09-03 22:59:07,523 basehttp 92733 6124482560 "GET /api/v1/product-requests/orders/ HTTP/1.1" 429 143
WARNING 2025-09-03 22:59:27,533 log 92733 6124482560 Too Many Requests: /products/api/v1/product-requests/orders/
WARNING 2025-09-03 22:59:27,534 basehttp 92733 6124482560 "GET /api/v1/product-requests/orders/ HTTP/1.1" 429 143
WARNING 2025-09-03 22:59:47,540 log 92733 6124482560 Too Many Requests: /products/api/v1/product-requests/orders/
WARNING 2025-09-03 22:59:47,541 basehttp 92733 6124482560 "GET /api/v1/product-requests/orders/ HTTP/1.1" 429 143
WARNING 2025-09-03 23:00:07,557 log 92733 6124482560 Too Many Requests: /products/api/v1/product-requests/orders/
WARNING 2025-09-03 23:00:07,558 basehttp 92733 6124482560 "GET /api/v1/product-requests/orders/ HTTP/1.1" 429 143
WARNING 2025-09-03 23:00:27,534 log 92733 6124482560 Too Many Requests: /products/api/v1/product-requests/orders/
WARNING 2025-09-03 23:00:27,535 basehttp 92733 6124482560 "GET /api/v1/product-requests/orders/ HTTP/1.1" 429 143
WARNING 2025-09-03 23:00:47,531 log 92733 6124482560 Too Many Requests: /products/api/v1/product-requests/orders/
WARNING 2025-09-03 23:00:47,532 basehttp 92733 6124482560 "GET /api/v1/product-requests/orders/ HTTP/1.1" 429 143
WARNING 2025-09-03 23:01:07,517 log 92733 6124482560 Too Many Requests: /products/api/v1/product-requests/orders/
WARNING 2025-09-03 23:01:07,518 basehttp 92733 6124482560 "GET /api/v1/product-requests/orders/ HTTP/1.1" 429 143
WARNING 2025-09-03 23:01:27,518 log 92733 6124482560 Too Many Requests: /products/api/v1/product-requests/orders/
WARNING 2025-09-03 23:01:27,519 basehttp 92733 6124482560 "GET /api/v1/product-requests/orders/ HTTP/1.1" 429 143
WARNING 2025-09-03 23:01:47,543 log 92733 6124482560 Too Many Requests: /products/api/v1/product-requests/orders/
WARNING 2025-09-03 23:01:47,544 basehttp 92733 6124482560 "GET /api/v1/product-requests/orders/ HTTP/1.1" 429 143
WARNING 2025-09-03 23:02:07,531 log 92733 6124482560 Too Many Requests: /products/api/v1/product-requests/orders/
WARNING 2025-09-03 23:02:07,532 basehttp 92733 6124482560 "GET /api/v1/product-requests/orders/ HTTP/1.1" 429 143
WARNING 2025-09-03 23:02:27,541 log 92733 6124482560 Too Many Requests: /products/api/v1/product-requests/orders/
WARNING 2025-09-03 23:02:27,542 basehttp 92733 6124482560 "GET /api/v1/product-requests/orders/ HTTP/1.1" 429 141
WARNING 2025-09-03 23:02:47,533 log 92733 6124482560 Too Many Requests: /products/api/v1/product-requests/orders/
WARNING 2025-09-03 23:02:47,534 basehttp 92733 6124482560 "GET /api/v1/product-requests/orders/ HTTP/1.1" 429 141
WARNING 2025-09-03 23:03:07,523 log 92733 6124482560 Too Many Requests: /products/api/v1/product-requests/orders/
WARNING 2025-09-03 23:03:07,524 basehttp 92733 6124482560 "GET /api/v1/product-requests/orders/ HTTP/1.1" 429 141
WARNING 2025-09-03 23:03:27,541 log 92733 6124482560 Too Many Requests: /products/api/v1/product-requests/orders/
WARNING 2025-09-03 23:03:27,542 basehttp 92733 6124482560 "GET /api/v1/product-requests/orders/ HTTP/1.1" 429 141
WARNING 2025-09-03 23:03:47,535 log 92733 6124482560 Too Many Requests: /products/api/v1/product-requests/orders/
WARNING 2025-09-03 23:03:47,535 basehttp 92733 6124482560 "GET /api/v1/product-requests/orders/ HTTP/1.1" 429 141
WARNING 2025-09-03 23:04:07,535 log 92733 6124482560 Too Many Requests: /products/api/v1/product-requests/orders/
WARNING 2025-09-03 23:04:07,536 basehttp 92733 6124482560 "GET /api/v1/product-requests/orders/ HTTP/1.1" 429 141
WARNING 2025-09-03 23:04:27,536 log 92733 6124482560 Too Many Requests: /products/api/v1/product-requests/orders/
WARNING 2025-09-03 23:04:27,536 basehttp 92733 6124482560 "GET /api/v1/product-requests/orders/ HTTP/1.1" 429 141
WARNING 2025-09-03 23:04:47,534 log 92733 6124482560 Too Many Requests: /products/api/v1/product-requests/orders/
WARNING 2025-09-03 23:04:47,535 basehttp 92733 6124482560 "GET /api/v1/product-requests/orders/ HTTP/1.1" 429 141
WARNING 2025-09-03 23:05:07,520 log 92733 6124482560 Too Many Requests: /products/api/v1/product-requests/orders/
WARNING 2025-09-03 23:05:07,521 basehttp 92733 6124482560 "GET /api/v1/product-requests/orders/ HTTP/1.1" 429 141
WARNING 2025-09-03 23:05:27,531 log 92733 6124482560 Too Many Requests: /products/api/v1/product-requests/orders/
WARNING 2025-09-03 23:05:27,532 basehttp 92733 6124482560 "GET /api/v1/product-requests/orders/ HTTP/1.1" 429 141
WARNING 2025-09-03 23:05:47,538 log 92733 6124482560 Too Many Requests: /products/api/v1/product-requests/orders/
WARNING 2025-09-03 23:05:47,539 basehttp 92733 6124482560 "GET /api/v1/product-requests/orders/ HTTP/1.1" 429 141
WARNING 2025-09-03 23:06:07,530 log 92733 6124482560 Too Many Requests: /products/api/v1/product-requests/orders/
WARNING 2025-09-03 23:06:07,531 basehttp 92733 6124482560 "GET /api/v1/product-requests/orders/ HTTP/1.1" 429 141
WARNING 2025-09-03 23:06:27,535 log 92733 6124482560 Too Many Requests: /products/api/v1/product-requests/orders/
WARNING 2025-09-03 23:06:27,536 basehttp 92733 6124482560 "GET /api/v1/product-requests/orders/ HTTP/1.1" 429 141
WARNING 2025-09-03 23:06:47,533 log 92733 6124482560 Too Many Requests: /products/api/v1/product-requests/orders/
WARNING 2025-09-03 23:06:47,533 basehttp 92733 6124482560 "GET /api/v1/product-requests/orders/ HTTP/1.1" 429 141
WARNING 2025-09-03 23:07:07,517 log 92733 6124482560 Too Many Requests: /products/api/v1/product-requests/orders/
WARNING 2025-09-03 23:07:07,518 basehttp 92733 6124482560 "GET /api/v1/product-requests/orders/ HTTP/1.1" 429 141
WARNING 2025-09-03 23:07:27,544 log 92733 6124482560 Too Many Requests: /products/api/v1/product-requests/orders/
WARNING 2025-09-03 23:07:27,545 basehttp 92733 6124482560 "GET /api/v1/product-requests/orders/ HTTP/1.1" 429 141
WARNING 2025-09-03 23:07:47,545 log 92733 6124482560 Too Many Requests: /products/api/v1/product-requests/orders/
WARNING 2025-09-03 23:07:47,546 basehttp 92733 6124482560 "GET /api/v1/product-requests/orders/ HTTP/1.1" 429 141
WARNING 2025-09-03 23:08:07,527 log 92733 6124482560 Too Many Requests: /products/api/v1/product-requests/orders/
WARNING 2025-09-03 23:08:07,528 basehttp 92733 6124482560 "GET /api/v1/product-requests/orders/ HTTP/1.1" 429 141
WARNING 2025-09-03 23:08:27,535 log 92733 6124482560 Too Many Requests: /products/api/v1/product-requests/orders/
WARNING 2025-09-03 23:08:27,536 basehttp 92733 6124482560 "GET /api/v1/product-requests/orders/ HTTP/1.1" 429 141
WARNING 2025-09-03 23:08:47,547 log 92733 6124482560 Too Many Requests: /products/api/v1/product-requests/orders/
WARNING 2025-09-03 23:08:47,548 basehttp 92733 6124482560 "GET /api/v1/product-requests/orders/ HTTP/1.1" 429 141
WARNING 2025-09-03 23:09:07,521 log 92733 6124482560 Too Many Requests: /products/api/v1/product-requests/orders/
WARNING 2025-09-03 23:09:07,521 basehttp 92733 6124482560 "GET /api/v1/product-requests/orders/ HTTP/1.1" 429 141
WARNING 2025-09-03 23:09:27,549 log 92733 6124482560 Too Many Requests: /products/api/v1/product-requests/orders/
WARNING 2025-09-03 23:09:27,549 basehttp 92733 6124482560 "GET /api/v1/product-requests/orders/ HTTP/1.1" 429 141
WARNING 2025-09-03 23:09:47,525 log 92733 6124482560 Too Many Requests: /products/api/v1/product-requests/orders/
WARNING 2025-09-03 23:09:47,525 basehttp 92733 6124482560 "GET /api/v1/product-requests/orders/ HTTP/1.1" 429 141
WARNING 2025-09-03 23:10:07,548 log 92733 6124482560 Too Many Requests: /products/api/v1/product-requests/orders/
WARNING 2025-09-03 23:10:07,549 basehttp 92733 6124482560 "GET /api/v1/product-requests/orders/ HTTP/1.1" 429 141
WARNING 2025-09-03 23:10:27,543 log 92733 6124482560 Too Many Requests: /products/api/v1/product-requests/orders/
WARNING 2025-09-03 23:10:27,543 basehttp 92733 6124482560 "GET /api/v1/product-requests/orders/ HTTP/1.1" 429 141
WARNING 2025-09-03 23:10:47,548 log 92733 6124482560 Too Many Requests: /products/api/v1/product-requests/orders/
WARNING 2025-09-03 23:10:47,549 basehttp 92733 6124482560 "GET /api/v1/product-requests/orders/ HTTP/1.1" 429 141
WARNING 2025-09-03 23:11:07,523 log 92733 6124482560 Too Many Requests: /products/api/v1/product-requests/orders/
WARNING 2025-09-03 23:11:07,524 basehttp 92733 6124482560 "GET /api/v1/product-requests/orders/ HTTP/1.1" 429 141
WARNING 2025-09-03 23:11:27,536 log 92733 6124482560 Too Many Requests: /products/api/v1/product-requests/orders/
WARNING 2025-09-03 23:11:27,537 basehttp 92733 6124482560 "GET /api/v1/product-requests/orders/ HTTP/1.1" 429 141
WARNING 2025-09-03 23:11:47,543 log 92733 6124482560 Too Many Requests: /products/api/v1/product-requests/orders/
WARNING 2025-09-03 23:11:47,543 basehttp 92733 6124482560 "GET /api/v1/product-requests/orders/ HTTP/1.1" 429 141
WARNING 2025-09-03 23:12:07,541 log 92733 6124482560 Too Many Requests: /products/api/v1/product-requests/orders/
WARNING 2025-09-03 23:12:07,542 basehttp 92733 6124482560 "GET /api/v1/product-requests/orders/ HTTP/1.1" 429 141
WARNING 2025-09-03 23:12:27,531 log 92733 6124482560 Too Many Requests: /products/api/v1/product-requests/orders/
WARNING 2025-09-03 23:12:27,532 basehttp 92733 6124482560 "GET /api/v1/product-requests/orders/ HTTP/1.1" 429 141
WARNING 2025-09-03 23:12:47,551 log 92733 6124482560 Too Many Requests: /products/api/v1/product-requests/orders/
WARNING 2025-09-03 23:12:47,552 basehttp 92733 6124482560 "GET /api/v1/product-requests/orders/ HTTP/1.1" 429 141
WARNING 2025-09-03 23:13:07,565 log 92733 6124482560 Too Many Requests: /products/api/v1/product-requests/orders/
WARNING 2025-09-03 23:13:07,566 basehttp 92733 6124482560 "GET /api/v1/product-requests/orders/ HTTP/1.1" 429 141
WARNING 2025-09-03 23:13:27,554 log 92733 6124482560 Too Many Requests: /products/api/v1/product-requests/orders/
WARNING 2025-09-03 23:13:27,555 basehttp 92733 6124482560 "GET /api/v1/product-requests/orders/ HTTP/1.1" 429 141
WARNING 2025-09-03 23:13:47,551 log 92733 6124482560 Too Many Requests: /products/api/v1/product-requests/orders/
WARNING 2025-09-03 23:13:47,551 basehttp 92733 6124482560 "GET /api/v1/product-requests/orders/ HTTP/1.1" 429 141
WARNING 2025-09-03 23:14:07,560 log 92733 6124482560 Too Many Requests: /products/api/v1/product-requests/orders/
WARNING 2025-09-03 23:14:07,561 basehttp 92733 6124482560 "GET /api/v1/product-requests/orders/ HTTP/1.1" 429 141
WARNING 2025-09-03 23:14:27,545 log 92733 6124482560 Too Many Requests: /products/api/v1/product-requests/orders/
WARNING 2025-09-03 23:14:27,546 basehttp 92733 6124482560 "GET /api/v1/product-requests/orders/ HTTP/1.1" 429 141
WARNING 2025-09-03 23:14:47,561 log 92733 6124482560 Too Many Requests: /products/api/v1/product-requests/orders/
WARNING 2025-09-03 23:14:47,562 basehttp 92733 6124482560 "GET /api/v1/product-requests/orders/ HTTP/1.1" 429 141
WARNING 2025-09-03 23:15:07,620 log 92733 6124482560 Too Many Requests: /products/api/v1/product-requests/orders/
WARNING 2025-09-03 23:15:07,621 basehttp 92733 6124482560 "GET /api/v1/product-requests/orders/ HTTP/1.1" 429 141
WARNING 2025-09-03 23:15:27,537 log 92733 6124482560 Too Many Requests: /products/api/v1/product-requests/orders/
WARNING 2025-09-03 23:15:27,537 basehttp 92733 6124482560 "GET /api/v1/product-requests/orders/ HTTP/1.1" 429 141
WARNING 2025-09-03 23:15:47,554 log 92733 6124482560 Too Many Requests: /products/api/v1/product-requests/orders/
WARNING 2025-09-03 23:15:47,555 basehttp 92733 6124482560 "GET /api/v1/product-requests/orders/ HTTP/1.1" 429 141
WARNING 2025-09-03 23:16:07,572 log 92733 6124482560 Too Many Requests: /products/api/v1/product-requests/orders/
WARNING 2025-09-03 23:16:07,573 basehttp 92733 6124482560 "GET /api/v1/product-requests/orders/ HTTP/1.1" 429 141
WARNING 2025-09-03 23:16:27,560 log 92733 6124482560 Too Many Requests: /products/api/v1/product-requests/orders/
WARNING 2025-09-03 23:16:27,561 basehttp 92733 6124482560 "GET /api/v1/product-requests/orders/ HTTP/1.1" 429 141
WARNING 2025-09-03 23:16:47,565 log 92733 6124482560 Too Many Requests: /products/api/v1/product-requests/orders/
WARNING 2025-09-03 23:16:47,566 basehttp 92733 6124482560 "GET /api/v1/product-requests/orders/ HTTP/1.1" 429 141
WARNING 2025-09-03 23:17:07,565 log 92733 6124482560 Too Many Requests: /products/api/v1/product-requests/orders/
WARNING 2025-09-03 23:17:07,566 basehttp 92733 6124482560 "GET /api/v1/product-requests/orders/ HTTP/1.1" 429 141
WARNING 2025-09-03 23:17:27,554 log 92733 6124482560 Too Many Requests: /products/api/v1/product-requests/orders/
WARNING 2025-09-03 23:17:27,558 basehttp 92733 6124482560 "GET /api/v1/product-requests/orders/ HTTP/1.1" 429 139
WARNING 2025-09-03 23:17:47,561 log 92733 6124482560 Too Many Requests: /products/api/v1/product-requests/orders/
WARNING 2025-09-03 23:17:47,562 basehttp 92733 6124482560 "GET /api/v1/product-requests/orders/ HTTP/1.1" 429 139
WARNING 2025-09-03 23:18:07,569 log 92733 6124482560 Too Many Requests: /products/api/v1/product-requests/orders/
WARNING 2025-09-03 23:18:07,570 basehttp 92733 6124482560 "GET /api/v1/product-requests/orders/ HTTP/1.1" 429 139
WARNING 2025-09-03 23:18:27,549 log 92733 6124482560 Too Many Requests: /products/api/v1/product-requests/orders/
WARNING 2025-09-03 23:18:27,556 basehttp 92733 6124482560 "GET /api/v1/product-requests/orders/ HTTP/1.1" 429 139
INFO 2025-09-03 23:18:47,575 basehttp 92733 6124482560 "GET /api/v1/product-requests/orders/ HTTP/1.1" 200 2517
INFO 2025-09-03 23:19:07,573 basehttp 92733 6124482560 "GET /api/v1/product-requests/orders/ HTTP/1.1" 200 2517
INFO 2025-09-03 23:19:27,560 basehttp 92733 6124482560 "GET /api/v1/product-requests/orders/ HTTP/1.1" 200 2517
INFO 2025-09-03 23:19:47,565 basehttp 92733 6124482560 "GET /api/v1/product-requests/orders/ HTTP/1.1" 200 2517
INFO 2025-09-03 23:20:07,573 basehttp 92733 6124482560 "GET /api/v1/product-requests/orders/ HTTP/1.1" 200 2517
INFO 2025-09-03 23:20:27,546 basehttp 92733 6124482560 "GET /api/v1/product-requests/orders/ HTTP/1.1" 200 2517
INFO 2025-09-03 23:20:47,557 basehttp 92733 6124482560 "GET /api/v1/product-requests/orders/ HTTP/1.1" 200 2517
INFO 2025-09-03 23:21:07,571 basehttp 92733 6124482560 "GET /api/v1/product-requests/orders/ HTTP/1.1" 200 2517
INFO 2025-09-03 23:21:27,567 basehttp 92733 6124482560 "GET /api/v1/product-requests/orders/ HTTP/1.1" 200 2517
INFO 2025-09-03 23:21:47,569 basehttp 92733 6124482560 "GET /api/v1/product-requests/orders/ HTTP/1.1" 200 2517
INFO 2025-09-03 23:22:07,576 basehttp 92733 6124482560 "GET /api/v1/product-requests/orders/ HTTP/1.1" 200 2517
INFO 2025-09-03 23:22:27,582 basehttp 92733 6124482560 "GET /api/v1/product-requests/orders/ HTTP/1.1" 200 2517
INFO 2025-09-03 23:22:47,574 basehttp 92733 6124482560 "GET /api/v1/product-requests/orders/ HTTP/1.1" 200 2517
INFO 2025-09-03 23:23:07,586 basehttp 92733 6124482560 "GET /api/v1/product-requests/orders/ HTTP/1.1" 200 2517
INFO 2025-09-03 23:23:27,563 basehttp 92733 6124482560 "GET /api/v1/product-requests/orders/ HTTP/1.1" 200 2517
INFO 2025-09-03 23:23:47,558 basehttp 92733 6124482560 "GET /api/v1/product-requests/orders/ HTTP/1.1" 200 2517
INFO 2025-09-03 23:24:07,566 basehttp 92733 6124482560 "GET /api/v1/product-requests/orders/ HTTP/1.1" 200 2517
INFO 2025-09-03 23:24:27,564 basehttp 92733 6124482560 "GET /api/v1/product-requests/orders/ HTTP/1.1" 200 2517
INFO 2025-09-03 23:24:47,530 basehttp 92733 6124482560 "GET /api/v1/product-requests/orders/ HTTP/1.1" 200 2517
INFO 2025-09-03 23:25:07,546 basehttp 92733 6124482560 "GET /api/v1/product-requests/orders/ HTTP/1.1" 200 2517
INFO 2025-09-03 23:25:27,527 basehttp 92733 6124482560 "GET /api/v1/product-requests/orders/ HTTP/1.1" 200 2517
INFO 2025-09-03 23:25:47,536 basehttp 92733 6124482560 "GET /api/v1/product-requests/orders/ HTTP/1.1" 200 2517
INFO 2025-09-03 23:26:07,556 basehttp 92733 6124482560 "GET /api/v1/product-requests/orders/ HTTP/1.1" 200 2517
INFO 2025-09-03 23:26:27,532 basehttp 92733 6124482560 "GET /api/v1/product-requests/orders/ HTTP/1.1" 200 2517
INFO 2025-09-03 23:26:47,539 basehttp 92733 6124482560 "GET /api/v1/product-requests/orders/ HTTP/1.1" 200 2517
INFO 2025-09-03 23:27:07,552 basehttp 92733 6124482560 "GET /api/v1/product-requests/orders/ HTTP/1.1" 200 2517
INFO 2025-09-03 23:27:27,543 basehttp 92733 6124482560 "GET /api/v1/product-requests/orders/ HTTP/1.1" 200 2517
INFO 2025-09-03 23:27:47,535 basehttp 92733 6124482560 "GET /api/v1/product-requests/orders/ HTTP/1.1" 200 2517
INFO 2025-09-03 23:28:07,598 basehttp 92733 6124482560 "GET /api/v1/product-requests/orders/ HTTP/1.1" 200 2517
INFO 2025-09-03 23:28:27,546 basehttp 92733 6124482560 "GET /api/v1/product-requests/orders/ HTTP/1.1" 200 2517
INFO 2025-09-03 23:28:47,590 basehttp 92733 6124482560 "GET /api/v1/product-requests/orders/ HTTP/1.1" 200 2517
INFO 2025-09-03 23:29:07,554 basehttp 92733 6124482560 "GET /api/v1/product-requests/orders/ HTTP/1.1" 200 2517
INFO 2025-09-03 23:29:27,582 basehttp 92733 6124482560 "GET /api/v1/product-requests/orders/ HTTP/1.1" 200 2517
INFO 2025-09-03 23:29:47,553 basehttp 92733 6124482560 "GET /api/v1/product-requests/orders/ HTTP/1.1" 200 2517
INFO 2025-09-03 23:30:07,584 basehttp 92733 6124482560 "GET /api/v1/product-requests/orders/ HTTP/1.1" 200 2517
INFO 2025-09-03 23:30:27,586 basehttp 92733 6124482560 "GET /api/v1/product-requests/orders/ HTTP/1.1" 200 2517
INFO 2025-09-03 23:30:47,586 basehttp 92733 6124482560 "GET /api/v1/product-requests/orders/ HTTP/1.1" 200 2517
INFO 2025-09-03 23:31:07,582 basehttp 92733 6124482560 "GET /api/v1/product-requests/orders/ HTTP/1.1" 200 2517
INFO 2025-09-03 23:31:27,588 basehttp 92733 6124482560 "GET /api/v1/product-requests/orders/ HTTP/1.1" 200 2517
INFO 2025-09-03 23:31:47,563 basehttp 92733 6124482560 "GET /api/v1/product-requests/orders/ HTTP/1.1" 200 2517
INFO 2025-09-03 23:32:07,592 basehttp 92733 6124482560 "GET /api/v1/product-requests/orders/ HTTP/1.1" 200 2517
INFO 2025-09-03 23:32:27,596 basehttp 92733 6124482560 "GET /api/v1/product-requests/orders/ HTTP/1.1" 200 2517
INFO 2025-09-03 23:32:47,570 basehttp 92733 6124482560 "GET /api/v1/product-requests/orders/ HTTP/1.1" 200 2517
INFO 2025-09-03 23:33:07,585 basehttp 92733 6124482560 "GET /api/v1/product-requests/orders/ HTTP/1.1" 200 2517
INFO 2025-09-03 23:33:27,578 basehttp 92733 6124482560 "GET /api/v1/product-requests/orders/ HTTP/1.1" 200 2517
INFO 2025-09-03 23:33:47,579 basehttp 92733 6124482560 "GET /api/v1/product-requests/orders/ HTTP/1.1" 200 2517
INFO 2025-09-03 23:34:07,590 basehttp 92733 6124482560 "GET /api/v1/product-requests/orders/ HTTP/1.1" 200 2517
INFO 2025-09-03 23:34:27,584 basehttp 92733 6124482560 "GET /api/v1/product-requests/orders/ HTTP/1.1" 200 2517
INFO 2025-09-03 23:34:47,588 basehttp 92733 6124482560 "GET /api/v1/product-requests/orders/ HTTP/1.1" 200 2517
INFO 2025-09-03 23:35:07,594 basehttp 92733 6124482560 "GET /api/v1/product-requests/orders/ HTTP/1.1" 200 2517
INFO 2025-09-03 23:35:27,577 basehttp 92733 6124482560 "GET /api/v1/product-requests/orders/ HTTP/1.1" 200 2517
INFO 2025-09-03 23:35:47,596 basehttp 92733 6124482560 "GET /api/v1/product-requests/orders/ HTTP/1.1" 200 2517
INFO 2025-09-03 23:36:07,590 basehttp 92733 6124482560 "GET /api/v1/product-requests/orders/ HTTP/1.1" 200 2517
INFO 2025-09-03 23:36:27,592 basehttp 92733 6124482560 "GET /api/v1/product-requests/orders/ HTTP/1.1" 200 2517
INFO 2025-09-03 23:36:47,574 basehttp 92733 6124482560 "GET /api/v1/product-requests/orders/ HTTP/1.1" 200 2517
INFO 2025-09-03 23:37:07,573 basehttp 92733 6124482560 "GET /api/v1/product-requests/orders/ HTTP/1.1" 200 2517
INFO 2025-09-03 23:37:27,595 basehttp 92733 6124482560 "GET /api/v1/product-requests/orders/ HTTP/1.1" 200 2517
INFO 2025-09-03 23:37:47,589 basehttp 92733 6124482560 "GET /api/v1/product-requests/orders/ HTTP/1.1" 200 2517
INFO 2025-09-03 23:38:07,595 basehttp 92733 6124482560 "GET /api/v1/product-requests/orders/ HTTP/1.1" 200 2517
INFO 2025-09-03 23:38:27,589 basehttp 92733 6124482560 "GET /api/v1/product-requests/orders/ HTTP/1.1" 200 2517
INFO 2025-09-03 23:38:47,588 basehttp 92733 6124482560 "GET /api/v1/product-requests/orders/ HTTP/1.1" 200 2517
INFO 2025-09-03 23:39:07,609 basehttp 92733 6124482560 "GET /api/v1/product-requests/orders/ HTTP/1.1" 200 2517
INFO 2025-09-03 23:39:27,596 basehttp 92733 6124482560 "GET /api/v1/product-requests/orders/ HTTP/1.1" 200 2517
INFO 2025-09-03 23:39:47,599 basehttp 92733 6124482560 "GET /api/v1/product-requests/orders/ HTTP/1.1" 200 2517
INFO 2025-09-03 23:40:07,586 basehttp 92733 6124482560 "GET /api/v1/product-requests/orders/ HTTP/1.1" 200 2517
INFO 2025-09-03 23:40:27,593 basehttp 92733 6124482560 "GET /api/v1/product-requests/orders/ HTTP/1.1" 200 2517
INFO 2025-09-03 23:40:47,589 basehttp 92733 6124482560 "GET /api/v1/product-requests/orders/ HTTP/1.1" 200 2517
INFO 2025-09-03 23:41:07,606 basehttp 92733 6124482560 "GET /api/v1/product-requests/orders/ HTTP/1.1" 200 2517
INFO 2025-09-03 23:41:27,590 basehttp 92733 6124482560 "GET /api/v1/product-requests/orders/ HTTP/1.1" 200 2517
INFO 2025-09-03 23:41:47,588 basehttp 92733 6124482560 "GET /api/v1/product-requests/orders/ HTTP/1.1" 200 2517
INFO 2025-09-03 23:42:07,589 basehttp 92733 6124482560 "GET /api/v1/product-requests/orders/ HTTP/1.1" 200 2517
INFO 2025-09-03 23:42:27,574 basehttp 92733 6124482560 "GET /api/v1/product-requests/orders/ HTTP/1.1" 200 2517
INFO 2025-09-03 23:42:47,599 basehttp 92733 6124482560 "GET /api/v1/product-requests/orders/ HTTP/1.1" 200 2517
INFO 2025-09-03 23:43:07,625 basehttp 92733 6124482560 "GET /api/v1/product-requests/orders/ HTTP/1.1" 200 2517
INFO 2025-09-03 23:43:27,573 basehttp 92733 6124482560 "GET /api/v1/product-requests/orders/ HTTP/1.1" 200 2517
INFO 2025-09-03 23:43:47,588 basehttp 92733 6124482560 "GET /api/v1/product-requests/orders/ HTTP/1.1" 200 2517
INFO 2025-09-03 23:44:07,605 basehttp 92733 6124482560 "GET /api/v1/product-requests/orders/ HTTP/1.1" 200 2517
INFO 2025-09-03 23:44:27,620 basehttp 92733 6124482560 "GET /api/v1/product-requests/orders/ HTTP/1.1" 200 2517
INFO 2025-09-03 23:44:47,601 basehttp 92733 6124482560 "GET /api/v1/product-requests/orders/ HTTP/1.1" 200 2517
INFO 2025-09-03 23:45:07,609 basehttp 92733 6124482560 "GET /api/v1/product-requests/orders/ HTTP/1.1" 200 2517
INFO 2025-09-03 23:45:27,609 basehttp 92733 6124482560 "GET /api/v1/product-requests/orders/ HTTP/1.1" 200 2517
INFO 2025-09-03 23:45:47,595 basehttp 92733 6124482560 "GET /api/v1/product-requests/orders/ HTTP/1.1" 200 2517
INFO 2025-09-03 23:46:07,629 basehttp 92733 6124482560 "GET /api/v1/product-requests/orders/ HTTP/1.1" 200 2517
INFO 2025-09-03 23:46:27,612 basehttp 92733 6124482560 "GET /api/v1/product-requests/orders/ HTTP/1.1" 200 2517
INFO 2025-09-03 23:46:47,589 basehttp 92733 6124482560 "GET /api/v1/product-requests/orders/ HTTP/1.1" 200 2517
INFO 2025-09-03 23:47:07,584 basehttp 92733 6124482560 "OPTIONS /api/v1/product-requests/orders/ HTTP/1.1" 200 0
INFO 2025-09-03 23:47:07,611 basehttp 92733 6124482560 "GET /api/v1/product-requests/orders/ HTTP/1.1" 200 2517
INFO 2025-09-03 23:47:27,608 basehttp 92733 6124482560 "GET /api/v1/product-requests/orders/ HTTP/1.1" 200 2517
INFO 2025-09-03 23:47:47,596 basehttp 92733 6124482560 "GET /api/v1/product-requests/orders/ HTTP/1.1" 200 2517
INFO 2025-09-03 23:48:07,624 basehttp 92733 6124482560 "GET /api/v1/product-requests/orders/ HTTP/1.1" 200 2517
INFO 2025-09-03 23:48:27,623 basehttp 92733 6124482560 "GET /api/v1/product-requests/orders/ HTTP/1.1" 200 2517
INFO 2025-09-03 23:48:47,603 basehttp 92733 6124482560 "GET /api/v1/product-requests/orders/ HTTP/1.1" 200 2517
INFO 2025-09-03 23:49:07,617 basehttp 92733 6124482560 "GET /api/v1/product-requests/orders/ HTTP/1.1" 200 2517
INFO 2025-09-03 23:49:27,622 basehttp 92733 6124482560 "GET /api/v1/product-requests/orders/ HTTP/1.1" 200 2517
INFO 2025-09-03 23:49:47,600 basehttp 92733 6124482560 "GET /api/v1/product-requests/orders/ HTTP/1.1" 200 2517
INFO 2025-09-03 23:50:07,609 basehttp 92733 6124482560 "GET /api/v1/product-requests/orders/ HTTP/1.1" 200 2517
INFO 2025-09-03 23:50:27,621 basehttp 92733 6124482560 "GET /api/v1/product-requests/orders/ HTTP/1.1" 200 2517
INFO 2025-09-03 23:50:47,597 basehttp 92733 6124482560 "GET /api/v1/product-requests/orders/ HTTP/1.1" 200 2517
INFO 2025-09-03 23:51:07,618 basehttp 92733 6124482560 "GET /api/v1/product-requests/orders/ HTTP/1.1" 200 2517
INFO 2025-09-03 23:51:27,618 basehttp 92733 6124482560 "GET /api/v1/product-requests/orders/ HTTP/1.1" 200 2517
INFO 2025-09-03 23:51:47,608 basehttp 92733 6124482560 "GET /api/v1/product-requests/orders/ HTTP/1.1" 200 2517
WARNING 2025-09-03 23:52:07,612 log 92733 6124482560 Too Many Requests: /products/api/v1/product-requests/orders/
WARNING 2025-09-03 23:52:07,613 basehttp 92733 6124482560 "GET /api/v1/product-requests/orders/ HTTP/1.1" 429 143
WARNING 2025-09-03 23:52:27,618 log 92733 6124482560 Too Many Requests: /products/api/v1/product-requests/orders/
WARNING 2025-09-03 23:52:27,619 basehttp 92733 6124482560 "GET /api/v1/product-requests/orders/ HTTP/1.1" 429 143
WARNING 2025-09-03 23:52:47,593 log 92733 6124482560 Too Many Requests: /products/api/v1/product-requests/orders/
WARNING 2025-09-03 23:52:47,594 basehttp 92733 6124482560 "GET /api/v1/product-requests/orders/ HTTP/1.1" 429 143
WARNING 2025-09-03 23:53:07,623 log 92733 6124482560 Too Many Requests: /products/api/v1/product-requests/orders/
WARNING 2025-09-03 23:53:07,624 basehttp 92733 6124482560 "GET /api/v1/product-requests/orders/ HTTP/1.1" 429 143
WARNING 2025-09-03 23:53:27,629 log 92733 6124482560 Too Many Requests: /products/api/v1/product-requests/orders/
WARNING 2025-09-03 23:53:27,630 basehttp 92733 6124482560 "GET /api/v1/product-requests/orders/ HTTP/1.1" 429 143
WARNING 2025-09-03 23:53:47,609 log 92733 6124482560 Too Many Requests: /products/api/v1/product-requests/orders/
WARNING 2025-09-03 23:53:47,610 basehttp 92733 6124482560 "GET /api/v1/product-requests/orders/ HTTP/1.1" 429 143
WARNING 2025-09-03 23:54:07,615 log 92733 6124482560 Too Many Requests: /products/api/v1/product-requests/orders/
WARNING 2025-09-03 23:54:07,616 basehttp 92733 6124482560 "GET /api/v1/product-requests/orders/ HTTP/1.1" 429 143
WARNING 2025-09-03 23:54:27,617 log 92733 6124482560 Too Many Requests: /products/api/v1/product-requests/orders/
WARNING 2025-09-03 23:54:27,618 basehttp 92733 6124482560 "GET /api/v1/product-requests/orders/ HTTP/1.1" 429 143
WARNING 2025-09-03 23:54:47,590 log 92733 6124482560 Too Many Requests: /products/api/v1/product-requests/orders/
WARNING 2025-09-03 23:54:47,590 basehttp 92733 6124482560 "GET /api/v1/product-requests/orders/ HTTP/1.1" 429 143
WARNING 2025-09-03 23:55:07,577 log 92733 6124482560 Too Many Requests: /products/api/v1/product-requests/orders/
WARNING 2025-09-03 23:55:07,578 basehttp 92733 6124482560 "GET /api/v1/product-requests/orders/ HTTP/1.1" 429 143
WARNING 2025-09-03 23:55:27,601 log 92733 6124482560 Too Many Requests: /products/api/v1/product-requests/orders/
WARNING 2025-09-03 23:55:27,602 basehttp 92733 6124482560 "GET /api/v1/product-requests/orders/ HTTP/1.1" 429 143
WARNING 2025-09-03 23:55:47,600 log 92733 6124482560 Too Many Requests: /products/api/v1/product-requests/orders/
WARNING 2025-09-03 23:55:47,601 basehttp 92733 6124482560 "GET /api/v1/product-requests/orders/ HTTP/1.1" 429 143
WARNING 2025-09-03 23:56:07,604 log 92733 6124482560 Too Many Requests: /products/api/v1/product-requests/orders/
WARNING 2025-09-03 23:56:07,604 basehttp 92733 6124482560 "GET /api/v1/product-requests/orders/ HTTP/1.1" 429 143
WARNING 2025-09-03 23:56:27,659 log 92733 6124482560 Too Many Requests: /products/api/v1/product-requests/orders/
WARNING 2025-09-03 23:56:27,660 basehttp 92733 6124482560 "GET /api/v1/product-requests/orders/ HTTP/1.1" 429 143
WARNING 2025-09-03 23:56:47,604 log 92733 6124482560 Too Many Requests: /products/api/v1/product-requests/orders/
WARNING 2025-09-03 23:56:47,605 basehttp 92733 6124482560 "GET /api/v1/product-requests/orders/ HTTP/1.1" 429 143
WARNING 2025-09-03 23:57:07,614 log 92733 6124482560 Too Many Requests: /products/api/v1/product-requests/orders/
WARNING 2025-09-03 23:57:07,615 basehttp 92733 6124482560 "GET /api/v1/product-requests/orders/ HTTP/1.1" 429 143
WARNING 2025-09-03 23:57:27,619 log 92733 6124482560 Too Many Requests: /products/api/v1/product-requests/orders/
WARNING 2025-09-03 23:57:27,619 basehttp 92733 6124482560 "GET /api/v1/product-requests/orders/ HTTP/1.1" 429 143
WARNING 2025-09-03 23:57:47,590 log 92733 6124482560 Too Many Requests: /products/api/v1/product-requests/orders/
WARNING 2025-09-03 23:57:47,591 basehttp 92733 6124482560 "GET /api/v1/product-requests/orders/ HTTP/1.1" 429 143
WARNING 2025-09-03 23:58:07,626 log 92733 6124482560 Too Many Requests: /products/api/v1/product-requests/orders/
WARNING 2025-09-03 23:58:07,627 basehttp 92733 6124482560 "GET /api/v1/product-requests/orders/ HTTP/1.1" 429 143
WARNING 2025-09-03 23:58:27,624 log 92733 6124482560 Too Many Requests: /products/api/v1/product-requests/orders/
WARNING 2025-09-03 23:58:27,626 basehttp 92733 6124482560 "GET /api/v1/product-requests/orders/ HTTP/1.1" 429 143
WARNING 2025-09-03 23:58:47,620 log 92733 6124482560 Too Many Requests: /products/api/v1/product-requests/orders/
WARNING 2025-09-03 23:58:47,620 basehttp 92733 6124482560 "GET /api/v1/product-requests/orders/ HTTP/1.1" 429 143
WARNING 2025-09-03 23:59:07,619 log 92733 6124482560 Too Many Requests: /products/api/v1/product-requests/orders/
WARNING 2025-09-03 23:59:07,620 basehttp 92733 6124482560 "GET /api/v1/product-requests/orders/ HTTP/1.1" 429 143
WARNING 2025-09-03 23:59:27,630 log 92733 6124482560 Too Many Requests: /products/api/v1/product-requests/orders/
WARNING 2025-09-03 23:59:27,631 basehttp 92733 6124482560 "GET /api/v1/product-requests/orders/ HTTP/1.1" 429 143
WARNING 2025-09-03 23:59:47,611 log 92733 6124482560 Too Many Requests: /products/api/v1/product-requests/orders/
WARNING 2025-09-03 23:59:47,612 basehttp 92733 6124482560 "GET /api/v1/product-requests/orders/ HTTP/1.1" 429 143
WARNING 2025-09-04 00:00:07,624 log 92733 6124482560 Too Many Requests: /products/api/v1/product-requests/orders/
WARNING 2025-09-04 00:00:07,625 basehttp 92733 6124482560 "GET /api/v1/product-requests/orders/ HTTP/1.1" 429 143
WARNING 2025-09-04 00:00:27,624 log 92733 6124482560 Too Many Requests: /products/api/v1/product-requests/orders/
WARNING 2025-09-04 00:00:27,624 basehttp 92733 6124482560 "GET /api/v1/product-requests/orders/ HTTP/1.1" 429 143
WARNING 2025-09-04 00:00:47,610 log 92733 6124482560 Too Many Requests: /products/api/v1/product-requests/orders/
WARNING 2025-09-04 00:00:47,611 basehttp 92733 6124482560 "GET /api/v1/product-requests/orders/ HTTP/1.1" 429 143
WARNING 2025-09-04 00:01:07,590 log 92733 6124482560 Too Many Requests: /products/api/v1/product-requests/orders/
WARNING 2025-09-04 00:01:07,590 basehttp 92733 6124482560 "GET /api/v1/product-requests/orders/ HTTP/1.1" 429 143
WARNING 2025-09-04 00:01:27,605 log 92733 6124482560 Too Many Requests: /products/api/v1/product-requests/orders/
WARNING 2025-09-04 00:01:27,605 basehttp 92733 6124482560 "GET /api/v1/product-requests/orders/ HTTP/1.1" 429 143
WARNING 2025-09-04 00:01:47,609 log 92733 6124482560 Too Many Requests: /products/api/v1/product-requests/orders/
WARNING 2025-09-04 00:01:47,610 basehttp 92733 6124482560 "GET /api/v1/product-requests/orders/ HTTP/1.1" 429 143
WARNING 2025-09-04 00:02:07,618 log 92733 6124482560 Too Many Requests: /products/api/v1/product-requests/orders/
WARNING 2025-09-04 00:02:07,619 basehttp 92733 6124482560 "GET /api/v1/product-requests/orders/ HTTP/1.1" 429 143
WARNING 2025-09-04 00:02:27,618 log 92733 6124482560 Too Many Requests: /products/api/v1/product-requests/orders/
WARNING 2025-09-04 00:02:27,619 basehttp 92733 6124482560 "GET /api/v1/product-requests/orders/ HTTP/1.1" 429 141
WARNING 2025-09-04 00:02:47,621 log 92733 6124482560 Too Many Requests: /products/api/v1/product-requests/orders/
WARNING 2025-09-04 00:02:47,622 basehttp 92733 6124482560 "GET /api/v1/product-requests/orders/ HTTP/1.1" 429 141
WARNING 2025-09-04 00:03:07,627 log 92733 6124482560 Too Many Requests: /products/api/v1/product-requests/orders/
WARNING 2025-09-04 00:03:07,629 basehttp 92733 6124482560 "GET /api/v1/product-requests/orders/ HTTP/1.1" 429 141
WARNING 2025-09-04 00:03:27,606 log 92733 6124482560 Too Many Requests: /products/api/v1/product-requests/orders/
WARNING 2025-09-04 00:03:27,607 basehttp 92733 6124482560 "GET /api/v1/product-requests/orders/ HTTP/1.1" 429 141
WARNING 2025-09-04 00:03:47,627 log 92733 6124482560 Too Many Requests: /products/api/v1/product-requests/orders/
WARNING 2025-09-04 00:03:47,628 basehttp 92733 6124482560 "GET /api/v1/product-requests/orders/ HTTP/1.1" 429 141
WARNING 2025-09-04 00:04:07,613 log 92733 6124482560 Too Many Requests: /products/api/v1/product-requests/orders/
WARNING 2025-09-04 00:04:07,614 basehttp 92733 6124482560 "GET /api/v1/product-requests/orders/ HTTP/1.1" 429 141
WARNING 2025-09-04 00:04:27,628 log 92733 6124482560 Too Many Requests: /products/api/v1/product-requests/orders/
WARNING 2025-09-04 00:04:27,629 basehttp 92733 6124482560 "GET /api/v1/product-requests/orders/ HTTP/1.1" 429 141
WARNING 2025-09-04 00:04:47,627 log 92733 6124482560 Too Many Requests: /products/api/v1/product-requests/orders/
WARNING 2025-09-04 00:04:47,628 basehttp 92733 6124482560 "GET /api/v1/product-requests/orders/ HTTP/1.1" 429 141
WARNING 2025-09-04 00:05:07,611 log 92733 6124482560 Too Many Requests: /products/api/v1/product-requests/orders/
WARNING 2025-09-04 00:05:07,612 basehttp 92733 6124482560 "GET /api/v1/product-requests/orders/ HTTP/1.1" 429 141
WARNING 2025-09-04 00:05:27,623 log 92733 6124482560 Too Many Requests: /products/api/v1/product-requests/orders/
WARNING 2025-09-04 00:05:27,624 basehttp 92733 6124482560 "GET /api/v1/product-requests/orders/ HTTP/1.1" 429 141
WARNING 2025-09-04 00:05:47,612 log 92733 6124482560 Too Many Requests: /products/api/v1/product-requests/orders/
WARNING 2025-09-04 00:05:47,612 basehttp 92733 6124482560 "GET /api/v1/product-requests/orders/ HTTP/1.1" 429 141
WARNING 2025-09-04 00:06:07,606 log 92733 6124482560 Too Many Requests: /products/api/v1/product-requests/orders/
WARNING 2025-09-04 00:06:07,606 basehttp 92733 6124482560 "GET /api/v1/product-requests/orders/ HTTP/1.1" 429 141
WARNING 2025-09-04 00:06:27,616 log 92733 6124482560 Too Many Requests: /products/api/v1/product-requests/orders/
WARNING 2025-09-04 00:06:27,616 basehttp 92733 6124482560 "GET /api/v1/product-requests/orders/ HTTP/1.1" 429 141
WARNING 2025-09-04 00:06:47,631 log 92733 6124482560 Too Many Requests: /products/api/v1/product-requests/orders/
WARNING 2025-09-04 00:06:47,632 basehttp 92733 6124482560 "GET /api/v1/product-requests/orders/ HTTP/1.1" 429 141
WARNING 2025-09-04 00:07:07,616 log 92733 6124482560 Too Many Requests: /products/api/v1/product-requests/orders/
WARNING 2025-09-04 00:07:07,618 basehttp 92733 6124482560 "GET /api/v1/product-requests/orders/ HTTP/1.1" 429 141
WARNING 2025-09-04 00:07:27,634 log 92733 6124482560 Too Many Requests: /products/api/v1/product-requests/orders/
WARNING 2025-09-04 00:07:27,636 basehttp 92733 6124482560 "GET /api/v1/product-requests/orders/ HTTP/1.1" 429 141
WARNING 2025-09-04 00:07:47,632 log 92733 6124482560 Too Many Requests: /products/api/v1/product-requests/orders/
WARNING 2025-09-04 00:07:47,633 basehttp 92733 6124482560 "GET /api/v1/product-requests/orders/ HTTP/1.1" 429 141
WARNING 2025-09-04 00:08:07,645 log 92733 6124482560 Too Many Requests: /products/api/v1/product-requests/orders/
WARNING 2025-09-04 00:08:07,646 basehttp 92733 6124482560 "GET /api/v1/product-requests/orders/ HTTP/1.1" 429 141
WARNING 2025-09-04 00:08:27,630 log 92733 6124482560 Too Many Requests: /products/api/v1/product-requests/orders/
WARNING 2025-09-04 00:08:27,631 basehttp 92733 6124482560 "GET /api/v1/product-requests/orders/ HTTP/1.1" 429 141
WARNING 2025-09-04 00:08:47,617 log 92733 6124482560 Too Many Requests: /products/api/v1/product-requests/orders/
WARNING 2025-09-04 00:08:47,618 basehttp 92733 6124482560 "GET /api/v1/product-requests/orders/ HTTP/1.1" 429 141
WARNING 2025-09-04 00:09:07,608 log 92733 6124482560 Too Many Requests: /products/api/v1/product-requests/orders/
WARNING 2025-09-04 00:09:07,609 basehttp 92733 6124482560 "GET /api/v1/product-requests/orders/ HTTP/1.1" 429 141
WARNING 2025-09-04 00:09:27,634 log 92733 6124482560 Too Many Requests: /products/api/v1/product-requests/orders/
WARNING 2025-09-04 00:09:27,635 basehttp 92733 6124482560 "GET /api/v1/product-requests/orders/ HTTP/1.1" 429 141
WARNING 2025-09-04 00:09:47,620 log 92733 6124482560 Too Many Requests: /products/api/v1/product-requests/orders/
WARNING 2025-09-04 00:09:47,621 basehttp 92733 6124482560 "GET /api/v1/product-requests/orders/ HTTP/1.1" 429 141
WARNING 2025-09-04 00:10:07,610 log 92733 6124482560 Too Many Requests: /products/api/v1/product-requests/orders/
WARNING 2025-09-04 00:10:07,611 basehttp 92733 6124482560 "GET /api/v1/product-requests/orders/ HTTP/1.1" 429 141
WARNING 2025-09-04 00:10:27,633 log 92733 6124482560 Too Many Requests: /products/api/v1/product-requests/orders/
WARNING 2025-09-04 00:10:27,634 basehttp 92733 6124482560 "GET /api/v1/product-requests/orders/ HTTP/1.1" 429 141
WARNING 2025-09-04 00:10:47,616 log 92733 6124482560 Too Many Requests: /products/api/v1/product-requests/orders/
WARNING 2025-09-04 00:10:47,616 basehttp 92733 6124482560 "GET /api/v1/product-requests/orders/ HTTP/1.1" 429 141
WARNING 2025-09-04 00:11:07,627 log 92733 6124482560 Too Many Requests: /products/api/v1/product-requests/orders/
WARNING 2025-09-04 00:11:07,627 basehttp 92733 6124482560 "GET /api/v1/product-requests/orders/ HTTP/1.1" 429 141
WARNING 2025-09-04 00:11:27,635 log 92733 6124482560 Too Many Requests: /products/api/v1/product-requests/orders/
WARNING 2025-09-04 00:11:27,635 basehttp 92733 6124482560 "GET /api/v1/product-requests/orders/ HTTP/1.1" 429 141
WARNING 2025-09-04 00:11:47,634 log 92733 6124482560 Too Many Requests: /products/api/v1/product-requests/orders/
WARNING 2025-09-04 00:11:47,634 basehttp 92733 6124482560 "GET /api/v1/product-requests/orders/ HTTP/1.1" 429 141
WARNING 2025-09-04 00:12:07,625 log 92733 6124482560 Too Many Requests: /products/api/v1/product-requests/orders/
WARNING 2025-09-04 00:12:07,626 basehttp 92733 6124482560 "GET /api/v1/product-requests/orders/ HTTP/1.1" 429 141
WARNING 2025-09-04 00:12:27,611 log 92733 6124482560 Too Many Requests: /products/api/v1/product-requests/orders/
WARNING 2025-09-04 00:12:27,612 basehttp 92733 6124482560 "GET /api/v1/product-requests/orders/ HTTP/1.1" 429 141
WARNING 2025-09-04 00:12:47,637 log 92733 6124482560 Too Many Requests: /products/api/v1/product-requests/orders/
WARNING 2025-09-04 00:12:47,638 basehttp 92733 6124482560 "GET /api/v1/product-requests/orders/ HTTP/1.1" 429 141
WARNING 2025-09-04 00:13:07,637 log 92733 6124482560 Too Many Requests: /products/api/v1/product-requests/orders/
WARNING 2025-09-04 00:13:07,638 basehttp 92733 6124482560 "GET /api/v1/product-requests/orders/ HTTP/1.1" 429 141
WARNING 2025-09-04 00:13:27,631 log 92733 6124482560 Too Many Requests: /products/api/v1/product-requests/orders/
WARNING 2025-09-04 00:13:27,632 basehttp 92733 6124482560 "GET /api/v1/product-requests/orders/ HTTP/1.1" 429 141
WARNING 2025-09-04 00:13:47,623 log 92733 6124482560 Too Many Requests: /products/api/v1/product-requests/orders/
WARNING 2025-09-04 00:13:47,624 basehttp 92733 6124482560 "GET /api/v1/product-requests/orders/ HTTP/1.1" 429 141
WARNING 2025-09-04 00:14:07,625 log 92733 6124482560 Too Many Requests: /products/api/v1/product-requests/orders/
WARNING 2025-09-04 00:14:07,627 basehttp 92733 6124482560 "GET /api/v1/product-requests/orders/ HTTP/1.1" 429 141
WARNING 2025-09-04 00:14:27,636 log 92733 6124482560 Too Many Requests: /products/api/v1/product-requests/orders/
WARNING 2025-09-04 00:14:27,637 basehttp 92733 6124482560 "GET /api/v1/product-requests/orders/ HTTP/1.1" 429 141
WARNING 2025-09-04 00:14:47,630 log 92733 6124482560 Too Many Requests: /products/api/v1/product-requests/orders/
WARNING 2025-09-04 00:14:47,631 basehttp 92733 6124482560 "GET /api/v1/product-requests/orders/ HTTP/1.1" 429 141
WARNING 2025-09-04 00:15:07,632 log 92733 6124482560 Too Many Requests: /products/api/v1/product-requests/orders/
WARNING 2025-09-04 00:15:07,633 basehttp 92733 6124482560 "GET /api/v1/product-requests/orders/ HTTP/1.1" 429 141
WARNING 2025-09-04 00:15:27,639 log 92733 6124482560 Too Many Requests: /products/api/v1/product-requests/orders/
WARNING 2025-09-04 00:15:27,641 basehttp 92733 6124482560 "GET /api/v1/product-requests/orders/ HTTP/1.1" 429 141
WARNING 2025-09-04 00:15:47,614 log 92733 6124482560 Too Many Requests: /products/api/v1/product-requests/orders/
WARNING 2025-09-04 00:15:47,615 basehttp 92733 6124482560 "GET /api/v1/product-requests/orders/ HTTP/1.1" 429 141
WARNING 2025-09-04 00:16:07,576 log 92733 6124482560 Too Many Requests: /products/api/v1/product-requests/orders/
WARNING 2025-09-04 00:16:07,577 basehttp 92733 6124482560 "GET /api/v1/product-requests/orders/ HTTP/1.1" 429 141
WARNING 2025-09-04 00:16:27,576 log 92733 6124482560 Too Many Requests: /products/api/v1/product-requests/orders/
WARNING 2025-09-04 00:16:27,577 basehttp 92733 6124482560 "GET /api/v1/product-requests/orders/ HTTP/1.1" 429 141
WARNING 2025-09-04 00:16:47,557 log 92733 6124482560 Too Many Requests: /products/api/v1/product-requests/orders/
WARNING 2025-09-04 00:16:47,558 basehttp 92733 6124482560 "GET /api/v1/product-requests/orders/ HTTP/1.1" 429 141
WARNING 2025-09-04 00:17:07,542 log 92733 6124482560 Too Many Requests: /products/api/v1/product-requests/orders/
WARNING 2025-09-04 00:17:07,543 basehttp 92733 6124482560 "GET /api/v1/product-requests/orders/ HTTP/1.1" 429 141
WARNING 2025-09-04 00:17:27,568 log 92733 6124482560 Too Many Requests: /products/api/v1/product-requests/orders/
WARNING 2025-09-04 00:17:27,569 basehttp 92733 6124482560 "GET /api/v1/product-requests/orders/ HTTP/1.1" 429 139
WARNING 2025-09-04 00:17:47,551 log 92733 6124482560 Too Many Requests: /products/api/v1/product-requests/orders/
WARNING 2025-09-04 00:17:47,552 basehttp 92733 6124482560 "GET /api/v1/product-requests/orders/ HTTP/1.1" 429 139
WARNING 2025-09-04 00:18:07,539 log 92733 6124482560 Too Many Requests: /products/api/v1/product-requests/orders/
WARNING 2025-09-04 00:18:07,540 basehttp 92733 6124482560 "GET /api/v1/product-requests/orders/ HTTP/1.1" 429 139
WARNING 2025-09-04 00:18:27,554 log 92733 6124482560 Too Many Requests: /products/api/v1/product-requests/orders/
WARNING 2025-09-04 00:18:27,555 basehttp 92733 6124482560 "GET /api/v1/product-requests/orders/ HTTP/1.1" 429 139
WARNING 2025-09-04 00:18:47,570 log 92733 6124482560 Too Many Requests: /products/api/v1/product-requests/orders/
WARNING 2025-09-04 00:18:47,571 basehttp 92733 6124482560 "GET /api/v1/product-requests/orders/ HTTP/1.1" 429 137
INFO 2025-09-04 00:19:07,567 basehttp 92733 6124482560 "GET /api/v1/product-requests/orders/ HTTP/1.1" 200 2517
INFO 2025-09-04 00:19:27,576 basehttp 92733 6124482560 "GET /api/v1/product-requests/orders/ HTTP/1.1" 200 2517
INFO 2025-09-04 00:19:47,573 basehttp 92733 6124482560 "GET /api/v1/product-requests/orders/ HTTP/1.1" 200 2517
INFO 2025-09-04 00:20:07,560 basehttp 92733 6124482560 "GET /api/v1/product-requests/orders/ HTTP/1.1" 200 2517
INFO 2025-09-04 00:20:27,571 basehttp 92733 6124482560 "GET /api/v1/product-requests/orders/ HTTP/1.1" 200 2517
INFO 2025-09-04 00:20:47,577 basehttp 92733 6124482560 "GET /api/v1/product-requests/orders/ HTTP/1.1" 200 2517
INFO 2025-09-04 00:21:07,557 basehttp 92733 6124482560 "GET /api/v1/product-requests/orders/ HTTP/1.1" 200 2517
INFO 2025-09-04 00:21:27,589 basehttp 92733 6124482560 "GET /api/v1/product-requests/orders/ HTTP/1.1" 200 2517
INFO 2025-09-04 00:21:47,554 basehttp 92733 6124482560 "GET /api/v1/product-requests/orders/ HTTP/1.1" 200 2517
INFO 2025-09-04 00:22:07,572 basehttp 92733 6124482560 "GET /api/v1/product-requests/orders/ HTTP/1.1" 200 2517
INFO 2025-09-04 00:22:27,546 basehttp 92733 6124482560 "GET /api/v1/product-requests/orders/ HTTP/1.1" 200 2517
INFO 2025-09-04 00:22:47,571 basehttp 92733 6124482560 "GET /api/v1/product-requests/orders/ HTTP/1.1" 200 2517
INFO 2025-09-04 00:23:07,586 basehttp 92733 6124482560 "GET /api/v1/product-requests/orders/ HTTP/1.1" 200 2517
INFO 2025-09-04 00:23:27,567 basehttp 92733 6124482560 "GET /api/v1/product-requests/orders/ HTTP/1.1" 200 2517
INFO 2025-09-04 00:23:47,564 basehttp 92733 6124482560 "GET /api/v1/product-requests/orders/ HTTP/1.1" 200 2517
INFO 2025-09-04 00:24:07,559 basehttp 92733 6124482560 "GET /api/v1/product-requests/orders/ HTTP/1.1" 200 2517
INFO 2025-09-04 00:24:27,563 basehttp 92733 6124482560 "GET /api/v1/product-requests/orders/ HTTP/1.1" 200 2517
INFO 2025-09-04 00:24:47,577 basehttp 92733 6124482560 "GET /api/v1/product-requests/orders/ HTTP/1.1" 200 2517
INFO 2025-09-04 00:25:07,567 basehttp 92733 6124482560 "GET /api/v1/product-requests/orders/ HTTP/1.1" 200 2517
INFO 2025-09-04 00:25:27,580 basehttp 92733 6124482560 "GET /api/v1/product-requests/orders/ HTTP/1.1" 200 2517
INFO 2025-09-04 00:25:47,550 basehttp 92733 6124482560 "GET /api/v1/product-requests/orders/ HTTP/1.1" 200 2517
INFO 2025-09-04 00:26:07,544 basehttp 92733 6124482560 "GET /api/v1/product-requests/orders/ HTTP/1.1" 200 2517
INFO 2025-09-04 00:26:27,575 basehttp 92733 6124482560 "GET /api/v1/product-requests/orders/ HTTP/1.1" 200 2517
INFO 2025-09-04 00:26:47,571 basehttp 92733 6124482560 "GET /api/v1/product-requests/orders/ HTTP/1.1" 200 2517
INFO 2025-09-04 00:27:07,567 basehttp 92733 6124482560 "GET /api/v1/product-requests/orders/ HTTP/1.1" 200 2517
INFO 2025-09-04 00:27:27,562 basehttp 92733 6124482560 "GET /api/v1/product-requests/orders/ HTTP/1.1" 200 2517
INFO 2025-09-04 00:27:47,572 basehttp 92733 6124482560 "GET /api/v1/product-requests/orders/ HTTP/1.1" 200 2517
INFO 2025-09-04 00:28:07,576 basehttp 92733 6124482560 "GET /api/v1/product-requests/orders/ HTTP/1.1" 200 2517
INFO 2025-09-04 00:28:27,573 basehttp 92733 6124482560 "GET /api/v1/product-requests/orders/ HTTP/1.1" 200 2517
INFO 2025-09-04 00:28:47,591 basehttp 92733 6124482560 "GET /api/v1/product-requests/orders/ HTTP/1.1" 200 2517
INFO 2025-09-04 00:29:07,575 basehttp 92733 6124482560 "GET /api/v1/product-requests/orders/ HTTP/1.1" 200 2517
INFO 2025-09-04 00:29:27,568 basehttp 92733 6124482560 "GET /api/v1/product-requests/orders/ HTTP/1.1" 200 2517
INFO 2025-09-04 00:29:47,577 basehttp 92733 6124482560 "GET /api/v1/product-requests/orders/ HTTP/1.1" 200 2517
INFO 2025-09-04 00:30:07,587 basehttp 92733 6124482560 "GET /api/v1/product-requests/orders/ HTTP/1.1" 200 2517
INFO 2025-09-04 00:30:27,587 basehttp 92733 6124482560 "GET /api/v1/product-requests/orders/ HTTP/1.1" 200 2517
INFO 2025-09-04 00:30:47,572 basehttp 92733 6124482560 "GET /api/v1/product-requests/orders/ HTTP/1.1" 200 2517
INFO 2025-09-04 00:31:07,578 basehttp 92733 6124482560 "GET /api/v1/product-requests/orders/ HTTP/1.1" 200 2517
INFO 2025-09-04 00:31:27,568 basehttp 92733 6124482560 "GET /api/v1/product-requests/orders/ HTTP/1.1" 200 2517
INFO 2025-09-04 00:31:47,567 basehttp 92733 6124482560 "GET /api/v1/product-requests/orders/ HTTP/1.1" 200 2517
INFO 2025-09-04 00:32:07,571 basehttp 92733 6124482560 "GET /api/v1/product-requests/orders/ HTTP/1.1" 200 2517
INFO 2025-09-04 00:32:27,570 basehttp 92733 6124482560 "GET /api/v1/product-requests/orders/ HTTP/1.1" 200 2517
INFO 2025-09-04 00:32:47,603 basehttp 92733 6124482560 "GET /api/v1/product-requests/orders/ HTTP/1.1" 200 2517
INFO 2025-09-04 00:33:07,585 basehttp 92733 6124482560 "GET /api/v1/product-requests/orders/ HTTP/1.1" 200 2517
INFO 2025-09-04 00:33:27,601 basehttp 92733 6124482560 "GET /api/v1/product-requests/orders/ HTTP/1.1" 200 2517
INFO 2025-09-04 00:33:47,597 basehttp 92733 6124482560 "GET /api/v1/product-requests/orders/ HTTP/1.1" 200 2517
INFO 2025-09-04 00:34:07,593 basehttp 92733 6124482560 "GET /api/v1/product-requests/orders/ HTTP/1.1" 200 2517
INFO 2025-09-04 00:34:27,570 basehttp 92733 6124482560 "GET /api/v1/product-requests/orders/ HTTP/1.1" 200 2517
INFO 2025-09-04 00:34:47,570 basehttp 92733 6124482560 "GET /api/v1/product-requests/orders/ HTTP/1.1" 200 2517
INFO 2025-09-04 00:35:07,594 basehttp 92733 6124482560 "GET /api/v1/product-requests/orders/ HTTP/1.1" 200 2517
INFO 2025-09-04 00:35:27,603 basehttp 92733 6124482560 "GET /api/v1/product-requests/orders/ HTTP/1.1" 200 2517
INFO 2025-09-04 00:35:47,595 basehttp 92733 6124482560 "GET /api/v1/product-requests/orders/ HTTP/1.1" 200 2517
INFO 2025-09-04 00:36:07,587 basehttp 92733 6124482560 "GET /api/v1/product-requests/orders/ HTTP/1.1" 200 2517
INFO 2025-09-04 00:36:27,592 basehttp 92733 6124482560 "GET /api/v1/product-requests/orders/ HTTP/1.1" 200 2517
INFO 2025-09-04 00:36:47,589 basehttp 92733 6124482560 "GET /api/v1/product-requests/orders/ HTTP/1.1" 200 2517
INFO 2025-09-04 00:37:07,590 basehttp 92733 6124482560 "GET /api/v1/product-requests/orders/ HTTP/1.1" 200 2517
INFO 2025-09-04 00:37:27,585 basehttp 92733 6124482560 "GET /api/v1/product-requests/orders/ HTTP/1.1" 200 2517
INFO 2025-09-04 00:37:47,594 basehttp 92733 6124482560 "GET /api/v1/product-requests/orders/ HTTP/1.1" 200 2517
INFO 2025-09-04 00:38:07,605 basehttp 92733 6124482560 "GET /api/v1/product-requests/orders/ HTTP/1.1" 200 2517
INFO 2025-09-04 00:38:27,585 basehttp 92733 6124482560 "GET /api/v1/product-requests/orders/ HTTP/1.1" 200 2517
INFO 2025-09-04 00:38:47,614 basehttp 92733 6124482560 "GET /api/v1/product-requests/orders/ HTTP/1.1" 200 2517
INFO 2025-09-04 00:39:07,595 basehttp 92733 6124482560 "GET /api/v1/product-requests/orders/ HTTP/1.1" 200 2517
INFO 2025-09-04 00:39:27,580 basehttp 92733 6124482560 "GET /api/v1/product-requests/orders/ HTTP/1.1" 200 2517
INFO 2025-09-04 00:39:47,598 basehttp 92733 6124482560 "GET /api/v1/product-requests/orders/ HTTP/1.1" 200 2517
INFO 2025-09-04 00:40:07,601 basehttp 92733 6124482560 "GET /api/v1/product-requests/orders/ HTTP/1.1" 200 2517
INFO 2025-09-04 00:40:27,581 basehttp 92733 6124482560 "GET /api/v1/product-requests/orders/ HTTP/1.1" 200 2517
INFO 2025-09-04 00:40:47,597 basehttp 92733 6124482560 "GET /api/v1/product-requests/orders/ HTTP/1.1" 200 2517
INFO 2025-09-04 00:41:07,595 basehttp 92733 6124482560 "GET /api/v1/product-requests/orders/ HTTP/1.1" 200 2517
INFO 2025-09-04 00:41:27,591 basehttp 92733 6124482560 "GET /api/v1/product-requests/orders/ HTTP/1.1" 200 2517
INFO 2025-09-04 00:41:47,593 basehttp 92733 6124482560 "GET /api/v1/product-requests/orders/ HTTP/1.1" 200 2517
INFO 2025-09-04 00:42:07,607 basehttp 92733 6124482560 "GET /api/v1/product-requests/orders/ HTTP/1.1" 200 2517
INFO 2025-09-04 00:42:27,584 basehttp 92733 6124482560 "GET /api/v1/product-requests/orders/ HTTP/1.1" 200 2517
INFO 2025-09-04 00:42:47,576 basehttp 92733 6124482560 "GET /api/v1/product-requests/orders/ HTTP/1.1" 200 2517
INFO 2025-09-04 00:43:07,607 basehttp 92733 6124482560 "GET /api/v1/product-requests/orders/ HTTP/1.1" 200 2517
INFO 2025-09-04 00:43:27,576 basehttp 92733 6124482560 "GET /api/v1/product-requests/orders/ HTTP/1.1" 200 2517
INFO 2025-09-04 00:43:47,589 basehttp 92733 6124482560 "GET /api/v1/product-requests/orders/ HTTP/1.1" 200 2517
INFO 2025-09-04 00:44:07,608 basehttp 92733 6124482560 "GET /api/v1/product-requests/orders/ HTTP/1.1" 200 2517
INFO 2025-09-04 00:44:27,599 basehttp 92733 6124482560 "GET /api/v1/product-requests/orders/ HTTP/1.1" 200 2517
INFO 2025-09-04 00:44:47,592 basehttp 92733 6124482560 "GET /api/v1/product-requests/orders/ HTTP/1.1" 200 2517
INFO 2025-09-04 00:45:07,595 basehttp 92733 6124482560 "GET /api/v1/product-requests/orders/ HTTP/1.1" 200 2517
INFO 2025-09-04 00:45:27,602 basehttp 92733 6124482560 "GET /api/v1/product-requests/orders/ HTTP/1.1" 200 2517
INFO 2025-09-04 00:45:47,601 basehttp 92733 6124482560 "GET /api/v1/product-requests/orders/ HTTP/1.1" 200 2517
INFO 2025-09-04 00:46:07,620 basehttp 92733 6124482560 "GET /api/v1/product-requests/orders/ HTTP/1.1" 200 2517
INFO 2025-09-04 00:46:27,595 basehttp 92733 6124482560 "GET /api/v1/product-requests/orders/ HTTP/1.1" 200 2517
INFO 2025-09-04 00:46:47,589 basehttp 92733 6124482560 "GET /api/v1/product-requests/orders/ HTTP/1.1" 200 2517
INFO 2025-09-04 00:47:07,596 basehttp 92733 6124482560 "GET /api/v1/product-requests/orders/ HTTP/1.1" 200 2517
INFO 2025-09-04 00:47:27,597 basehttp 92733 6124482560 "GET /api/v1/product-requests/orders/ HTTP/1.1" 200 2517
INFO 2025-09-04 00:47:47,591 basehttp 92733 6124482560 "GET /api/v1/product-requests/orders/ HTTP/1.1" 200 2517
INFO 2025-09-04 00:48:07,602 basehttp 92733 6124482560 "GET /api/v1/product-requests/orders/ HTTP/1.1" 200 2517
INFO 2025-09-04 00:48:27,594 basehttp 92733 6124482560 "GET /api/v1/product-requests/orders/ HTTP/1.1" 200 2517
INFO 2025-09-04 00:48:47,626 basehttp 92733 6124482560 "GET /api/v1/product-requests/orders/ HTTP/1.1" 200 2517
INFO 2025-09-04 00:49:07,607 basehttp 92733 6124482560 "GET /api/v1/product-requests/orders/ HTTP/1.1" 200 2517
INFO 2025-09-04 00:49:27,620 basehttp 92733 6124482560 "GET /api/v1/product-requests/orders/ HTTP/1.1" 200 2517
INFO 2025-09-04 00:49:47,615 basehttp 92733 6124482560 "GET /api/v1/product-requests/orders/ HTTP/1.1" 200 2517
INFO 2025-09-04 00:50:07,629 basehttp 92733 6124482560 "GET /api/v1/product-requests/orders/ HTTP/1.1" 200 2517
INFO 2025-09-04 00:50:27,625 basehttp 92733 6124482560 "GET /api/v1/product-requests/orders/ HTTP/1.1" 200 2517
INFO 2025-09-04 00:50:47,624 basehttp 92733 6124482560 "GET /api/v1/product-requests/orders/ HTTP/1.1" 200 2517
INFO 2025-09-04 00:51:07,632 basehttp 92733 6124482560 "GET /api/v1/product-requests/orders/ HTTP/1.1" 200 2517
INFO 2025-09-04 00:51:27,629 basehttp 92733 6124482560 "GET /api/v1/product-requests/orders/ HTTP/1.1" 200 2517
INFO 2025-09-04 00:51:47,615 basehttp 92733 6124482560 "GET /api/v1/product-requests/orders/ HTTP/1.1" 200 2517
INFO 2025-09-04 00:52:07,630 basehttp 92733 6124482560 "GET /api/v1/product-requests/orders/ HTTP/1.1" 200 2517
WARNING 2025-09-04 00:52:27,613 log 92733 6124482560 Too Many Requests: /products/api/v1/product-requests/orders/
WARNING 2025-09-04 00:52:27,614 basehttp 92733 6124482560 "GET /api/v1/product-requests/orders/ HTTP/1.1" 429 143
WARNING 2025-09-04 00:52:47,609 log 92733 6124482560 Too Many Requests: /products/api/v1/product-requests/orders/
WARNING 2025-09-04 00:52:47,610 basehttp 92733 6124482560 "GET /api/v1/product-requests/orders/ HTTP/1.1" 429 143
WARNING 2025-09-04 00:53:07,610 log 92733 6124482560 Too Many Requests: /products/api/v1/product-requests/orders/
WARNING 2025-09-04 00:53:07,610 basehttp 92733 6124482560 "GET /api/v1/product-requests/orders/ HTTP/1.1" 429 143
WARNING 2025-09-04 00:53:27,603 log 92733 6124482560 Too Many Requests: /products/api/v1/product-requests/orders/
WARNING 2025-09-04 00:53:27,604 basehttp 92733 6124482560 "GET /api/v1/product-requests/orders/ HTTP/1.1" 429 143
WARNING 2025-09-04 00:53:47,613 log 92733 6124482560 Too Many Requests: /products/api/v1/product-requests/orders/
WARNING 2025-09-04 00:53:47,614 basehttp 92733 6124482560 "GET /api/v1/product-requests/orders/ HTTP/1.1" 429 143
WARNING 2025-09-04 00:54:07,633 log 92733 6124482560 Too Many Requests: /products/api/v1/product-requests/orders/
WARNING 2025-09-04 00:54:07,634 basehttp 92733 6124482560 "GET /api/v1/product-requests/orders/ HTTP/1.1" 429 143
WARNING 2025-09-04 00:54:27,629 log 92733 6124482560 Too Many Requests: /products/api/v1/product-requests/orders/
WARNING 2025-09-04 00:54:27,630 basehttp 92733 6124482560 "GET /api/v1/product-requests/orders/ HTTP/1.1" 429 143
WARNING 2025-09-04 00:54:47,613 log 92733 6124482560 Too Many Requests: /products/api/v1/product-requests/orders/
WARNING 2025-09-04 00:54:47,614 basehttp 92733 6124482560 "GET /api/v1/product-requests/orders/ HTTP/1.1" 429 143
WARNING 2025-09-04 00:55:07,628 log 92733 6124482560 Too Many Requests: /products/api/v1/product-requests/orders/
WARNING 2025-09-04 00:55:07,628 basehttp 92733 6124482560 "GET /api/v1/product-requests/orders/ HTTP/1.1" 429 143
WARNING 2025-09-04 00:55:27,607 log 92733 6124482560 Too Many Requests: /products/api/v1/product-requests/orders/
WARNING 2025-09-04 00:55:27,610 basehttp 92733 6124482560 "GET /api/v1/product-requests/orders/ HTTP/1.1" 429 143
WARNING 2025-09-04 00:55:47,611 log 92733 6124482560 Too Many Requests: /products/api/v1/product-requests/orders/
WARNING 2025-09-04 00:55:47,612 basehttp 92733 6124482560 "GET /api/v1/product-requests/orders/ HTTP/1.1" 429 143
WARNING 2025-09-04 00:56:07,619 log 92733 6124482560 Too Many Requests: /products/api/v1/product-requests/orders/
WARNING 2025-09-04 00:56:07,620 basehttp 92733 6124482560 "GET /api/v1/product-requests/orders/ HTTP/1.1" 429 143
WARNING 2025-09-04 00:56:27,622 log 92733 6124482560 Too Many Requests: /products/api/v1/product-requests/orders/
WARNING 2025-09-04 00:56:27,624 basehttp 92733 6124482560 "GET /api/v1/product-requests/orders/ HTTP/1.1" 429 143
WARNING 2025-09-04 00:56:47,613 log 92733 6124482560 Too Many Requests: /products/api/v1/product-requests/orders/
WARNING 2025-09-04 00:56:47,614 basehttp 92733 6124482560 "GET /api/v1/product-requests/orders/ HTTP/1.1" 429 143
WARNING 2025-09-04 00:57:07,612 log 92733 6124482560 Too Many Requests: /products/api/v1/product-requests/orders/
WARNING 2025-09-04 00:57:07,613 basehttp 92733 6124482560 "GET /api/v1/product-requests/orders/ HTTP/1.1" 429 143
WARNING 2025-09-04 00:57:27,619 log 92733 6124482560 Too Many Requests: /products/api/v1/product-requests/orders/
WARNING 2025-09-04 00:57:27,619 basehttp 92733 6124482560 "GET /api/v1/product-requests/orders/ HTTP/1.1" 429 143
WARNING 2025-09-04 00:57:47,622 log 92733 6124482560 Too Many Requests: /products/api/v1/product-requests/orders/
WARNING 2025-09-04 00:57:47,623 basehttp 92733 6124482560 "GET /api/v1/product-requests/orders/ HTTP/1.1" 429 143
WARNING 2025-09-04 00:58:07,613 log 92733 6124482560 Too Many Requests: /products/api/v1/product-requests/orders/
WARNING 2025-09-04 00:58:07,614 basehttp 92733 6124482560 "GET /api/v1/product-requests/orders/ HTTP/1.1" 429 143
WARNING 2025-09-04 00:58:27,639 log 92733 6124482560 Too Many Requests: /products/api/v1/product-requests/orders/
WARNING 2025-09-04 00:58:27,640 basehttp 92733 6124482560 "GET /api/v1/product-requests/orders/ HTTP/1.1" 429 143
WARNING 2025-09-04 00:58:47,601 log 92733 6124482560 Too Many Requests: /products/api/v1/product-requests/orders/
WARNING 2025-09-04 00:58:47,602 basehttp 92733 6124482560 "GET /api/v1/product-requests/orders/ HTTP/1.1" 429 143
WARNING 2025-09-04 00:59:07,624 log 92733 6124482560 Too Many Requests: /products/api/v1/product-requests/orders/
WARNING 2025-09-04 00:59:07,625 basehttp 92733 6124482560 "GET /api/v1/product-requests/orders/ HTTP/1.1" 429 143
WARNING 2025-09-04 00:59:27,620 log 92733 6124482560 Too Many Requests: /products/api/v1/product-requests/orders/
WARNING 2025-09-04 00:59:27,621 basehttp 92733 6124482560 "GET /api/v1/product-requests/orders/ HTTP/1.1" 429 143
WARNING 2025-09-04 00:59:47,613 log 92733 6124482560 Too Many Requests: /products/api/v1/product-requests/orders/
WARNING 2025-09-04 00:59:47,614 basehttp 92733 6124482560 "GET /api/v1/product-requests/orders/ HTTP/1.1" 429 143
WARNING 2025-09-04 01:00:07,622 log 92733 6124482560 Too Many Requests: /products/api/v1/product-requests/orders/
WARNING 2025-09-04 01:00:07,623 basehttp 92733 6124482560 "GET /api/v1/product-requests/orders/ HTTP/1.1" 429 143
WARNING 2025-09-04 01:00:27,636 log 92733 6124482560 Too Many Requests: /products/api/v1/product-requests/orders/
WARNING 2025-09-04 01:00:27,637 basehttp 92733 6124482560 "GET /api/v1/product-requests/orders/ HTTP/1.1" 429 143
WARNING 2025-09-04 01:00:47,629 log 92733 6124482560 Too Many Requests: /products/api/v1/product-requests/orders/
WARNING 2025-09-04 01:00:47,630 basehttp 92733 6124482560 "GET /api/v1/product-requests/orders/ HTTP/1.1" 429 143
WARNING 2025-09-04 01:01:07,623 log 92733 6124482560 Too Many Requests: /products/api/v1/product-requests/orders/
WARNING 2025-09-04 01:01:07,624 basehttp 92733 6124482560 "GET /api/v1/product-requests/orders/ HTTP/1.1" 429 143
WARNING 2025-09-04 01:01:27,631 log 92733 6124482560 Too Many Requests: /products/api/v1/product-requests/orders/
WARNING 2025-09-04 01:01:27,632 basehttp 92733 6124482560 "GET /api/v1/product-requests/orders/ HTTP/1.1" 429 143
WARNING 2025-09-04 01:01:47,612 log 92733 6124482560 Too Many Requests: /products/api/v1/product-requests/orders/
WARNING 2025-09-04 01:01:47,613 basehttp 92733 6124482560 "GET /api/v1/product-requests/orders/ HTTP/1.1" 429 143
WARNING 2025-09-04 01:02:07,618 log 92733 6124482560 Too Many Requests: /products/api/v1/product-requests/orders/
WARNING 2025-09-04 01:02:07,621 basehttp 92733 6124482560 "GET /api/v1/product-requests/orders/ HTTP/1.1" 429 143
WARNING 2025-09-04 01:02:27,618 log 92733 6124482560 Too Many Requests: /products/api/v1/product-requests/orders/
WARNING 2025-09-04 01:02:27,620 basehttp 92733 6124482560 "GET /api/v1/product-requests/orders/ HTTP/1.1" 429 143
WARNING 2025-09-04 01:02:47,607 log 92733 6124482560 Too Many Requests: /products/api/v1/product-requests/orders/
WARNING 2025-09-04 01:02:47,608 basehttp 92733 6124482560 "GET /api/v1/product-requests/orders/ HTTP/1.1" 429 141
WARNING 2025-09-04 01:03:07,631 log 92733 6124482560 Too Many Requests: /products/api/v1/product-requests/orders/
WARNING 2025-09-04 01:03:07,632 basehttp 92733 6124482560 "GET /api/v1/product-requests/orders/ HTTP/1.1" 429 141
WARNING 2025-09-04 01:03:27,610 log 92733 6124482560 Too Many Requests: /products/api/v1/product-requests/orders/
WARNING 2025-09-04 01:03:27,610 basehttp 92733 6124482560 "GET /api/v1/product-requests/orders/ HTTP/1.1" 429 141
WARNING 2025-09-04 01:03:47,624 log 92733 6124482560 Too Many Requests: /products/api/v1/product-requests/orders/
WARNING 2025-09-04 01:03:47,625 basehttp 92733 6124482560 "GET /api/v1/product-requests/orders/ HTTP/1.1" 429 141
WARNING 2025-09-04 01:04:07,570 log 92733 6124482560 Too Many Requests: /products/api/v1/product-requests/orders/
WARNING 2025-09-04 01:04:07,570 basehttp 92733 6124482560 "GET /api/v1/product-requests/orders/ HTTP/1.1" 429 141
WARNING 2025-09-04 01:04:27,562 log 92733 6124482560 Too Many Requests: /products/api/v1/product-requests/orders/
WARNING 2025-09-04 01:04:27,563 basehttp 92733 6124482560 "GET /api/v1/product-requests/orders/ HTTP/1.1" 429 141
WARNING 2025-09-04 01:04:47,543 log 92733 6124482560 Too Many Requests: /products/api/v1/product-requests/orders/
WARNING 2025-09-04 01:04:47,544 basehttp 92733 6124482560 "GET /api/v1/product-requests/orders/ HTTP/1.1" 429 141
WARNING 2025-09-04 01:05:07,538 log 92733 6124482560 Too Many Requests: /products/api/v1/product-requests/orders/
WARNING 2025-09-04 01:05:07,539 basehttp 92733 6124482560 "GET /api/v1/product-requests/orders/ HTTP/1.1" 429 141
WARNING 2025-09-04 01:05:27,540 log 92733 6124482560 Too Many Requests: /products/api/v1/product-requests/orders/
WARNING 2025-09-04 01:05:27,541 basehttp 92733 6124482560 "GET /api/v1/product-requests/orders/ HTTP/1.1" 429 141
WARNING 2025-09-04 01:05:47,528 log 92733 6124482560 Too Many Requests: /products/api/v1/product-requests/orders/
WARNING 2025-09-04 01:05:47,529 basehttp 92733 6124482560 "GET /api/v1/product-requests/orders/ HTTP/1.1" 429 141
WARNING 2025-09-04 01:06:07,555 log 92733 6124482560 Too Many Requests: /products/api/v1/product-requests/orders/
WARNING 2025-09-04 01:06:07,556 basehttp 92733 6124482560 "GET /api/v1/product-requests/orders/ HTTP/1.1" 429 141
WARNING 2025-09-04 01:06:27,550 log 92733 6124482560 Too Many Requests: /products/api/v1/product-requests/orders/
WARNING 2025-09-04 01:06:27,551 basehttp 92733 6124482560 "GET /api/v1/product-requests/orders/ HTTP/1.1" 429 141
WARNING 2025-09-04 01:06:47,542 log 92733 6124482560 Too Many Requests: /products/api/v1/product-requests/orders/
WARNING 2025-09-04 01:06:47,544 basehttp 92733 6124482560 "GET /api/v1/product-requests/orders/ HTTP/1.1" 429 141
WARNING 2025-09-04 01:07:07,554 log 92733 6124482560 Too Many Requests: /products/api/v1/product-requests/orders/
WARNING 2025-09-04 01:07:07,555 basehttp 92733 6124482560 "GET /api/v1/product-requests/orders/ HTTP/1.1" 429 141
WARNING 2025-09-04 01:07:27,539 log 92733 6124482560 Too Many Requests: /products/api/v1/product-requests/orders/
WARNING 2025-09-04 01:07:27,539 basehttp 92733 6124482560 "GET /api/v1/product-requests/orders/ HTTP/1.1" 429 141
WARNING 2025-09-04 01:07:47,524 log 92733 6124482560 Too Many Requests: /products/api/v1/product-requests/orders/
WARNING 2025-09-04 01:07:47,525 basehttp 92733 6124482560 "GET /api/v1/product-requests/orders/ HTTP/1.1" 429 141
WARNING 2025-09-04 01:08:07,542 log 92733 6124482560 Too Many Requests: /products/api/v1/product-requests/orders/
WARNING 2025-09-04 01:08:07,543 basehttp 92733 6124482560 "GET /api/v1/product-requests/orders/ HTTP/1.1" 429 141
WARNING 2025-09-04 01:08:27,571 log 92733 6124482560 Too Many Requests: /products/api/v1/product-requests/orders/
WARNING 2025-09-04 01:08:27,571 basehttp 92733 6124482560 "GET /api/v1/product-requests/orders/ HTTP/1.1" 429 141
WARNING 2025-09-04 01:08:47,543 log 92733 6124482560 Too Many Requests: /products/api/v1/product-requests/orders/
WARNING 2025-09-04 01:08:47,544 basehttp 92733 6124482560 "GET /api/v1/product-requests/orders/ HTTP/1.1" 429 141
WARNING 2025-09-04 01:09:07,539 log 92733 6124482560 Too Many Requests: /products/api/v1/product-requests/orders/
WARNING 2025-09-04 01:09:07,540 basehttp 92733 6124482560 "GET /api/v1/product-requests/orders/ HTTP/1.1" 429 141
WARNING 2025-09-04 01:09:27,558 log 92733 6124482560 Too Many Requests: /products/api/v1/product-requests/orders/
WARNING 2025-09-04 01:09:27,559 basehttp 92733 6124482560 "GET /api/v1/product-requests/orders/ HTTP/1.1" 429 141
WARNING 2025-09-04 01:09:47,531 log 92733 6124482560 Too Many Requests: /products/api/v1/product-requests/orders/
WARNING 2025-09-04 01:09:47,531 basehttp 92733 6124482560 "GET /api/v1/product-requests/orders/ HTTP/1.1" 429 141
WARNING 2025-09-04 01:10:07,548 log 92733 6124482560 Too Many Requests: /products/api/v1/product-requests/orders/
WARNING 2025-09-04 01:10:07,550 basehttp 92733 6124482560 "GET /api/v1/product-requests/orders/ HTTP/1.1" 429 141
WARNING 2025-09-04 01:10:27,545 log 92733 6124482560 Too Many Requests: /products/api/v1/product-requests/orders/
WARNING 2025-09-04 01:10:27,545 basehttp 92733 6124482560 "GET /api/v1/product-requests/orders/ HTTP/1.1" 429 141
WARNING 2025-09-04 01:10:47,529 log 92733 6124482560 Too Many Requests: /products/api/v1/product-requests/orders/
WARNING 2025-09-04 01:10:47,530 basehttp 92733 6124482560 "GET /api/v1/product-requests/orders/ HTTP/1.1" 429 141
WARNING 2025-09-04 01:11:07,538 log 92733 6124482560 Too Many Requests: /products/api/v1/product-requests/orders/
WARNING 2025-09-04 01:11:07,539 basehttp 92733 6124482560 "GET /api/v1/product-requests/orders/ HTTP/1.1" 429 141
WARNING 2025-09-04 01:11:27,546 log 92733 6124482560 Too Many Requests: /products/api/v1/product-requests/orders/
WARNING 2025-09-04 01:11:27,547 basehttp 92733 6124482560 "GET /api/v1/product-requests/orders/ HTTP/1.1" 429 141
WARNING 2025-09-04 01:11:47,529 log 92733 6124482560 Too Many Requests: /products/api/v1/product-requests/orders/
WARNING 2025-09-04 01:11:47,530 basehttp 92733 6124482560 "GET /api/v1/product-requests/orders/ HTTP/1.1" 429 141
WARNING 2025-09-04 01:12:07,546 log 92733 6124482560 Too Many Requests: /products/api/v1/product-requests/orders/
WARNING 2025-09-04 01:12:07,547 basehttp 92733 6124482560 "GET /api/v1/product-requests/orders/ HTTP/1.1" 429 141
WARNING 2025-09-04 01:12:27,547 log 92733 6124482560 Too Many Requests: /products/api/v1/product-requests/orders/
WARNING 2025-09-04 01:12:27,548 basehttp 92733 6124482560 "GET /api/v1/product-requests/orders/ HTTP/1.1" 429 141
WARNING 2025-09-04 01:12:47,542 log 92733 6124482560 Too Many Requests: /products/api/v1/product-requests/orders/
WARNING 2025-09-04 01:12:47,543 basehttp 92733 6124482560 "GET /api/v1/product-requests/orders/ HTTP/1.1" 429 141
WARNING 2025-09-04 01:13:07,555 log 92733 6124482560 Too Many Requests: /products/api/v1/product-requests/orders/
WARNING 2025-09-04 01:13:07,556 basehttp 92733 6124482560 "GET /api/v1/product-requests/orders/ HTTP/1.1" 429 141
WARNING 2025-09-04 01:13:27,548 log 92733 6124482560 Too Many Requests: /products/api/v1/product-requests/orders/
WARNING 2025-09-04 01:13:27,549 basehttp 92733 6124482560 "GET /api/v1/product-requests/orders/ HTTP/1.1" 429 141
WARNING 2025-09-04 01:13:47,542 log 92733 6124482560 Too Many Requests: /products/api/v1/product-requests/orders/
WARNING 2025-09-04 01:13:47,543 basehttp 92733 6124482560 "GET /api/v1/product-requests/orders/ HTTP/1.1" 429 141
WARNING 2025-09-04 01:14:07,543 log 92733 6124482560 Too Many Requests: /products/api/v1/product-requests/orders/
WARNING 2025-09-04 01:14:07,544 basehttp 92733 6124482560 "GET /api/v1/product-requests/orders/ HTTP/1.1" 429 141
WARNING 2025-09-04 01:14:27,564 log 92733 6124482560 Too Many Requests: /products/api/v1/product-requests/orders/
WARNING 2025-09-04 01:14:27,565 basehttp 92733 6124482560 "GET /api/v1/product-requests/orders/ HTTP/1.1" 429 141
WARNING 2025-09-04 01:14:47,543 log 92733 6124482560 Too Many Requests: /products/api/v1/product-requests/orders/
WARNING 2025-09-04 01:14:47,544 basehttp 92733 6124482560 "GET /api/v1/product-requests/orders/ HTTP/1.1" 429 141
WARNING 2025-09-04 01:15:07,537 log 92733 6124482560 Too Many Requests: /products/api/v1/product-requests/orders/
WARNING 2025-09-04 01:15:07,538 basehttp 92733 6124482560 "GET /api/v1/product-requests/orders/ HTTP/1.1" 429 141
WARNING 2025-09-04 01:15:27,548 log 92733 6124482560 Too Many Requests: /products/api/v1/product-requests/orders/
WARNING 2025-09-04 01:15:27,549 basehttp 92733 6124482560 "GET /api/v1/product-requests/orders/ HTTP/1.1" 429 141
WARNING 2025-09-04 01:15:47,528 log 92733 6124482560 Too Many Requests: /products/api/v1/product-requests/orders/
WARNING 2025-09-04 01:15:47,530 basehttp 92733 6124482560 "GET /api/v1/product-requests/orders/ HTTP/1.1" 429 141
WARNING 2025-09-04 01:16:07,545 log 92733 6124482560 Too Many Requests: /products/api/v1/product-requests/orders/
WARNING 2025-09-04 01:16:07,546 basehttp 92733 6124482560 "GET /api/v1/product-requests/orders/ HTTP/1.1" 429 141
WARNING 2025-09-04 01:16:27,547 log 92733 6124482560 Too Many Requests: /products/api/v1/product-requests/orders/
WARNING 2025-09-04 01:16:27,548 basehttp 92733 6124482560 "GET /api/v1/product-requests/orders/ HTTP/1.1" 429 141
WARNING 2025-09-04 01:16:47,526 log 92733 6124482560 Too Many Requests: /products/api/v1/product-requests/orders/
WARNING 2025-09-04 01:16:47,527 basehttp 92733 6124482560 "GET /api/v1/product-requests/orders/ HTTP/1.1" 429 141
WARNING 2025-09-04 01:17:07,549 log 92733 6124482560 Too Many Requests: /products/api/v1/product-requests/orders/
WARNING 2025-09-04 01:17:07,550 basehttp 92733 6124482560 "GET /api/v1/product-requests/orders/ HTTP/1.1" 429 141
WARNING 2025-09-04 01:17:27,549 log 92733 6124482560 Too Many Requests: /products/api/v1/product-requests/orders/
WARNING 2025-09-04 01:17:27,551 basehttp 92733 6124482560 "GET /api/v1/product-requests/orders/ HTTP/1.1" 429 141
WARNING 2025-09-04 01:17:47,537 log 92733 6124482560 Too Many Requests: /products/api/v1/product-requests/orders/
WARNING 2025-09-04 01:17:47,538 basehttp 92733 6124482560 "GET /api/v1/product-requests/orders/ HTTP/1.1" 429 139
WARNING 2025-09-04 01:18:07,553 log 92733 6124482560 Too Many Requests: /products/api/v1/product-requests/orders/
WARNING 2025-09-04 01:18:07,554 basehttp 92733 6124482560 "GET /api/v1/product-requests/orders/ HTTP/1.1" 429 139
WARNING 2025-09-04 01:18:27,537 log 92733 6124482560 Too Many Requests: /products/api/v1/product-requests/orders/
WARNING 2025-09-04 01:18:27,538 basehttp 92733 6124482560 "GET /api/v1/product-requests/orders/ HTTP/1.1" 429 139
WARNING 2025-09-04 01:18:47,539 log 92733 6124482560 Too Many Requests: /products/api/v1/product-requests/orders/
WARNING 2025-09-04 01:18:47,539 basehttp 92733 6124482560 "GET /api/v1/product-requests/orders/ HTTP/1.1" 429 139
WARNING 2025-09-04 01:19:07,544 log 92733 6124482560 Too Many Requests: /products/api/v1/product-requests/orders/
WARNING 2025-09-04 01:19:07,545 basehttp 92733 6124482560 "GET /api/v1/product-requests/orders/ HTTP/1.1" 429 137
INFO 2025-09-04 01:19:27,545 basehttp 92733 6124482560 "GET /api/v1/product-requests/orders/ HTTP/1.1" 200 2517
INFO 2025-09-04 01:19:47,544 basehttp 92733 6124482560 "GET /api/v1/product-requests/orders/ HTTP/1.1" 200 2517
INFO 2025-09-04 01:20:07,474 basehttp 92733 6124482560 "GET /api/v1/product-requests/orders/ HTTP/1.1" 200 2517
INFO 2025-09-04 01:20:27,505 basehttp 92733 6124482560 "GET /api/v1/product-requests/orders/ HTTP/1.1" 200 2517
INFO 2025-09-04 01:20:47,499 basehttp 92733 6124482560 "GET /api/v1/product-requests/orders/ HTTP/1.1" 200 2517
INFO 2025-09-04 01:21:07,500 basehttp 92733 6124482560 "GET /api/v1/product-requests/orders/ HTTP/1.1" 200 2517
INFO 2025-09-04 01:21:27,514 basehttp 92733 6124482560 "GET /api/v1/product-requests/orders/ HTTP/1.1" 200 2517
INFO 2025-09-04 01:21:47,489 basehttp 92733 6124482560 "GET /api/v1/product-requests/orders/ HTTP/1.1" 200 2517
INFO 2025-09-04 01:22:07,489 basehttp 92733 6124482560 "GET /api/v1/product-requests/orders/ HTTP/1.1" 200 2517
INFO 2025-09-04 01:22:27,533 basehttp 92733 6124482560 "GET /api/v1/product-requests/orders/ HTTP/1.1" 200 2517
INFO 2025-09-04 01:22:47,502 basehttp 92733 6124482560 "GET /api/v1/product-requests/orders/ HTTP/1.1" 200 2517
INFO 2025-09-04 01:23:07,521 basehttp 92733 6124482560 "GET /api/v1/product-requests/orders/ HTTP/1.1" 200 2517
INFO 2025-09-04 01:23:27,521 basehttp 92733 6124482560 "GET /api/v1/product-requests/orders/ HTTP/1.1" 200 2517
INFO 2025-09-04 01:23:47,485 basehttp 92733 6124482560 "GET /api/v1/product-requests/orders/ HTTP/1.1" 200 2517
INFO 2025-09-04 01:24:07,498 basehttp 92733 6124482560 "GET /api/v1/product-requests/orders/ HTTP/1.1" 200 2517
INFO 2025-09-04 01:24:27,486 basehttp 92733 6124482560 "GET /api/v1/product-requests/orders/ HTTP/1.1" 200 2517
INFO 2025-09-04 01:24:47,508 basehttp 92733 6124482560 "GET /api/v1/product-requests/orders/ HTTP/1.1" 200 2517
INFO 2025-09-04 01:25:07,498 basehttp 92733 6124482560 "GET /api/v1/product-requests/orders/ HTTP/1.1" 200 2517
INFO 2025-09-04 01:25:27,469 basehttp 92733 6124482560 "GET /api/v1/product-requests/orders/ HTTP/1.1" 200 2517
INFO 2025-09-04 01:25:47,504 basehttp 92733 6124482560 "GET /api/v1/product-requests/orders/ HTTP/1.1" 200 2517
INFO 2025-09-04 01:26:07,482 basehttp 92733 6124482560 "GET /api/v1/product-requests/orders/ HTTP/1.1" 200 2517
INFO 2025-09-04 01:26:27,491 basehttp 92733 6124482560 "GET /api/v1/product-requests/orders/ HTTP/1.1" 200 2517
INFO 2025-09-04 01:26:47,505 basehttp 92733 6124482560 "GET /api/v1/product-requests/orders/ HTTP/1.1" 200 2517
INFO 2025-09-04 01:27:07,482 basehttp 92733 6124482560 "GET /api/v1/product-requests/orders/ HTTP/1.1" 200 2517
INFO 2025-09-04 01:27:27,498 basehttp 92733 6124482560 "GET /api/v1/product-requests/orders/ HTTP/1.1" 200 2517
INFO 2025-09-04 01:27:47,492 basehttp 92733 6124482560 "GET /api/v1/product-requests/orders/ HTTP/1.1" 200 2517
INFO 2025-09-04 01:28:07,504 basehttp 92733 6124482560 "GET /api/v1/product-requests/orders/ HTTP/1.1" 200 2517
INFO 2025-09-04 01:28:27,476 basehttp 92733 6124482560 "GET /api/v1/product-requests/orders/ HTTP/1.1" 200 2517
INFO 2025-09-04 01:28:47,488 basehttp 92733 6124482560 "GET /api/v1/product-requests/orders/ HTTP/1.1" 200 2517
INFO 2025-09-04 01:29:07,481 basehttp 92733 6124482560 "GET /api/v1/product-requests/orders/ HTTP/1.1" 200 2517
INFO 2025-09-04 01:29:27,506 basehttp 92733 6124482560 "GET /api/v1/product-requests/orders/ HTTP/1.1" 200 2517
INFO 2025-09-04 01:29:47,497 basehttp 92733 6124482560 "GET /api/v1/product-requests/orders/ HTTP/1.1" 200 2517
INFO 2025-09-04 01:30:07,487 basehttp 92733 6124482560 "GET /api/v1/product-requests/orders/ HTTP/1.1" 200 2517
INFO 2025-09-04 01:30:27,501 basehttp 92733 6124482560 "GET /api/v1/product-requests/orders/ HTTP/1.1" 200 2517
INFO 2025-09-04 01:30:47,494 basehttp 92733 6124482560 "GET /api/v1/product-requests/orders/ HTTP/1.1" 200 2517
INFO 2025-09-04 01:31:07,489 basehttp 92733 6124482560 "GET /api/v1/product-requests/orders/ HTTP/1.1" 200 2517
INFO 2025-09-04 01:31:27,489 basehttp 92733 6124482560 "GET /api/v1/product-requests/orders/ HTTP/1.1" 200 2517
INFO 2025-09-04 01:31:47,496 basehttp 92733 6124482560 "GET /api/v1/product-requests/orders/ HTTP/1.1" 200 2517
INFO 2025-09-04 01:32:07,483 basehttp 92733 6124482560 "GET /api/v1/product-requests/orders/ HTTP/1.1" 200 2517
INFO 2025-09-04 01:32:27,497 basehttp 92733 6124482560 "GET /api/v1/product-requests/orders/ HTTP/1.1" 200 2517
INFO 2025-09-04 01:32:47,505 basehttp 92733 6124482560 "GET /api/v1/product-requests/orders/ HTTP/1.1" 200 2517
INFO 2025-09-04 01:33:07,490 basehttp 92733 6124482560 "GET /api/v1/product-requests/orders/ HTTP/1.1" 200 2517
INFO 2025-09-04 01:33:27,493 basehttp 92733 6124482560 "GET /api/v1/product-requests/orders/ HTTP/1.1" 200 2517
INFO 2025-09-04 01:33:47,491 basehttp 92733 6124482560 "GET /api/v1/product-requests/orders/ HTTP/1.1" 200 2517
INFO 2025-09-04 01:34:07,484 basehttp 92733 6124482560 "GET /api/v1/product-requests/orders/ HTTP/1.1" 200 2517
INFO 2025-09-04 01:34:27,483 basehttp 92733 6124482560 "GET /api/v1/product-requests/orders/ HTTP/1.1" 200 2517
INFO 2025-09-04 01:34:47,486 basehttp 92733 6124482560 "GET /api/v1/product-requests/orders/ HTTP/1.1" 200 2517
INFO 2025-09-04 01:35:07,489 basehttp 92733 6124482560 "GET /api/v1/product-requests/orders/ HTTP/1.1" 200 2517
INFO 2025-09-04 01:35:27,495 basehttp 92733 6124482560 "GET /api/v1/product-requests/orders/ HTTP/1.1" 200 2517
INFO 2025-09-04 01:35:47,491 basehttp 92733 6124482560 "GET /api/v1/product-requests/orders/ HTTP/1.1" 200 2517
INFO 2025-09-04 01:36:07,544 basehttp 92733 6124482560 "GET /api/v1/product-requests/orders/ HTTP/1.1" 200 2517
INFO 2025-09-04 01:36:27,545 basehttp 92733 6124482560 "GET /api/v1/product-requests/orders/ HTTP/1.1" 200 2517
INFO 2025-09-04 01:36:47,556 basehttp 92733 6124482560 "GET /api/v1/product-requests/orders/ HTTP/1.1" 200 2517
INFO 2025-09-04 01:37:07,557 basehttp 92733 6124482560 "GET /api/v1/product-requests/orders/ HTTP/1.1" 200 2517
INFO 2025-09-04 01:37:27,553 basehttp 92733 6124482560 "GET /api/v1/product-requests/orders/ HTTP/1.1" 200 2517
INFO 2025-09-04 01:37:47,564 basehttp 92733 6124482560 "GET /api/v1/product-requests/orders/ HTTP/1.1" 200 2517
INFO 2025-09-04 01:38:07,561 basehttp 92733 6124482560 "GET /api/v1/product-requests/orders/ HTTP/1.1" 200 2517
INFO 2025-09-04 01:38:27,556 basehttp 92733 6124482560 "GET /api/v1/product-requests/orders/ HTTP/1.1" 200 2517
INFO 2025-09-04 01:38:47,552 basehttp 92733 6124482560 "GET /api/v1/product-requests/orders/ HTTP/1.1" 200 2517
INFO 2025-09-04 01:39:07,566 basehttp 92733 6124482560 "GET /api/v1/product-requests/orders/ HTTP/1.1" 200 2517
INFO 2025-09-04 01:39:27,555 basehttp 92733 6124482560 "GET /api/v1/product-requests/orders/ HTTP/1.1" 200 2517
INFO 2025-09-04 01:39:47,568 basehttp 92733 6124482560 "GET /api/v1/product-requests/orders/ HTTP/1.1" 200 2517
INFO 2025-09-04 01:40:07,565 basehttp 92733 6124482560 "GET /api/v1/product-requests/orders/ HTTP/1.1" 200 2517
INFO 2025-09-04 01:40:27,542 basehttp 92733 6124482560 "GET /api/v1/product-requests/orders/ HTTP/1.1" 200 2517
INFO 2025-09-04 01:40:47,559 basehttp 92733 6124482560 "GET /api/v1/product-requests/orders/ HTTP/1.1" 200 2517
INFO 2025-09-04 01:41:07,556 basehttp 92733 6124482560 "GET /api/v1/product-requests/orders/ HTTP/1.1" 200 2517
INFO 2025-09-04 01:41:27,542 basehttp 92733 6124482560 "GET /api/v1/product-requests/orders/ HTTP/1.1" 200 2517
INFO 2025-09-04 01:41:47,567 basehttp 92733 6124482560 "GET /api/v1/product-requests/orders/ HTTP/1.1" 200 2517
INFO 2025-09-04 01:42:07,557 basehttp 92733 6124482560 "GET /api/v1/product-requests/orders/ HTTP/1.1" 200 2517
INFO 2025-09-04 01:42:27,549 basehttp 92733 6124482560 "GET /api/v1/product-requests/orders/ HTTP/1.1" 200 2517
INFO 2025-09-04 01:42:47,562 basehttp 92733 6124482560 "GET /api/v1/product-requests/orders/ HTTP/1.1" 200 2517
INFO 2025-09-04 01:43:07,560 basehttp 92733 6124482560 "GET /api/v1/product-requests/orders/ HTTP/1.1" 200 2517
INFO 2025-09-04 01:43:27,552 basehttp 92733 6124482560 "GET /api/v1/product-requests/orders/ HTTP/1.1" 200 2517
INFO 2025-09-04 01:43:47,553 basehttp 92733 6124482560 "GET /api/v1/product-requests/orders/ HTTP/1.1" 200 2517
INFO 2025-09-04 01:44:07,568 basehttp 92733 6124482560 "GET /api/v1/product-requests/orders/ HTTP/1.1" 200 2517
INFO 2025-09-04 01:44:27,545 basehttp 92733 6124482560 "GET /api/v1/product-requests/orders/ HTTP/1.1" 200 2517
INFO 2025-09-04 01:44:47,564 basehttp 92733 6124482560 "GET /api/v1/product-requests/orders/ HTTP/1.1" 200 2517
INFO 2025-09-04 01:45:07,564 basehttp 92733 6124482560 "GET /api/v1/product-requests/orders/ HTTP/1.1" 200 2517
INFO 2025-09-04 01:45:27,549 basehttp 92733 6124482560 "GET /api/v1/product-requests/orders/ HTTP/1.1" 200 2517
INFO 2025-09-04 01:45:47,556 basehttp 92733 6124482560 "GET /api/v1/product-requests/orders/ HTTP/1.1" 200 2517
INFO 2025-09-04 01:46:07,567 basehttp 92733 6124482560 "GET /api/v1/product-requests/orders/ HTTP/1.1" 200 2517
INFO 2025-09-04 01:46:27,549 basehttp 92733 6124482560 "GET /api/v1/product-requests/orders/ HTTP/1.1" 200 2517
INFO 2025-09-04 01:46:47,533 basehttp 92733 6124482560 "GET /api/v1/product-requests/orders/ HTTP/1.1" 200 2517
INFO 2025-09-04 01:47:07,554 basehttp 92733 6124482560 "GET /api/v1/product-requests/orders/ HTTP/1.1" 200 2517
INFO 2025-09-04 01:47:27,537 basehttp 92733 6124482560 "OPTIONS /api/v1/product-requests/orders/ HTTP/1.1" 200 0
INFO 2025-09-04 01:47:27,568 basehttp 92733 6124482560 "GET /api/v1/product-requests/orders/ HTTP/1.1" 200 2517
INFO 2025-09-04 01:47:47,570 basehttp 92733 6124482560 "GET /api/v1/product-requests/orders/ HTTP/1.1" 200 2517
INFO 2025-09-04 01:48:07,570 basehttp 92733 6124482560 "GET /api/v1/product-requests/orders/ HTTP/1.1" 200 2517
INFO 2025-09-04 01:48:27,556 basehttp 92733 6124482560 "GET /api/v1/product-requests/orders/ HTTP/1.1" 200 2517
INFO 2025-09-04 01:48:47,553 basehttp 92733 6124482560 "GET /api/v1/product-requests/orders/ HTTP/1.1" 200 2517
INFO 2025-09-04 01:49:07,558 basehttp 92733 6124482560 "GET /api/v1/product-requests/orders/ HTTP/1.1" 200 2517
INFO 2025-09-04 01:49:27,561 basehttp 92733 6124482560 "GET /api/v1/product-requests/orders/ HTTP/1.1" 200 2517
INFO 2025-09-04 01:49:47,530 basehttp 92733 6124482560 "GET /api/v1/product-requests/orders/ HTTP/1.1" 200 2517
INFO 2025-09-04 01:50:07,579 basehttp 92733 6124482560 "GET /api/v1/product-requests/orders/ HTTP/1.1" 200 2517
INFO 2025-09-04 01:50:27,552 basehttp 92733 6124482560 "GET /api/v1/product-requests/orders/ HTTP/1.1" 200 2517
INFO 2025-09-04 01:50:47,566 basehttp 92733 6124482560 "GET /api/v1/product-requests/orders/ HTTP/1.1" 200 2517
INFO 2025-09-04 01:51:07,566 basehttp 92733 6124482560 "GET /api/v1/product-requests/orders/ HTTP/1.1" 200 2517
INFO 2025-09-04 01:51:27,559 basehttp 92733 6124482560 "GET /api/v1/product-requests/orders/ HTTP/1.1" 200 2517
INFO 2025-09-04 01:51:47,565 basehttp 92733 6124482560 "GET /api/v1/product-requests/orders/ HTTP/1.1" 200 2517
INFO 2025-09-04 01:52:07,578 basehttp 92733 6124482560 "GET /api/v1/product-requests/orders/ HTTP/1.1" 200 2517
INFO 2025-09-04 01:52:27,587 basehttp 92733 6124482560 "GET /api/v1/product-requests/orders/ HTTP/1.1" 200 2517
WARNING 2025-09-04 01:52:47,495 log 92733 6124482560 Too Many Requests: /products/api/v1/product-requests/orders/
WARNING 2025-09-04 01:52:47,496 basehttp 92733 6124482560 "GET /api/v1/product-requests/orders/ HTTP/1.1" 429 143
WARNING 2025-09-04 01:53:07,498 log 92733 6124482560 Too Many Requests: /products/api/v1/product-requests/orders/
WARNING 2025-09-04 01:53:07,499 basehttp 92733 6124482560 "GET /api/v1/product-requests/orders/ HTTP/1.1" 429 143
WARNING 2025-09-04 01:53:27,505 log 92733 6124482560 Too Many Requests: /products/api/v1/product-requests/orders/
WARNING 2025-09-04 01:53:27,505 basehttp 92733 6124482560 "GET /api/v1/product-requests/orders/ HTTP/1.1" 429 143
WARNING 2025-09-04 01:53:47,501 log 92733 6124482560 Too Many Requests: /products/api/v1/product-requests/orders/
WARNING 2025-09-04 01:53:47,502 basehttp 92733 6124482560 "GET /api/v1/product-requests/orders/ HTTP/1.1" 429 143
WARNING 2025-09-04 01:54:07,508 log 92733 6124482560 Too Many Requests: /products/api/v1/product-requests/orders/
WARNING 2025-09-04 01:54:07,509 basehttp 92733 6124482560 "GET /api/v1/product-requests/orders/ HTTP/1.1" 429 143
WARNING 2025-09-04 01:54:27,505 log 92733 6124482560 Too Many Requests: /products/api/v1/product-requests/orders/
WARNING 2025-09-04 01:54:27,506 basehttp 92733 6124482560 "GET /api/v1/product-requests/orders/ HTTP/1.1" 429 143
WARNING 2025-09-04 01:54:47,495 log 92733 6124482560 Too Many Requests: /products/api/v1/product-requests/orders/
WARNING 2025-09-04 01:54:47,497 basehttp 92733 6124482560 "GET /api/v1/product-requests/orders/ HTTP/1.1" 429 143
WARNING 2025-09-04 01:55:07,490 log 92733 6124482560 Too Many Requests: /products/api/v1/product-requests/orders/
WARNING 2025-09-04 01:55:07,491 basehttp 92733 6124482560 "GET /api/v1/product-requests/orders/ HTTP/1.1" 429 143
WARNING 2025-09-04 01:55:27,502 log 92733 6124482560 Too Many Requests: /products/api/v1/product-requests/orders/
WARNING 2025-09-04 01:55:27,503 basehttp 92733 6124482560 "GET /api/v1/product-requests/orders/ HTTP/1.1" 429 143
WARNING 2025-09-04 01:55:47,496 log 92733 6124482560 Too Many Requests: /products/api/v1/product-requests/orders/
WARNING 2025-09-04 01:55:47,497 basehttp 92733 6124482560 "GET /api/v1/product-requests/orders/ HTTP/1.1" 429 143
WARNING 2025-09-04 01:56:07,504 log 92733 6124482560 Too Many Requests: /products/api/v1/product-requests/orders/
WARNING 2025-09-04 01:56:07,505 basehttp 92733 6124482560 "GET /api/v1/product-requests/orders/ HTTP/1.1" 429 143
WARNING 2025-09-04 01:56:27,529 log 92733 6124482560 Too Many Requests: /products/api/v1/product-requests/orders/
WARNING 2025-09-04 01:56:27,530 basehttp 92733 6124482560 "GET /api/v1/product-requests/orders/ HTTP/1.1" 429 143
WARNING 2025-09-04 01:56:47,531 log 92733 6124482560 Too Many Requests: /products/api/v1/product-requests/orders/
WARNING 2025-09-04 01:56:47,532 basehttp 92733 6124482560 "GET /api/v1/product-requests/orders/ HTTP/1.1" 429 143
WARNING 2025-09-04 01:57:07,503 log 92733 6124482560 Too Many Requests: /products/api/v1/product-requests/orders/
WARNING 2025-09-04 01:57:07,503 basehttp 92733 6124482560 "GET /api/v1/product-requests/orders/ HTTP/1.1" 429 143
WARNING 2025-09-04 01:57:27,515 log 92733 6124482560 Too Many Requests: /products/api/v1/product-requests/orders/
WARNING 2025-09-04 01:57:27,515 basehttp 92733 6124482560 "GET /api/v1/product-requests/orders/ HTTP/1.1" 429 143
WARNING 2025-09-04 01:57:47,518 log 92733 6124482560 Too Many Requests: /products/api/v1/product-requests/orders/
WARNING 2025-09-04 01:57:47,518 basehttp 92733 6124482560 "GET /api/v1/product-requests/orders/ HTTP/1.1" 429 143
WARNING 2025-09-04 01:58:07,519 log 92733 6124482560 Too Many Requests: /products/api/v1/product-requests/orders/
WARNING 2025-09-04 01:58:07,520 basehttp 92733 6124482560 "GET /api/v1/product-requests/orders/ HTTP/1.1" 429 143
WARNING 2025-09-04 01:58:27,510 log 92733 6124482560 Too Many Requests: /products/api/v1/product-requests/orders/
WARNING 2025-09-04 01:58:27,511 basehttp 92733 6124482560 "GET /api/v1/product-requests/orders/ HTTP/1.1" 429 143
WARNING 2025-09-04 01:58:47,513 log 92733 6124482560 Too Many Requests: /products/api/v1/product-requests/orders/
WARNING 2025-09-04 01:58:47,514 basehttp 92733 6124482560 "GET /api/v1/product-requests/orders/ HTTP/1.1" 429 143
WARNING 2025-09-04 01:59:07,514 log 92733 6124482560 Too Many Requests: /products/api/v1/product-requests/orders/
WARNING 2025-09-04 01:59:07,514 basehttp 92733 6124482560 "GET /api/v1/product-requests/orders/ HTTP/1.1" 429 143
WARNING 2025-09-04 01:59:27,495 log 92733 6124482560 Too Many Requests: /products/api/v1/product-requests/orders/
WARNING 2025-09-04 01:59:27,496 basehttp 92733 6124482560 "GET /api/v1/product-requests/orders/ HTTP/1.1" 429 143
WARNING 2025-09-04 01:59:47,567 log 92733 6124482560 Too Many Requests: /products/api/v1/product-requests/orders/
WARNING 2025-09-04 01:59:47,568 basehttp 92733 6124482560 "GET /api/v1/product-requests/orders/ HTTP/1.1" 429 143
WARNING 2025-09-04 02:00:07,509 log 92733 6124482560 Too Many Requests: /products/api/v1/product-requests/orders/
WARNING 2025-09-04 02:00:07,510 basehttp 92733 6124482560 "GET /api/v1/product-requests/orders/ HTTP/1.1" 429 143
WARNING 2025-09-04 02:00:27,518 log 92733 6124482560 Too Many Requests: /products/api/v1/product-requests/orders/
WARNING 2025-09-04 02:00:27,519 basehttp 92733 6124482560 "GET /api/v1/product-requests/orders/ HTTP/1.1" 429 143
WARNING 2025-09-04 02:00:47,496 log 92733 6124482560 Too Many Requests: /products/api/v1/product-requests/orders/
WARNING 2025-09-04 02:00:47,497 basehttp 92733 6124482560 "GET /api/v1/product-requests/orders/ HTTP/1.1" 429 143
WARNING 2025-09-04 02:01:07,502 log 92733 6124482560 Too Many Requests: /products/api/v1/product-requests/orders/
WARNING 2025-09-04 02:01:07,503 basehttp 92733 6124482560 "GET /api/v1/product-requests/orders/ HTTP/1.1" 429 143
WARNING 2025-09-04 02:01:27,516 log 92733 6124482560 Too Many Requests: /products/api/v1/product-requests/orders/
WARNING 2025-09-04 02:01:27,517 basehttp 92733 6124482560 "GET /api/v1/product-requests/orders/ HTTP/1.1" 429 143
WARNING 2025-09-04 02:01:47,501 log 92733 6124482560 Too Many Requests: /products/api/v1/product-requests/orders/
WARNING 2025-09-04 02:01:47,501 basehttp 92733 6124482560 "GET /api/v1/product-requests/orders/ HTTP/1.1" 429 143
INFO 2025-09-04 02:02:37,509 basehttp 92733 6124482560 "GET /admin/login/?next=/admin/ HTTP/1.1" 200 1592
WARNING 2025-09-04 02:02:37,524 basehttp 92733 6124482560 "GET /static/admin/css/login.css HTTP/1.1" 404 1897
WARNING 2025-09-04 02:02:37,524 basehttp 92733 6141308928 "GET /static/admin/css/responsive.css HTTP/1.1" 404 1912
WARNING 2025-09-04 02:02:37,538 log 92733 6124482560 Not Found: /products/favicon.ico
WARNING 2025-09-04 02:02:37,539 basehttp 92733 6124482560 "GET /favicon.ico HTTP/1.1" 404 4892
INFO 2025-09-04 02:02:52,506 basehttp 92733 6124482560 "GET /admin/login/?next=/admin/ HTTP/1.1" 200 1592
WARNING 2025-09-04 02:02:52,527 basehttp 92733 6124482560 "GET /static/admin/css/login.css HTTP/1.1" 404 1897
WARNING 2025-09-04 02:02:52,527 basehttp 92733 6141308928 "GET /static/admin/css/responsive.css HTTP/1.1" 404 1912
INFO 2025-09-04 02:03:01,057 basehttp 92733 6124482560 "OPTIONS /api/v1/product-requests/requests/by_auth_user/?auth_user_uid=7b186537-5f40-43fc-8545-09f04dcc7c84 HTTP/1.1" 200 0
WARNING 2025-09-04 02:03:01,071 log 92733 6124482560 Too Many Requests: /products/api/v1/product-requests/requests/by_auth_user/
WARNING 2025-09-04 02:03:01,071 basehttp 92733 6124482560 "GET /api/v1/product-requests/requests/by_auth_user/?auth_user_uid=7b186537-5f40-43fc-8545-09f04dcc7c84 HTTP/1.1" 429 141
WARNING 2025-09-04 02:03:20,968 log 92733 6124482560 Too Many Requests: /products/api/v1/product-requests/requests/by_auth_user/
WARNING 2025-09-04 02:03:20,969 basehttp 92733 6124482560 "GET /api/v1/product-requests/requests/by_auth_user/?auth_user_uid=7b186537-5f40-43fc-8545-09f04dcc7c84 HTTP/1.1" 429 141
WARNING 2025-09-04 02:03:23,093 log 92733 6124482560 Too Many Requests: /products/api/v1/product-requests/orders/
WARNING 2025-09-04 02:03:23,093 basehttp 92733 6124482560 "GET /api/v1/product-requests/orders/ HTTP/1.1" 429 141
WARNING 2025-09-04 02:03:41,014 log 92733 6124482560 Too Many Requests: /products/api/v1/product-requests/orders/
WARNING 2025-09-04 02:03:41,017 basehttp 92733 6124482560 "GET /api/v1/product-requests/orders/ HTTP/1.1" 429 141
WARNING 2025-09-04 02:04:00,978 log 92733 6124482560 Too Many Requests: /products/api/v1/product-requests/orders/
WARNING 2025-09-04 02:04:00,979 basehttp 92733 6124482560 "GET /api/v1/product-requests/orders/ HTTP/1.1" 429 141
WARNING 2025-09-04 02:04:20,982 log 92733 6124482560 Too Many Requests: /products/api/v1/product-requests/orders/
WARNING 2025-09-04 02:04:20,983 basehttp 92733 6124482560 "GET /api/v1/product-requests/orders/ HTTP/1.1" 429 141
WARNING 2025-09-04 02:04:40,986 log 92733 6124482560 Too Many Requests: /products/api/v1/product-requests/orders/
WARNING 2025-09-04 02:04:40,986 basehttp 92733 6124482560 "GET /api/v1/product-requests/orders/ HTTP/1.1" 429 141
WARNING 2025-09-04 02:05:00,986 log 92733 6124482560 Too Many Requests: /products/api/v1/product-requests/orders/
WARNING 2025-09-04 02:05:00,987 basehttp 92733 6124482560 "GET /api/v1/product-requests/orders/ HTTP/1.1" 429 141
WARNING 2025-09-04 02:05:20,987 log 92733 6124482560 Too Many Requests: /products/api/v1/product-requests/orders/
WARNING 2025-09-04 02:05:20,988 basehttp 92733 6124482560 "GET /api/v1/product-requests/orders/ HTTP/1.1" 429 141
WARNING 2025-09-04 02:05:40,984 log 92733 6124482560 Too Many Requests: /products/api/v1/product-requests/orders/
WARNING 2025-09-04 02:05:40,986 basehttp 92733 6124482560 "GET /api/v1/product-requests/orders/ HTTP/1.1" 429 141
WARNING 2025-09-04 02:06:01,069 log 92733 6124482560 Too Many Requests: /products/api/v1/product-requests/orders/
WARNING 2025-09-04 02:06:01,073 basehttp 92733 6124482560 "GET /api/v1/product-requests/orders/ HTTP/1.1" 429 141
WARNING 2025-09-04 02:06:20,975 log 92733 6124482560 Too Many Requests: /products/api/v1/product-requests/orders/
WARNING 2025-09-04 02:06:20,976 basehttp 92733 6124482560 "GET /api/v1/product-requests/orders/ HTTP/1.1" 429 141
WARNING 2025-09-04 02:06:40,995 log 92733 6124482560 Too Many Requests: /products/api/v1/product-requests/orders/
WARNING 2025-09-04 02:06:40,996 basehttp 92733 6124482560 "GET /api/v1/product-requests/orders/ HTTP/1.1" 429 141
WARNING 2025-09-04 02:07:00,994 log 92733 6124482560 Too Many Requests: /products/api/v1/product-requests/orders/
WARNING 2025-09-04 02:07:00,995 basehttp 92733 6124482560 "GET /api/v1/product-requests/orders/ HTTP/1.1" 429 141
WARNING 2025-09-04 02:07:20,985 log 92733 6124482560 Too Many Requests: /products/api/v1/product-requests/orders/
WARNING 2025-09-04 02:07:20,986 basehttp 92733 6124482560 "GET /api/v1/product-requests/orders/ HTTP/1.1" 429 141
WARNING 2025-09-04 02:07:40,975 log 92733 6124482560 Too Many Requests: /products/api/v1/product-requests/orders/
WARNING 2025-09-04 02:07:40,976 basehttp 92733 6124482560 "GET /api/v1/product-requests/orders/ HTTP/1.1" 429 141
WARNING 2025-09-04 02:08:00,978 log 92733 6124482560 Too Many Requests: /products/api/v1/product-requests/orders/
WARNING 2025-09-04 02:08:00,979 basehttp 92733 6124482560 "GET /api/v1/product-requests/orders/ HTTP/1.1" 429 141
WARNING 2025-09-04 02:08:20,922 log 92733 6124482560 Too Many Requests: /products/api/v1/product-requests/orders/
WARNING 2025-09-04 02:08:20,923 basehttp 92733 6124482560 "GET /api/v1/product-requests/orders/ HTTP/1.1" 429 141
WARNING 2025-09-04 02:08:40,930 log 92733 6124482560 Too Many Requests: /products/api/v1/product-requests/orders/
WARNING 2025-09-04 02:08:40,931 basehttp 92733 6124482560 "GET /api/v1/product-requests/orders/ HTTP/1.1" 429 141
WARNING 2025-09-04 02:09:00,908 log 92733 6124482560 Too Many Requests: /products/api/v1/product-requests/orders/
WARNING 2025-09-04 02:09:00,909 basehttp 92733 6124482560 "GET /api/v1/product-requests/orders/ HTTP/1.1" 429 141
WARNING 2025-09-04 02:09:21,026 log 92733 6124482560 Too Many Requests: /products/api/v1/product-requests/orders/
WARNING 2025-09-04 02:09:21,028 basehttp 92733 6124482560 "GET /api/v1/product-requests/orders/ HTTP/1.1" 429 141
WARNING 2025-09-04 02:09:40,913 log 92733 6124482560 Too Many Requests: /products/api/v1/product-requests/orders/
WARNING 2025-09-04 02:09:40,914 basehttp 92733 6124482560 "GET /api/v1/product-requests/orders/ HTTP/1.1" 429 141
WARNING 2025-09-04 02:10:00,900 log 92733 6124482560 Too Many Requests: /products/api/v1/product-requests/orders/
WARNING 2025-09-04 02:10:00,901 basehttp 92733 6124482560 "GET /api/v1/product-requests/orders/ HTTP/1.1" 429 141
WARNING 2025-09-04 02:10:20,905 log 92733 6124482560 Too Many Requests: /products/api/v1/product-requests/orders/
WARNING 2025-09-04 02:10:20,906 basehttp 92733 6124482560 "GET /api/v1/product-requests/orders/ HTTP/1.1" 429 141
WARNING 2025-09-04 02:10:40,901 log 92733 6124482560 Too Many Requests: /products/api/v1/product-requests/orders/
WARNING 2025-09-04 02:10:40,901 basehttp 92733 6124482560 "GET /api/v1/product-requests/orders/ HTTP/1.1" 429 141
WARNING 2025-09-04 02:11:00,913 log 92733 6124482560 Too Many Requests: /products/api/v1/product-requests/orders/
WARNING 2025-09-04 02:11:00,914 basehttp 92733 6124482560 "GET /api/v1/product-requests/orders/ HTTP/1.1" 429 141
WARNING 2025-09-04 02:11:20,896 log 92733 6124482560 Too Many Requests: /products/api/v1/product-requests/orders/
WARNING 2025-09-04 02:11:20,897 basehttp 92733 6124482560 "GET /api/v1/product-requests/orders/ HTTP/1.1" 429 141
WARNING 2025-09-04 02:13:23,853 log 92733 6141308928 Not Found: /products/products/products/admin/login/
WARNING 2025-09-04 02:13:23,853 basehttp 92733 6141308928 "POST /products/products/admin/login/?next=/admin/ HTTP/1.1" 404 4963
INFO 2025-09-04 02:13:42,696 basehttp 92733 6141308928 "GET /admin/login/?next=/admin/ HTTP/1.1" 200 1592
WARNING 2025-09-04 02:13:42,708 basehttp 92733 6141308928 "GET /static/admin/css/login.css HTTP/1.1" 404 1897
WARNING 2025-09-04 02:13:42,708 basehttp 92733 6158135296 "GET /static/admin/css/responsive.css HTTP/1.1" 404 1912
INFO 2025-09-04 02:18:08,735 basehttp 92733 6124482560 "GET /admin/login/?next=/admin/ HTTP/1.1" 200 1592
WARNING 2025-09-04 02:18:08,757 basehttp 92733 6141308928 "GET /static/admin/css/responsive.css HTTP/1.1" 404 1912
WARNING 2025-09-04 02:18:08,757 basehttp 92733 6124482560 "GET /static/admin/css/login.css HTTP/1.1" 404 1897
WARNING 2025-09-04 02:18:13,804 log 92733 6124482560 Too Many Requests: /products/
WARNING 2025-09-04 02:18:13,805 basehttp 92733 6124482560 "GET / HTTP/1.1" 429 21
WARNING 2025-09-04 02:19:03,052 log 92733 6124482560 Too Many Requests: /products/
WARNING 2025-09-04 02:19:03,053 basehttp 92733 6124482560 "GET / HTTP/1.1" 429 21
WARNING 2025-09-04 02:19:04,754 log 92733 6124482560 Too Many Requests: /products/
WARNING 2025-09-04 02:19:04,755 basehttp 92733 6124482560 "GET / HTTP/1.1" 429 21
WARNING 2025-09-04 02:19:06,021 log 92733 6124482560 Too Many Requests: /products/
WARNING 2025-09-04 02:19:06,021 basehttp 92733 6124482560 "GET / HTTP/1.1" 429 21
WARNING 2025-09-04 02:19:07,535 log 92733 6124482560 Too Many Requests: /products/
WARNING 2025-09-04 02:19:07,536 basehttp 92733 6124482560 "GET / HTTP/1.1" 429 21
WARNING 2025-09-04 02:19:08,212 log 92733 6124482560 Too Many Requests: /products/
WARNING 2025-09-04 02:19:08,213 basehttp 92733 6124482560 "GET / HTTP/1.1" 429 21
WARNING 2025-09-04 02:19:08,730 log 92733 6124482560 Too Many Requests: /products/
WARNING 2025-09-04 02:19:08,730 basehttp 92733 6124482560 "GET / HTTP/1.1" 429 21
WARNING 2025-09-04 02:19:09,316 log 92733 6124482560 Too Many Requests: /products/
WARNING 2025-09-04 02:19:09,317 basehttp 92733 6124482560 "GET / HTTP/1.1" 429 21
WARNING 2025-09-04 02:19:09,790 log 92733 6124482560 Too Many Requests: /products/
WARNING 2025-09-04 02:19:09,791 basehttp 92733 6124482560 "GET / HTTP/1.1" 429 21
WARNING 2025-09-04 02:19:17,521 log 92733 6124482560 Too Many Requests: /products/
WARNING 2025-09-04 02:19:17,523 basehttp 92733 6124482560 "GET / HTTP/1.1" 429 21
WARNING 2025-09-04 02:19:18,431 log 92733 6124482560 Too Many Requests: /products/
WARNING 2025-09-04 02:19:18,432 basehttp 92733 6124482560 "GET / HTTP/1.1" 429 21
WARNING 2025-09-04 02:19:19,480 log 92733 6124482560 Too Many Requests: /products/
WARNING 2025-09-04 02:19:19,481 basehttp 92733 6124482560 "GET / HTTP/1.1" 429 21
INFO 2025-09-04 02:21:02,319 autoreload 92733 8517256640 /Users/thulanimoyo/MEGA downloads/new downloads/BIDR_Backend/product_management_service/product_management_service/settings.py changed, reloading.
INFO 2025-09-04 02:28:03,235 autoreload 73295 8517256640 Watching for file changes with StatReloader
INFO 2025-09-04 02:28:21,596 basehttp 73295 12918534144 "GET / HTTP/1.1" 200 1682
INFO 2025-09-04 02:28:37,501 basehttp 73295 12918534144 "GET / HTTP/1.1" 200 1682
WARNING 2025-09-04 02:28:37,569 basehttp 73295 13002665984 "GET /static/drf-yasg/immutable.min.js HTTP/1.1" 404 1915
WARNING 2025-09-04 02:28:37,570 basehttp 73295 12952186880 "GET /static/drf-yasg/swagger-ui-dist/swagger-ui-bundle.js HTTP/1.1" 404 1975
WARNING 2025-09-04 02:28:37,573 basehttp 73295 12969013248 "GET /static/drf-yasg/swagger-ui-dist/swagger-ui-standalone-preset.js HTTP/1.1" 404 2008
WARNING 2025-09-04 02:28:37,574 basehttp 73295 12918534144 "GET /static/drf-yasg/style.css HTTP/1.1" 404 1894
WARNING 2025-09-04 02:28:37,581 basehttp 73295 12985839616 "GET /static/drf-yasg/insQ.min.js HTTP/1.1" 404 1900
WARNING 2025-09-04 02:28:37,582 basehttp 73295 12935360512 "GET /static/drf-yasg/swagger-ui-dist/swagger-ui.css HTTP/1.1" 404 1957
WARNING 2025-09-04 02:28:37,584 basehttp 73295 13002665984 "GET /static/drf-yasg/swagger-ui-init.js HTTP/1.1" 404 1921
WARNING 2025-09-04 02:28:37,609 basehttp 73295 12918534144 "GET /static/drf-yasg/swagger-ui-dist/favicon-32x32.png HTTP/1.1" 404 1966
INFO 2025-09-04 02:29:28,530 basehttp 73295 12918534144 "GET /api/v1/product-requests/requests/by_auth_user/?auth_user_uid=7b186537-5f40-43fc-8545-09f04dcc7c84 HTTP/1.1" 200 3460
INFO 2025-09-04 02:29:30,456 basehttp 73295 12935360512 "GET /api/v1/product-requests/orders/ HTTP/1.1" 200 2517
INFO 2025-09-04 02:29:48,272 basehttp 73295 12918534144 "GET /api/v1/product-requests/orders/ HTTP/1.1" 200 2517
INFO 2025-09-04 02:30:08,284 basehttp 73295 12918534144 "GET /api/v1/product-requests/orders/ HTTP/1.1" 200 2517
INFO 2025-09-04 02:30:28,257 basehttp 73295 12918534144 "GET /api/v1/product-requests/orders/ HTTP/1.1" 200 2517
INFO 2025-09-04 02:30:48,276 basehttp 73295 12918534144 "GET /api/v1/product-requests/orders/ HTTP/1.1" 200 2517
INFO 2025-09-04 02:31:08,279 basehttp 73295 12918534144 "GET /api/v1/product-requests/orders/ HTTP/1.1" 200 2517
INFO 2025-09-04 02:31:26,204 basehttp 73295 12918534144 "GET /api/v1/product-requests/orders/ HTTP/1.1" 200 2517
INFO 2025-09-04 02:31:27,006 basehttp 73295 12918534144 "GET /api/v1/product-requests/orders/ HTTP/1.1" 200 2517
INFO 2025-09-04 02:31:28,074 basehttp 73295 12918534144 "GET /api/v1/product-requests/orders/ HTTP/1.1" 200 2517
INFO 2025-09-04 02:31:28,261 basehttp 73295 12918534144 "GET /api/v1/product-requests/orders/ HTTP/1.1" 200 2517
INFO 2025-09-04 02:31:34,714 basehttp 73295 12918534144 "GET /api/v1/product-requests/orders/ HTTP/1.1" 200 2517
INFO 2025-09-04 02:31:37,222 basehttp 73295 12918534144 "GET /api/v1/product-requests/orders/ HTTP/1.1" 200 2517
INFO 2025-09-04 02:31:38,665 basehttp 73295 12918534144 "GET /api/v1/product-requests/orders/ HTTP/1.1" 200 2517
INFO 2025-09-04 02:31:48,258 basehttp 73295 12918534144 "GET /api/v1/product-requests/orders/ HTTP/1.1" 200 2517
INFO 2025-09-04 02:31:49,917 basehttp 73295 12918534144 "GET /api/v1/product-requests/orders/ HTTP/1.1" 200 2517
INFO 2025-09-04 02:32:05,065 basehttp 73295 12918534144 "GET /admin/login/?next=/admin/ HTTP/1.1" 200 1592
WARNING 2025-09-04 02:32:05,096 basehttp 73295 12918534144 "GET /static/admin/css/login.css HTTP/1.1" 404 1897
WARNING 2025-09-04 02:32:05,100 basehttp 73295 12935360512 "GET /static/admin/css/responsive.css HTTP/1.1" 404 1912
INFO 2025-09-04 02:32:08,266 basehttp 73295 12918534144 "GET /api/v1/product-requests/orders/ HTTP/1.1" 200 2517
WARNING 2025-09-04 02:32:16,120 log 73295 12918534144 Not Found: /products/products/products/admin/login/
WARNING 2025-09-04 02:32:16,120 basehttp 73295 12918534144 "POST /products/products/admin/login/?next=/admin/ HTTP/1.1" 404 4963
WARNING 2025-09-04 02:32:26,079 log 73295 12918534144 Not Found: /products/products/admin/
WARNING 2025-09-04 02:32:26,080 basehttp 73295 12918534144 "GET /products/admin/ HTTP/1.1" 404 4904
INFO 2025-09-04 02:32:28,326 basehttp 73295 12952186880 "GET /api/v1/product-requests/orders/ HTTP/1.1" 200 2517
INFO 2025-09-04 02:32:35,771 basehttp 73295 12918534144 "GET /admin/ HTTP/1.1" 302 0
WARNING 2025-09-04 02:32:35,782 log 73295 12918534144 Not Found: /products/products/admin/login/
WARNING 2025-09-04 02:32:35,782 basehttp 73295 12918534144 "GET /products/admin/login/?next=/products/admin/ HTTP/1.1" 404 4944
INFO 2025-09-04 02:32:43,088 basehttp 73295 12918534144 "GET /admin/login/?next=/admin/ HTTP/1.1" 200 1592
WARNING 2025-09-04 02:32:43,108 basehttp 73295 12935360512 "GET /static/admin/css/responsive.css HTTP/1.1" 404 1912
WARNING 2025-09-04 02:32:43,108 basehttp 73295 12918534144 "GET /static/admin/css/login.css HTTP/1.1" 404 1897
INFO 2025-09-04 02:32:48,278 basehttp 73295 12918534144 "GET /api/v1/product-requests/orders/ HTTP/1.1" 200 2517
INFO 2025-09-04 02:33:08,319 basehttp 73295 12918534144 "GET /api/v1/product-requests/orders/ HTTP/1.1" 200 2517
INFO 2025-09-04 02:33:28,300 basehttp 73295 12918534144 "GET /api/v1/product-requests/orders/ HTTP/1.1" 200 2517
INFO 2025-09-04 02:33:48,351 basehttp 73295 12918534144 "GET /api/v1/product-requests/orders/ HTTP/1.1" 200 2517
INFO 2025-09-04 02:34:08,289 basehttp 73295 12918534144 "GET /api/v1/product-requests/orders/ HTTP/1.1" 200 2517
INFO 2025-09-04 02:34:28,295 basehttp 73295 12918534144 "GET /api/v1/product-requests/orders/ HTTP/1.1" 200 2517
INFO 2025-09-04 02:34:48,291 basehttp 73295 12918534144 "GET /api/v1/product-requests/orders/ HTTP/1.1" 200 2517
INFO 2025-09-04 02:35:08,326 basehttp 73295 12918534144 "GET /api/v1/product-requests/orders/ HTTP/1.1" 200 2517
INFO 2025-09-04 02:35:28,268 basehttp 73295 12918534144 "GET /api/v1/product-requests/orders/ HTTP/1.1" 200 2517
INFO 2025-09-04 02:35:48,293 basehttp 73295 12935360512 "GET /api/v1/product-requests/orders/ HTTP/1.1" 200 2517
INFO 2025-09-04 02:36:08,309 basehttp 73295 12935360512 "GET /api/v1/product-requests/orders/ HTTP/1.1" 200 2517
INFO 2025-09-04 02:36:28,293 basehttp 73295 12935360512 "GET /api/v1/product-requests/orders/ HTTP/1.1" 200 2517
INFO 2025-09-04 02:36:48,272 basehttp 73295 12935360512 "GET /api/v1/product-requests/orders/ HTTP/1.1" 200 2517
INFO 2025-09-04 02:37:08,279 basehttp 73295 12935360512 "GET /api/v1/product-requests/orders/ HTTP/1.1" 200 2517
INFO 2025-09-04 02:37:28,292 basehttp 73295 12935360512 "GET /api/v1/product-requests/orders/ HTTP/1.1" 200 2517
INFO 2025-09-04 02:37:48,287 basehttp 73295 12935360512 "GET /api/v1/product-requests/orders/ HTTP/1.1" 200 2517
INFO 2025-09-04 02:38:08,334 basehttp 73295 12935360512 "GET /api/v1/product-requests/orders/ HTTP/1.1" 200 2517
INFO 2025-09-04 02:38:28,296 basehttp 73295 12918534144 "GET /api/v1/product-requests/orders/ HTTP/1.1" 200 2517
INFO 2025-09-04 02:38:48,287 basehttp 73295 12918534144 "GET /api/v1/product-requests/orders/ HTTP/1.1" 200 2517
INFO 2025-09-04 02:39:08,312 basehttp 73295 12918534144 "GET /api/v1/product-requests/orders/ HTTP/1.1" 200 2517
INFO 2025-09-04 02:39:25,962 autoreload 73295 8517256640 /Users/thulanimoyo/MEGA downloads/new downloads/BIDR_Backend/product_management_service/product_management_service/settings.py changed, reloading.
INFO 2025-09-04 02:39:26,471 autoreload 77573 8517256640 Watching for file changes with StatReloader
INFO 2025-09-04 02:39:28,284 basehttp 77573 6133460992 "GET /api/v1/product-requests/orders/ HTTP/1.1" 200 2517
INFO 2025-09-04 02:39:48,286 basehttp 77573 6133460992 "GET /api/v1/product-requests/orders/ HTTP/1.1" 200 2517
INFO 2025-09-04 02:40:08,418 basehttp 77573 6133460992 "GET /api/v1/product-requests/orders/ HTTP/1.1" 200 2517
INFO 2025-09-04 02:40:28,395 basehttp 77573 6133460992 "GET /api/v1/product-requests/orders/ HTTP/1.1" 200 2517
INFO 2025-09-04 02:40:48,413 basehttp 77573 6133460992 "GET /api/v1/product-requests/orders/ HTTP/1.1" 200 2517
INFO 2025-09-04 02:41:08,407 basehttp 77573 6133460992 "GET /api/v1/product-requests/orders/ HTTP/1.1" 200 2517
INFO 2025-09-04 02:41:28,393 basehttp 77573 6133460992 "GET /api/v1/product-requests/orders/ HTTP/1.1" 200 2517
INFO 2025-09-04 02:41:48,386 basehttp 77573 6133460992 "GET /api/v1/product-requests/orders/ HTTP/1.1" 200 2517
INFO 2025-09-04 02:41:57,119 autoreload 78850 8517256640 Watching for file changes with StatReloader
INFO 2025-09-04 02:42:08,393 basehttp 77573 6133460992 "GET /api/v1/product-requests/orders/ HTTP/1.1" 200 2517
INFO 2025-09-04 02:42:28,388 basehttp 77573 6133460992 "GET /api/v1/product-requests/orders/ HTTP/1.1" 200 2517
INFO 2025-09-04 02:42:48,406 basehttp 77573 6133460992 "GET /api/v1/product-requests/orders/ HTTP/1.1" 200 2517
INFO 2025-09-04 02:43:08,420 basehttp 77573 6133460992 "GET /api/v1/product-requests/orders/ HTTP/1.1" 200 2517
INFO 2025-09-04 02:43:28,396 basehttp 77573 6133460992 "GET /api/v1/product-requests/orders/ HTTP/1.1" 200 2517
INFO 2025-09-04 02:43:48,421 basehttp 77573 6133460992 "GET /api/v1/product-requests/orders/ HTTP/1.1" 200 2517
INFO 2025-09-04 02:44:08,400 basehttp 77573 6133460992 "GET /api/v1/product-requests/orders/ HTTP/1.1" 200 2517
INFO 2025-09-04 02:44:28,441 basehttp 77573 6133460992 "GET /api/v1/product-requests/orders/ HTTP/1.1" 200 2517
INFO 2025-09-04 02:44:48,414 basehttp 77573 6133460992 "GET /api/v1/product-requests/orders/ HTTP/1.1" 200 2517
INFO 2025-09-04 02:45:08,415 basehttp 77573 6133460992 "GET /api/v1/product-requests/orders/ HTTP/1.1" 200 2517
INFO 2025-09-04 02:45:28,410 basehttp 77573 6133460992 "GET /api/v1/product-requests/orders/ HTTP/1.1" 200 2517
INFO 2025-09-04 02:45:42,280 autoreload 80224 8517256640 Watching for file changes with StatReloader
INFO 2025-09-04 02:45:48,482 basehttp 80224 6157987840 "GET /api/v1/product-requests/orders/ HTTP/1.1" 200 2517
INFO 2025-09-04 02:45:58,669 basehttp 80224 6157987840 "GET / HTTP/1.1" 200 1682
INFO 2025-09-04 02:45:58,707 basehttp 80224 6157987840 "GET /static/drf-yasg/style.css HTTP/1.1" 200 1047
INFO 2025-09-04 02:45:58,715 basehttp 80224 6157987840 "GET /static/drf-yasg/swagger-ui-init.js HTTP/1.1" 200 15480
INFO 2025-09-04 02:45:58,728 basehttp 80224 6325039104 "GET /static/drf-yasg/swagger-ui-dist/swagger-ui.css HTTP/1.1" 200 145206
INFO 2025-09-04 02:45:58,732 basehttp 80224 6375518208 "GET /static/drf-yasg/insQ.min.js HTTP/1.1" 200 2093
INFO 2025-09-04 02:45:58,736 basehttp 80224 6392344576 "GET /static/drf-yasg/immutable.min.js HTTP/1.1" 200 56904
INFO 2025-09-04 02:45:58,748 basehttp 80224 6358691840 "GET /static/drf-yasg/swagger-ui-dist/swagger-ui-standalone-preset.js HTTP/1.1" 200 322863
INFO 2025-09-04 02:45:58,750 basehttp 80224 6341865472 "GET /static/drf-yasg/swagger-ui-dist/swagger-ui-bundle.js HTTP/1.1" 200 1046583
INFO 2025-09-04 02:45:58,859 basehttp 80224 6358691840 "GET /static/drf-yasg/swagger-ui-dist/favicon-32x32.png HTTP/1.1" 200 628
ERROR 2025-09-04 02:45:59,415 log 80224 6341865472 Internal Server Error: /
ERROR 2025-09-04 02:45:59,415 basehttp 80224 6341865472 "GET /?format=openapi HTTP/1.1" 500 96
INFO 2025-09-04 02:46:04,413 basehttp 80224 6341865472 "GET /admin HTTP/1.1" 301 0
INFO 2025-09-04 02:46:04,450 basehttp 80224 6358691840 "GET /admin/ HTTP/1.1" 302 0
INFO 2025-09-04 02:46:04,485 basehttp 80224 6358691840 "GET /admin/login/?next=/admin/ HTTP/1.1" 200 1583
INFO 2025-09-04 02:46:04,504 basehttp 80224 6358691840 "GET /static/admin/css/login.css HTTP/1.1" 200 951
INFO 2025-09-04 02:46:04,514 basehttp 80224 6392344576 "GET /static/admin/css/responsive.css HTTP/1.1" 200 16565
WARNING 2025-09-04 02:46:04,543 log 80224 6392344576 Not Found: /favicon.ico
WARNING 2025-09-04 02:46:04,543 basehttp 80224 6392344576 "GET /favicon.ico HTTP/1.1" 404 4883
INFO 2025-09-04 02:46:08,508 basehttp 80224 6341865472 "GET /api/v1/product-requests/orders/ HTTP/1.1" 200 2517
INFO 2025-09-04 02:46:28,421 basehttp 80224 6341865472 "GET /api/v1/product-requests/orders/ HTTP/1.1" 200 2517
INFO 2025-09-04 02:46:48,378 basehttp 80224 6157987840 "GET /api/v1/product-requests/orders/ HTTP/1.1" 200 2517
INFO 2025-09-04 02:47:22,459 basehttp 80224 6157987840 "GET /api/v1/product-requests/requests/by_auth_user/?auth_user_uid=7b186537-5f40-43fc-8545-09f04dcc7c84 HTTP/1.1" 200 3460
INFO 2025-09-04 02:55:06,167 basehttp 80224 6157987840 "GET /admin/login/?next=/admin/ HTTP/1.1" 200 1583
INFO 2025-09-04 02:55:06,175 basehttp 80224 6157987840 "GET /static/admin/css/login.css HTTP/1.1" 200 951
INFO 2025-09-04 02:55:06,176 basehttp 80224 6325039104 "GET /static/admin/css/responsive.css HTTP/1.1" 200 16565
INFO 2025-09-04 02:56:09,753 autoreload 84155 8517256640 Watching for file changes with StatReloader
INFO 2025-09-04 02:56:28,996 autoreload 84301 8517256640 Watching for file changes with StatReloader
INFO 2025-09-04 02:56:39,362 basehttp 84301 6134755328 "GET /admin/login/?next=/admin/ HTTP/1.1" 200 1583
INFO 2025-09-04 02:56:39,381 basehttp 84301 6134755328 "GET /static/admin/css/login.css HTTP/1.1" 200 951
INFO 2025-09-04 02:56:39,381 basehttp 84301 6151581696 "GET /static/admin/css/responsive.css HTTP/1.1" 200 17972
WARNING 2025-09-04 02:56:39,395 log 84301 6151581696 Not Found: /favicon.ico
WARNING 2025-09-04 02:56:39,395 basehttp 84301 6151581696 "GET /favicon.ico HTTP/1.1" 404 4883
INFO 2025-09-04 03:04:38,816 basehttp 80224 6157987840 "GET / HTTP/1.1" 200 1682
INFO 2025-09-04 03:04:38,845 basehttp 80224 6157987840 "GET /static/drf-yasg/style.css HTTP/1.1" 200 1047
INFO 2025-09-04 03:04:38,846 basehttp 80224 6375518208 "GET /static/drf-yasg/insQ.min.js HTTP/1.1" 200 2093
INFO 2025-09-04 03:04:38,853 basehttp 80224 6157987840 "GET /static/drf-yasg/swagger-ui-init.js HTTP/1.1" 200 15480
INFO 2025-09-04 03:04:38,853 basehttp 80224 6392344576 "GET /static/drf-yasg/immutable.min.js HTTP/1.1" 200 56904
INFO 2025-09-04 03:04:38,856 basehttp 80224 6325039104 "GET /static/drf-yasg/swagger-ui-dist/swagger-ui.css HTTP/1.1" 200 145206
INFO 2025-09-04 03:04:38,859 basehttp 80224 6358691840 "GET /static/drf-yasg/swagger-ui-dist/swagger-ui-standalone-preset.js HTTP/1.1" 200 322863
INFO 2025-09-04 03:04:38,860 basehttp 80224 6341865472 "GET /static/drf-yasg/swagger-ui-dist/swagger-ui-bundle.js HTTP/1.1" 200 1046583
ERROR 2025-09-04 03:04:39,088 log 80224 6341865472 Internal Server Error: /
ERROR 2025-09-04 03:04:39,089 basehttp 80224 6341865472 "GET /?format=openapi HTTP/1.1" 500 96
INFO 2025-09-04 03:04:45,791 basehttp 80224 6341865472 "GET /admin/login/?next=/admin/ HTTP/1.1" 200 1583
INFO 2025-09-04 03:04:49,322 basehttp 80224 6341865472 "GET /admin/login/?next=/admin/ HTTP/1.1" 200 1583
INFO 2025-09-04 03:45:44,982 autoreload 5061 8517256640 Watching for file changes with StatReloader
INFO 2025-09-04 03:46:01,521 basehttp 5061 6166523904 "GET / HTTP/1.1" 200 1682
INFO 2025-09-04 04:00:16,248 basehttp 5061 6166523904 "OPTIONS /api/v1/product-requests/requests/by_auth_user/?auth_user_uid=7b186537-5f40-43fc-8545-09f04dcc7c84 HTTP/1.1" 200 0
INFO 2025-09-04 04:00:16,377 basehttp 5061 6166523904 "GET /api/v1/product-requests/requests/by_auth_user/?auth_user_uid=7b186537-5f40-43fc-8545-09f04dcc7c84 HTTP/1.1" 200 3460
INFO 2025-09-04 04:00:28,511 basehttp 5061 6166523904 "GET /api/v1/product-requests/requests/by_auth_user/?auth_user_uid=7b186537-5f40-43fc-8545-09f04dcc7c84 HTTP/1.1" 200 3460
INFO 2025-09-04 04:01:39,436 basehttp 5061 6166523904 "GET /api/v1/product-requests/requests/by_auth_user/?auth_user_uid=7b186537-5f40-43fc-8545-09f04dcc7c84 HTTP/1.1" 200 3460
INFO 2025-09-04 04:16:20,874 basehttp 5061 6166523904 "GET /api/v1/product-requests/requests/by_auth_user/?auth_user_uid=7b186537-5f40-43fc-8545-09f04dcc7c84 HTTP/1.1" 200 3460
INFO 2025-09-04 04:26:31,339 basehttp 5061 6166523904 "GET /api/v1/product-requests/requests/by_auth_user/?auth_user_uid=7b186537-5f40-43fc-8545-09f04dcc7c84 HTTP/1.1" 200 3460
INFO 2025-09-04 04:26:36,412 basehttp 5061 6166523904 "GET /api/v1/product-requests/requests/by_auth_user/?auth_user_uid=7b186537-5f40-43fc-8545-09f04dcc7c84 HTTP/1.1" 200 3460
INFO 2025-09-04 04:30:35,392 basehttp 5061 6166523904 "GET /api/v1/product-requests/requests/by_auth_user/?auth_user_uid=7b186537-5f40-43fc-8545-09f04dcc7c84 HTTP/1.1" 200 3460
INFO 2025-09-04 04:31:39,436 basehttp 5061 6166523904 "GET /api/v1/product-requests/requests/by_auth_user/?auth_user_uid=7b186537-5f40-43fc-8545-09f04dcc7c84 HTTP/1.1" 200 3460
INFO 2025-09-04 04:32:09,638 basehttp 5061 6166523904 "GET /api/v1/product-requests/requests/by_auth_user/?auth_user_uid=7b186537-5f40-43fc-8545-09f04dcc7c84 HTTP/1.1" 200 3460
INFO 2025-09-04 04:37:24,295 basehttp 5061 6166523904 "GET /api/v1/product-requests/requests/by_auth_user/?auth_user_uid=7b186537-5f40-43fc-8545-09f04dcc7c84 HTTP/1.1" 200 3460
INFO 2025-09-04 04:55:09,149 basehttp 5061 6166523904 "GET /api/v1/product-requests/requests/by_auth_user/?auth_user_uid=7b186537-5f40-43fc-8545-09f04dcc7c84 HTTP/1.1" 200 3460
INFO 2025-09-04 05:00:50,653 basehttp 5061 6166523904 "GET /api/v1/product-requests/requests/by_auth_user/?auth_user_uid=7b186537-5f40-43fc-8545-09f04dcc7c84 HTTP/1.1" 200 3460
INFO 2025-09-04 05:06:05,857 basehttp 5061 6166523904 "GET /admin/product_requests/order/ HTTP/1.1" 200 37510
INFO 2025-09-04 05:06:11,683 basehttp 5061 6166523904 "GET /admin/product_requests/order/ HTTP/1.1" 200 37510
INFO 2025-09-04 05:06:11,754 basehttp 5061 13203795968 "GET /static/admin/css/nav_sidebar.css HTTP/1.1" 304 0
INFO 2025-09-04 05:06:11,761 basehttp 5061 13203795968 "GET /static/admin/js/theme.js HTTP/1.1" 304 0
INFO 2025-09-04 05:06:11,763 basehttp 5061 13186969600 "GET /static/admin/css/dark_mode.css HTTP/1.1" 304 0
INFO 2025-09-04 05:06:11,774 basehttp 5061 6166523904 "GET /static/admin/css/base.css HTTP/1.1" 304 0
INFO 2025-09-04 05:06:11,775 basehttp 5061 13203795968 "GET /static/admin/js/vendor/jquery/jquery.js HTTP/1.1" 304 0
INFO 2025-09-04 05:06:11,782 basehttp 5061 13203795968 "GET /static/admin/js/admin/RelatedObjectLookups.js HTTP/1.1" 304 0
INFO 2025-09-04 05:06:11,780 basehttp 5061 13186969600 "GET /static/admin/js/jquery.init.js HTTP/1.1" 304 0
INFO 2025-09-04 05:06:11,779 basehttp 5061 6166523904 "GET /static/admin/js/core.js HTTP/1.1" 304 0
INFO 2025-09-04 05:06:11,783 basehttp 5061 13186969600 "GET /static/admin/js/urlify.js HTTP/1.1" 304 0
INFO 2025-09-04 05:06:11,800 basehttp 5061 13203795968 "GET /static/admin/js/prepopulate.js HTTP/1.1" 304 0
INFO 2025-09-04 05:06:11,813 basehttp 5061 13203795968 "GET /static/admin/img/search.svg HTTP/1.1" 304 0
INFO 2025-09-04 05:06:11,802 basehttp 5061 13186969600 "GET /static/admin/js/vendor/xregexp/xregexp.js HTTP/1.1" 304 0
INFO 2025-09-04 05:06:11,806 basehttp 5061 13170143232 "GET /admin/jsi18n/ HTTP/1.1" 200 3342
INFO 2025-09-04 05:06:11,809 basehttp 5061 13237448704 "GET /static/admin/css/responsive.css HTTP/1.1" 304 0
INFO 2025-09-04 05:06:11,812 basehttp 5061 6166523904 "GET /static/admin/js/actions.js HTTP/1.1" 304 0
INFO 2025-09-04 05:06:11,802 basehttp 5061 13220622336 "GET /static/admin/css/changelists.css HTTP/1.1" 304 0
INFO 2025-09-04 05:06:11,818 basehttp 5061 13203795968 "GET /static/admin/js/filters.js HTTP/1.1" 304 0
INFO 2025-09-04 05:06:11,822 basehttp 5061 6166523904 "GET /static/admin/js/nav_sidebar.js HTTP/1.1" 304 0
INFO 2025-09-04 05:06:14,719 basehttp 5061 6166523904 "GET /admin/product_requests/order/85062e4d-5d1f-4e42-9b44-f1e27e402257/change/ HTTP/1.1" 200 57703
INFO 2025-09-04 05:06:14,747 basehttp 5061 13186969600 "GET /static/admin/js/admin/DateTimeShortcuts.js HTTP/1.1" 304 0
INFO 2025-09-04 05:06:14,748 basehttp 5061 13237448704 "GET /static/admin/js/prepopulate_init.js HTTP/1.1" 304 0
INFO 2025-09-04 05:06:14,749 basehttp 5061 13170143232 "GET /static/admin/js/calendar.js HTTP/1.1" 304 0
INFO 2025-09-04 05:06:14,750 basehttp 5061 13203795968 "GET /static/admin/css/forms.css HTTP/1.1" 304 0
INFO 2025-09-04 05:06:14,755 basehttp 5061 13170143232 "GET /static/admin/css/widgets.css HTTP/1.1" 304 0
INFO 2025-09-04 05:06:14,757 basehttp 5061 13203795968 "GET /static/admin/img/icon-changelink.svg HTTP/1.1" 304 0
INFO 2025-09-04 05:06:14,759 basehttp 5061 6166523904 "GET /admin/jsi18n/ HTTP/1.1" 200 3342
INFO 2025-09-04 05:06:14,760 basehttp 5061 13203795968 "GET /static/admin/img/icon-addlink.svg HTTP/1.1" 304 0
INFO 2025-09-04 05:06:14,764 basehttp 5061 13203795968 "GET /static/admin/img/icon-viewlink.svg HTTP/1.1" 304 0
INFO 2025-09-04 05:06:14,771 basehttp 5061 13203795968 "GET /static/admin/js/change_form.js HTTP/1.1" 304 0
INFO 2025-09-04 05:06:14,791 basehttp 5061 13203795968 "GET /static/admin/img/icon-calendar.svg HTTP/1.1" 304 0
INFO 2025-09-04 05:06:14,797 basehttp 5061 6166523904 "GET /static/admin/img/icon-clock.svg HTTP/1.1" 304 0
INFO 2025-09-04 05:06:25,581 basehttp 5061 6166523904 "POST /admin/product_requests/order/85062e4d-5d1f-4e42-9b44-f1e27e402257/change/ HTTP/1.1" 302 0
INFO 2025-09-04 05:06:25,633 basehttp 5061 6166523904 "GET /admin/product_requests/order/ HTTP/1.1" 200 37797
INFO 2025-09-04 05:06:25,699 basehttp 5061 6166523904 "GET /admin/jsi18n/ HTTP/1.1" 200 3342
INFO 2025-09-04 05:06:25,726 basehttp 5061 6166523904 "GET /static/admin/img/icon-yes.svg HTTP/1.1" 304 0
INFO 2025-09-04 05:06:29,895 basehttp 5061 6166523904 "GET /admin/product_requests/order/85062e4d-5d1f-4e42-9b44-f1e27e402257/change/ HTTP/1.1" 200 57704
INFO 2025-09-04 05:06:29,921 basehttp 5061 6166523904 "GET /admin/jsi18n/ HTTP/1.1" 200 3342
INFO 2025-09-04 05:06:40,551 basehttp 5061 6166523904 "POST /admin/product_requests/order/85062e4d-5d1f-4e42-9b44-f1e27e402257/change/ HTTP/1.1" 302 0
INFO 2025-09-04 05:06:40,592 basehttp 5061 6166523904 "GET /admin/product_requests/order/ HTTP/1.1" 200 37798
INFO 2025-09-04 05:06:40,627 basehttp 5061 6166523904 "GET /admin/jsi18n/ HTTP/1.1" 200 3342
INFO 2025-09-04 05:06:44,344 basehttp 5061 6166523904 "GET /admin/product_requests/order/a0141a22-c9a2-4cf6-aa2c-3e96ba94a5be/change/ HTTP/1.1" 200 57703
INFO 2025-09-04 05:06:44,437 basehttp 5061 6166523904 "GET /admin/jsi18n/ HTTP/1.1" 200 3342
INFO 2025-09-04 05:07:11,396 basehttp 5061 6166523904 "POST /admin/product_requests/order/a0141a22-c9a2-4cf6-aa2c-3e96ba94a5be/change/ HTTP/1.1" 302 0
INFO 2025-09-04 05:07:11,448 basehttp 5061 6166523904 "GET /admin/product_requests/order/ HTTP/1.1" 200 37792
INFO 2025-09-04 05:07:11,488 basehttp 5061 6166523904 "GET /admin/jsi18n/ HTTP/1.1" 200 3342
INFO 2025-09-04 05:07:26,021 basehttp 5061 13254275072 "GET /api/v1/product-requests/requests/by_auth_user/?auth_user_uid=7b186537-5f40-43fc-8545-09f04dcc7c84 HTTP/1.1" 200 3460
INFO 2025-09-04 05:07:31,846 basehttp 5061 13254275072 "GET /api/v1/product-requests/requests/by_auth_user/?auth_user_uid=7b186537-5f40-43fc-8545-09f04dcc7c84 HTTP/1.1" 200 3460
INFO 2025-09-04 05:07:47,253 basehttp 5061 13254275072 "GET /api/v1/product-requests/requests/by_auth_user/?auth_user_uid=7b186537-5f40-43fc-8545-09f04dcc7c84 HTTP/1.1" 200 3460
INFO 2025-09-04 05:07:48,588 basehttp 5061 13254275072 "GET /api/v1/product-requests/requests/by_auth_user/?auth_user_uid=7b186537-5f40-43fc-8545-09f04dcc7c84 HTTP/1.1" 200 3460
INFO 2025-09-04 05:07:51,348 basehttp 5061 13254275072 "OPTIONS /api/v1/product-requests/orders/ HTTP/1.1" 200 0
INFO 2025-09-04 05:07:51,425 basehttp 5061 13254275072 "GET /api/v1/product-requests/orders/ HTTP/1.1" 200 2500
INFO 2025-09-04 05:07:53,737 basehttp 5061 13254275072 "GET /api/v1/product-requests/orders/ HTTP/1.1" 200 2500
INFO 2025-09-04 05:08:07,331 basehttp 5061 13254275072 "GET /api/v1/product-requests/orders/ HTTP/1.1" 200 2500
INFO 2025-09-04 05:08:13,461 basehttp 5061 13254275072 "GET /api/v1/product-requests/orders/ HTTP/1.1" 200 2500
INFO 2025-09-04 05:08:14,968 basehttp 5061 13254275072 "GET /api/v1/product-requests/orders/ HTTP/1.1" 200 2500
INFO 2025-09-04 05:08:15,902 basehttp 5061 13254275072 "GET /api/v1/product-requests/orders/ HTTP/1.1" 200 2500
INFO 2025-09-04 05:08:16,617 basehttp 5061 13254275072 "GET /api/v1/product-requests/orders/ HTTP/1.1" 200 2500
INFO 2025-09-04 05:08:26,981 basehttp 5061 13254275072 "GET /api/v1/product-requests/orders/ HTTP/1.1" 200 2500
INFO 2025-09-04 05:08:47,021 basehttp 5061 13254275072 "GET /api/v1/product-requests/orders/ HTTP/1.1" 200 2500
INFO 2025-09-04 05:09:07,111 basehttp 5061 13254275072 "GET /api/v1/product-requests/orders/ HTTP/1.1" 200 2500
INFO 2025-09-04 05:09:27,318 basehttp 5061 13254275072 "GET /api/v1/product-requests/orders/ HTTP/1.1" 200 2500
INFO 2025-09-04 05:09:47,228 basehttp 5061 13254275072 "GET /api/v1/product-requests/orders/ HTTP/1.1" 200 2500
INFO 2025-09-04 05:10:07,131 basehttp 5061 13254275072 "GET /api/v1/product-requests/orders/ HTTP/1.1" 200 2500
INFO 2025-09-04 05:10:27,176 basehttp 5061 13254275072 "GET /api/v1/product-requests/orders/ HTTP/1.1" 200 2500
INFO 2025-09-04 05:10:47,049 basehttp 5061 13254275072 "GET /api/v1/product-requests/orders/ HTTP/1.1" 200 2500
INFO 2025-09-04 05:11:07,227 basehttp 5061 13254275072 "GET /api/v1/product-requests/orders/ HTTP/1.1" 200 2500
INFO 2025-09-04 05:11:27,412 basehttp 5061 13254275072 "GET /api/v1/product-requests/orders/ HTTP/1.1" 200 2500
INFO 2025-09-04 05:11:47,160 basehttp 5061 13170143232 "GET /api/v1/product-requests/orders/ HTTP/1.1" 200 2500
INFO 2025-09-04 05:12:07,003 basehttp 5061 13170143232 "GET /api/v1/product-requests/orders/ HTTP/1.1" 200 2500
INFO 2025-09-04 05:12:27,321 basehttp 5061 13170143232 "GET /api/v1/product-requests/orders/ HTTP/1.1" 200 2500
INFO 2025-09-04 05:15:54,426 basehttp 5061 6166523904 "GET /api/v1/product-requests/requests/by_auth_user/?auth_user_uid=7b186537-5f40-43fc-8545-09f04dcc7c84 HTTP/1.1" 200 3460
INFO 2025-09-04 05:16:05,633 basehttp 5061 6166523904 "GET /api/v1/product-requests/requests/by_auth_user/?auth_user_uid=7b186537-5f40-43fc-8545-09f04dcc7c84 HTTP/1.1" 200 3460
INFO 2025-09-04 05:16:13,675 basehttp 5061 6166523904 "GET /api/v1/product-requests/requests/by_auth_user/?auth_user_uid=7b186537-5f40-43fc-8545-09f04dcc7c84 HTTP/1.1" 200 3460
INFO 2025-09-04 05:16:27,577 basehttp 5061 6166523904 "GET /api/v1/product-requests/orders/ HTTP/1.1" 200 2500
INFO 2025-09-04 05:16:34,199 basehttp 5061 6166523904 "GET /api/v1/product-requests/orders/ HTTP/1.1" 200 2500
INFO 2025-09-04 05:16:54,136 basehttp 5061 6166523904 "GET /api/v1/product-requests/orders/ HTTP/1.1" 200 2500
INFO 2025-09-04 05:17:13,649 basehttp 5061 6166523904 "GET /api/v1/product-requests/orders/ HTTP/1.1" 200 2500
INFO 2025-09-04 05:17:33,900 basehttp 5061 6166523904 "GET /api/v1/product-requests/orders/ HTTP/1.1" 200 2500
INFO 2025-09-04 05:17:53,641 basehttp 5061 6166523904 "GET /api/v1/product-requests/orders/ HTTP/1.1" 200 2500
INFO 2025-09-04 05:18:13,644 basehttp 5061 6166523904 "GET /api/v1/product-requests/orders/ HTTP/1.1" 200 2500
INFO 2025-09-04 05:18:33,824 basehttp 5061 6166523904 "GET /api/v1/product-requests/orders/ HTTP/1.1" 200 2500
INFO 2025-09-04 05:18:54,040 basehttp 5061 6166523904 "GET /api/v1/product-requests/orders/ HTTP/1.1" 200 2500
INFO 2025-09-04 05:19:13,643 basehttp 5061 6166523904 "GET /api/v1/product-requests/orders/ HTTP/1.1" 200 2500
INFO 2025-09-04 05:19:34,028 basehttp 5061 6166523904 "GET /api/v1/product-requests/orders/ HTTP/1.1" 200 2500
INFO 2025-09-04 05:19:55,043 basehttp 5061 6166523904 "GET /api/v1/product-requests/orders/ HTTP/1.1" 200 2500
INFO 2025-09-04 05:20:13,886 basehttp 5061 6166523904 "GET /api/v1/product-requests/orders/ HTTP/1.1" 200 2500
INFO 2025-09-04 05:20:34,056 basehttp 5061 6166523904 "GET /api/v1/product-requests/orders/ HTTP/1.1" 200 2500
INFO 2025-09-04 05:20:53,860 basehttp 5061 6166523904 "GET /api/v1/product-requests/orders/ HTTP/1.1" 200 2500
INFO 2025-09-04 05:21:13,622 basehttp 5061 6166523904 "GET /api/v1/product-requests/orders/ HTTP/1.1" 200 2500
INFO 2025-09-04 05:21:33,794 basehttp 5061 6166523904 "GET /api/v1/product-requests/orders/ HTTP/1.1" 200 2500
INFO 2025-09-04 05:21:53,837 basehttp 5061 6166523904 "GET /api/v1/product-requests/orders/ HTTP/1.1" 200 2500
INFO 2025-09-04 05:22:13,806 basehttp 5061 6166523904 "GET /api/v1/product-requests/orders/ HTTP/1.1" 200 2500
INFO 2025-09-04 05:22:33,855 basehttp 5061 6166523904 "GET /api/v1/product-requests/orders/ HTTP/1.1" 200 2500
INFO 2025-09-04 05:22:53,882 basehttp 5061 6166523904 "GET /api/v1/product-requests/orders/ HTTP/1.1" 200 2500
INFO 2025-09-04 05:23:13,848 basehttp 5061 6166523904 "GET /api/v1/product-requests/orders/ HTTP/1.1" 200 2500
INFO 2025-09-04 05:23:33,677 basehttp 5061 6166523904 "GET /api/v1/product-requests/orders/ HTTP/1.1" 200 2500
INFO 2025-09-04 05:23:54,035 basehttp 5061 6166523904 "GET /api/v1/product-requests/orders/ HTTP/1.1" 200 2500
INFO 2025-09-04 05:24:13,817 basehttp 5061 6166523904 "GET /api/v1/product-requests/orders/ HTTP/1.1" 200 2500
INFO 2025-09-04 05:24:33,877 basehttp 5061 6166523904 "GET /api/v1/product-requests/orders/ HTTP/1.1" 200 2500
INFO 2025-09-04 05:24:53,756 basehttp 5061 6166523904 "GET /api/v1/product-requests/orders/ HTTP/1.1" 200 2500
INFO 2025-09-04 05:25:13,771 basehttp 5061 6166523904 "GET /api/v1/product-requests/orders/ HTTP/1.1" 200 2500
INFO 2025-09-04 05:25:33,752 basehttp 5061 6166523904 "GET /api/v1/product-requests/orders/ HTTP/1.1" 200 2500
INFO 2025-09-04 05:25:53,945 basehttp 5061 6166523904 "GET /api/v1/product-requests/orders/ HTTP/1.1" 200 2500
INFO 2025-09-04 05:26:13,730 basehttp 5061 6166523904 "GET /api/v1/product-requests/orders/ HTTP/1.1" 200 2500
INFO 2025-09-04 05:26:33,993 basehttp 5061 6166523904 "GET /api/v1/product-requests/orders/ HTTP/1.1" 200 2500
INFO 2025-09-04 05:26:53,801 basehttp 5061 6166523904 "GET /api/v1/product-requests/orders/ HTTP/1.1" 200 2500
INFO 2025-09-04 05:27:13,806 basehttp 5061 6166523904 "GET /api/v1/product-requests/orders/ HTTP/1.1" 200 2500
INFO 2025-09-04 05:27:33,649 basehttp 5061 6166523904 "GET /api/v1/product-requests/orders/ HTTP/1.1" 200 2500
INFO 2025-09-04 05:27:53,679 basehttp 5061 6166523904 "GET /api/v1/product-requests/orders/ HTTP/1.1" 200 2500
INFO 2025-09-04 05:28:13,803 basehttp 5061 6166523904 "GET /api/v1/product-requests/orders/ HTTP/1.1" 200 2500
INFO 2025-09-04 05:28:33,745 basehttp 5061 6166523904 "GET /api/v1/product-requests/orders/ HTTP/1.1" 200 2500
INFO 2025-09-04 05:28:53,886 basehttp 5061 6166523904 "GET /api/v1/product-requests/orders/ HTTP/1.1" 200 2500
INFO 2025-09-04 05:29:13,641 basehttp 5061 6166523904 "GET /api/v1/product-requests/orders/ HTTP/1.1" 200 2500
INFO 2025-09-04 05:29:33,889 basehttp 5061 6166523904 "GET /api/v1/product-requests/orders/ HTTP/1.1" 200 2500
INFO 2025-09-04 05:29:53,899 basehttp 5061 6166523904 "GET /api/v1/product-requests/orders/ HTTP/1.1" 200 2500
INFO 2025-09-04 05:30:13,634 basehttp 5061 6166523904 "GET /api/v1/product-requests/orders/ HTTP/1.1" 200 2500
INFO 2025-09-04 05:30:33,724 basehttp 5061 6166523904 "GET /api/v1/product-requests/orders/ HTTP/1.1" 200 2500
INFO 2025-09-04 05:30:53,853 basehttp 5061 6166523904 "GET /api/v1/product-requests/orders/ HTTP/1.1" 200 2500
INFO 2025-09-04 05:31:13,848 basehttp 5061 6166523904 "GET /api/v1/product-requests/orders/ HTTP/1.1" 200 2500
INFO 2025-09-04 05:31:33,829 basehttp 5061 6166523904 "GET /api/v1/product-requests/orders/ HTTP/1.1" 200 2500
INFO 2025-09-04 05:31:53,887 basehttp 5061 6166523904 "GET /api/v1/product-requests/orders/ HTTP/1.1" 200 2500
INFO 2025-09-04 05:32:13,895 basehttp 5061 6166523904 "GET /api/v1/product-requests/orders/ HTTP/1.1" 200 2500
INFO 2025-09-04 05:32:33,667 basehttp 5061 6166523904 "GET /api/v1/product-requests/orders/ HTTP/1.1" 200 2500
INFO 2025-09-04 05:32:53,924 basehttp 5061 6166523904 "GET /api/v1/product-requests/orders/ HTTP/1.1" 200 2500
INFO 2025-09-04 05:33:13,752 basehttp 5061 6166523904 "GET /api/v1/product-requests/orders/ HTTP/1.1" 200 2500
INFO 2025-09-04 05:33:33,731 basehttp 5061 6166523904 "GET /api/v1/product-requests/orders/ HTTP/1.1" 200 2500
INFO 2025-09-04 05:33:53,793 basehttp 5061 6166523904 "GET /api/v1/product-requests/orders/ HTTP/1.1" 200 2500
INFO 2025-09-04 05:34:13,709 basehttp 5061 6166523904 "GET /api/v1/product-requests/orders/ HTTP/1.1" 200 2500
INFO 2025-09-04 05:34:33,705 basehttp 5061 6166523904 "GET /api/v1/product-requests/orders/ HTTP/1.1" 200 2500
INFO 2025-09-04 05:34:53,813 basehttp 5061 6166523904 "GET /api/v1/product-requests/orders/ HTTP/1.1" 200 2500
INFO 2025-09-04 05:35:13,878 basehttp 5061 6166523904 "GET /api/v1/product-requests/orders/ HTTP/1.1" 200 2500
INFO 2025-09-04 05:35:33,950 basehttp 5061 6166523904 "GET /api/v1/product-requests/orders/ HTTP/1.1" 200 2500
INFO 2025-09-04 05:35:53,874 basehttp 5061 6166523904 "GET /api/v1/product-requests/orders/ HTTP/1.1" 200 2500
INFO 2025-09-04 05:36:13,735 basehttp 5061 6166523904 "GET /api/v1/product-requests/orders/ HTTP/1.1" 200 2500
INFO 2025-09-04 05:36:33,781 basehttp 5061 6166523904 "GET /api/v1/product-requests/orders/ HTTP/1.1" 200 2500
INFO 2025-09-04 05:36:53,800 basehttp 5061 6166523904 "GET /api/v1/product-requests/orders/ HTTP/1.1" 200 2500
INFO 2025-09-04 05:37:13,759 basehttp 5061 6166523904 "GET /api/v1/product-requests/orders/ HTTP/1.1" 200 2500
INFO 2025-09-04 05:37:33,512 basehttp 5061 6166523904 "GET /api/v1/product-requests/orders/ HTTP/1.1" 200 2500
INFO 2025-09-04 05:37:53,722 basehttp 5061 6166523904 "GET /api/v1/product-requests/orders/ HTTP/1.1" 200 2500
INFO 2025-09-04 05:38:13,570 basehttp 5061 6166523904 "GET /api/v1/product-requests/orders/ HTTP/1.1" 200 2500
INFO 2025-09-04 05:38:33,925 basehttp 5061 6166523904 "GET /api/v1/product-requests/orders/ HTTP/1.1" 200 2500
INFO 2025-09-04 05:38:53,569 basehttp 5061 6166523904 "GET /api/v1/product-requests/orders/ HTTP/1.1" 200 2500
INFO 2025-09-04 05:39:13,579 basehttp 5061 6166523904 "GET /api/v1/product-requests/orders/ HTTP/1.1" 200 2500
INFO 2025-09-04 05:39:33,782 basehttp 5061 6166523904 "GET /api/v1/product-requests/orders/ HTTP/1.1" 200 2500
INFO 2025-09-04 05:39:53,692 basehttp 5061 6166523904 "GET /api/v1/product-requests/orders/ HTTP/1.1" 200 2500
INFO 2025-09-04 05:40:13,562 basehttp 5061 6166523904 "GET /api/v1/product-requests/orders/ HTTP/1.1" 200 2500
INFO 2025-09-04 05:40:33,792 basehttp 5061 6166523904 "GET /api/v1/product-requests/orders/ HTTP/1.1" 200 2500
INFO 2025-09-04 05:40:53,632 basehttp 5061 6166523904 "GET /api/v1/product-requests/orders/ HTTP/1.1" 200 2500
INFO 2025-09-04 05:41:13,735 basehttp 5061 6166523904 "GET /api/v1/product-requests/orders/ HTTP/1.1" 200 2500
INFO 2025-09-04 05:41:33,619 basehttp 5061 6166523904 "GET /api/v1/product-requests/orders/ HTTP/1.1" 200 2500
INFO 2025-09-04 05:41:53,585 basehttp 5061 6166523904 "GET /api/v1/product-requests/orders/ HTTP/1.1" 200 2500
INFO 2025-09-04 05:42:13,680 basehttp 5061 6166523904 "GET /api/v1/product-requests/orders/ HTTP/1.1" 200 2500
INFO 2025-09-04 05:42:33,825 basehttp 5061 6166523904 "GET /api/v1/product-requests/orders/ HTTP/1.1" 200 2500
INFO 2025-09-04 05:42:53,669 basehttp 5061 6166523904 "GET /api/v1/product-requests/orders/ HTTP/1.1" 200 2500
INFO 2025-09-04 05:43:13,737 basehttp 5061 6166523904 "GET /api/v1/product-requests/orders/ HTTP/1.1" 200 2500
INFO 2025-09-04 05:43:33,673 basehttp 5061 6166523904 "GET /api/v1/product-requests/orders/ HTTP/1.1" 200 2500
INFO 2025-09-04 05:43:53,692 basehttp 5061 6166523904 "GET /api/v1/product-requests/orders/ HTTP/1.1" 200 2500
INFO 2025-09-04 05:44:13,759 basehttp 5061 6166523904 "GET /api/v1/product-requests/orders/ HTTP/1.1" 200 2500
INFO 2025-09-04 05:44:33,517 basehttp 5061 6166523904 "GET /api/v1/product-requests/orders/ HTTP/1.1" 200 2500
INFO 2025-09-04 05:44:53,569 basehttp 5061 6166523904 "GET /api/v1/product-requests/orders/ HTTP/1.1" 200 2500
INFO 2025-09-04 05:45:13,596 basehttp 5061 6166523904 "GET /api/v1/product-requests/orders/ HTTP/1.1" 200 2500
INFO 2025-09-04 05:45:33,784 basehttp 5061 6166523904 "GET /api/v1/product-requests/orders/ HTTP/1.1" 200 2500
INFO 2025-09-04 05:45:53,563 basehttp 5061 6166523904 "GET /api/v1/product-requests/orders/ HTTP/1.1" 200 2500
INFO 2025-09-04 05:46:13,551 basehttp 5061 6166523904 "GET /api/v1/product-requests/orders/ HTTP/1.1" 200 2500
INFO 2025-09-04 05:46:33,791 basehttp 5061 6166523904 "GET /api/v1/product-requests/orders/ HTTP/1.1" 200 2500
INFO 2025-09-04 05:46:53,715 basehttp 5061 6166523904 "GET /api/v1/product-requests/orders/ HTTP/1.1" 200 2500
INFO 2025-09-04 05:47:13,543 basehttp 5061 6166523904 "GET /api/v1/product-requests/orders/ HTTP/1.1" 200 2500
INFO 2025-09-04 05:47:33,781 basehttp 5061 6166523904 "GET /api/v1/product-requests/orders/ HTTP/1.1" 200 2500
INFO 2025-09-04 05:47:53,917 basehttp 5061 6166523904 "GET /api/v1/product-requests/orders/ HTTP/1.1" 200 2500
INFO 2025-09-04 05:48:13,913 basehttp 5061 6166523904 "GET /api/v1/product-requests/orders/ HTTP/1.1" 200 2500
INFO 2025-09-04 05:48:34,149 basehttp 5061 6166523904 "GET /api/v1/product-requests/orders/ HTTP/1.1" 200 2500
INFO 2025-09-04 09:47:05,869 basehttp 5061 6166523904 "GET /admin/quotes/quote/ HTTP/1.1" 200 34413
INFO 2025-09-04 10:30:55,419 basehttp 5061 6166523904 "GET /admin/ HTTP/1.1" 200 36095
INFO 2025-09-04 15:49:18,804 basehttp 5061 6166523904 "GET /admin/quotes/quote/ HTTP/1.1" 200 34413
INFO 2025-09-04 15:49:18,842 basehttp 5061 13186969600 "GET /static/admin/css/dark_mode.css HTTP/1.1" 304 0
INFO 2025-09-04 15:49:18,843 basehttp 5061 13220622336 "GET /static/admin/css/nav_sidebar.css HTTP/1.1" 304 0
INFO 2025-09-04 15:49:18,843 basehttp 5061 13170143232 "GET /static/admin/css/base.css HTTP/1.1" 304 0
INFO 2025-09-04 15:49:18,843 basehttp 5061 13203795968 "GET /static/admin/js/theme.js HTTP/1.1" 304 0
INFO 2025-09-04 15:49:18,846 basehttp 5061 13237448704 "GET /static/admin/js/vendor/jquery/jquery.js HTTP/1.1" 304 0
INFO 2025-09-04 15:49:18,848 basehttp 5061 13186969600 "GET /static/admin/css/changelists.css HTTP/1.1" 304 0
INFO 2025-09-04 15:49:18,848 basehttp 5061 13170143232 "GET /static/admin/css/responsive.css HTTP/1.1" 304 0
INFO 2025-09-04 15:49:18,849 basehttp 5061 13220622336 "GET /static/admin/js/jquery.init.js HTTP/1.1" 304 0
INFO 2025-09-04 15:49:18,850 basehttp 5061 13203795968 "GET /static/admin/js/core.js HTTP/1.1" 304 0
INFO 2025-09-04 15:49:18,853 basehttp 5061 13237448704 "GET /static/admin/js/admin/RelatedObjectLookups.js HTTP/1.1" 304 0
INFO 2025-09-04 15:49:18,853 basehttp 5061 13186969600 "GET /static/admin/js/actions.js HTTP/1.1" 304 0
INFO 2025-09-04 15:49:18,854 basehttp 5061 13220622336 "GET /static/admin/js/prepopulate.js HTTP/1.1" 304 0
INFO 2025-09-04 15:49:18,854 basehttp 5061 13170143232 "GET /static/admin/js/urlify.js HTTP/1.1" 304 0
INFO 2025-09-04 15:49:18,856 basehttp 5061 13203795968 "GET /static/admin/js/vendor/xregexp/xregexp.js HTTP/1.1" 304 0
INFO 2025-09-04 15:49:18,856 basehttp 5061 13170143232 "GET /static/admin/img/search.svg HTTP/1.1" 304 0
INFO 2025-09-04 15:49:18,858 basehttp 5061 6166523904 "GET /admin/jsi18n/ HTTP/1.1" 200 3342
INFO 2025-09-04 15:49:18,858 basehttp 5061 13170143232 "GET /static/admin/js/nav_sidebar.js HTTP/1.1" 304 0
INFO 2025-09-04 15:49:18,860 basehttp 5061 13170143232 "GET /static/admin/js/filters.js HTTP/1.1" 304 0
INFO 2025-09-04 15:49:18,889 basehttp 5061 13170143232 "GET /static/admin/img/icon-addlink.svg HTTP/1.1" 304 0
INFO 2025-09-04 15:49:18,890 basehttp 5061 6166523904 "GET /static/admin/img/tooltag-add.svg HTTP/1.1" 304 0
INFO 2025-09-04 15:49:18,890 basehttp 5061 13220622336 "GET /static/admin/img/icon-viewlink.svg HTTP/1.1" 304 0
INFO 2025-09-04 15:49:18,891 basehttp 5061 13203795968 "GET /static/admin/img/sorting-icons.svg HTTP/1.1" 304 0
INFO 2025-09-04 15:49:20,875 basehttp 5061 13203795968 "GET /admin/quotes/quote/ HTTP/1.1" 200 34413
INFO 2025-09-04 15:49:20,888 basehttp 5061 13203795968 "GET /admin/jsi18n/ HTTP/1.1" 200 3342
INFO 2025-09-05 10:10:44,608 autoreload 69859 8517256640 Watching for file changes with StatReloader
